actor_nome,film_vector_id
Sam Worthington,19995
Zoe Saldana,19995
Sigourney Weaver,19995
Stephen Lang,19995
Michelle Rodriguez,19995
Johnny Depp,285
Orlando Bloom,285
Keira Knightley,285
Stellan Skarsgård,285
Chow Yun-fat,285
Daniel Craig,206647
Christoph Waltz,206647
Léa Seydoux,206647
Ralph Fiennes,206647
Monica Bellucci,206647
Christian Bale,49026
Michael Caine,49026
Gary Oldman,49026
Anne Hathaway,49026
Tom Hardy,49026
Taylor Kitsch,49529
Lynn Collins,49529
Samantha Morton,49529
Willem Dafoe,49529
Thomas Haden Church,49529
Tobey Maguire,559
Kirsten Dunst,559
James Franco,559
Thomas Haden Church,559
Topher Grace,559
Zachary Levi,38757
Mandy Moore,38757
Donna Murphy,38757
Ron Perlman,38757
M.C. Gainey,38757
Robert Downey Jr.,99861
Chris Hemsworth,99861
Mark Ruffalo,99861
Chris Evans,99861
Scarlett Johansson,99861
Daniel Radcliffe,767
Rupert Grint,767
Emma Watson,767
Tom Felton,767
Michael Gambon,767
Ben Affleck,209112
Henry Cavill,209112
Gal Gadot,209112
Amy Adams,209112
Jesse Eisenberg,209112
Brandon Routh,1452
Kevin Spacey,1452
Kate Bosworth,1452
James Marsden,1452
Parker Posey,1452
Daniel Craig,10764
Olga Kurylenko,10764
Mathieu Amalric,10764
Judi Dench,10764
Giancarlo Giannini,10764
Johnny Depp,58
Orlando Bloom,58
Keira Knightley,58
Stellan Skarsgård,58
Bill Nighy,58
Johnny Depp,57201
Armie Hammer,57201
William Fichtner,57201
Helena Bonham Carter,57201
James Badge Dale,57201
Henry Cavill,49521
Amy Adams,49521
Michael Shannon,49521
Kevin Costner,49521
Diane Lane,49521
Ben Barnes,2454
William Moseley,2454
Anna Popplewell,2454
Skandar Keynes,2454
Georgie Henley,2454
Robert Downey Jr.,24428
Chris Hemsworth,24428
Mark Ruffalo,24428
Chris Evans,24428
Scarlett Johansson,24428
Johnny Depp,1865
Penélope Cruz,1865
Ian McShane,1865
Kevin McNally,1865
Geoffrey Rush,1865
Will Smith,41154
Tommy Lee Jones,41154
Josh Brolin,41154
Michael Stuhlbarg,41154
Emma Thompson,41154
Martin Freeman,122917
Ian McKellen,122917
Richard Armitage,122917
Ken Stott,122917
Graham McTavish,122917
Andrew Garfield,1930
Emma Stone,1930
Rhys Ifans,1930
Denis Leary,1930
Campbell Scott,1930
Russell Crowe,20662
Cate Blanchett,20662
Max von Sydow,20662
William Hurt,20662
Mark Strong,20662
Martin Freeman,57158
Ian McKellen,57158
Richard Armitage,57158
Ken Stott,57158
Graham McTavish,57158
Daniel Craig,2268
Dakota Blue Richards,2268
Nicole Kidman,2268
Sam Elliott,2268
Eva Green,2268
Naomi Watts,254
Jack Black,254
Adrien Brody,254
Thomas Kretschmann,254
Colin Hanks,254
Kate Winslet,597
Leonardo DiCaprio,597
Frances Fisher,597
Billy Zane,597
Kathy Bates,597
Robert Downey Jr.,271110
Chris Evans,271110
Scarlett Johansson,271110
Sebastian Stan,271110
Anthony Mackie,271110
Taylor Kitsch,44833
Alexander Skarsgård,44833
Rihanna,44833
Brooklyn Decker,44833
Tadanobu Asano,44833
Chris Pratt,135397
Bryce Dallas Howard,135397
Irrfan Khan,135397
Vincent D'Onofrio,135397
Nick Robinson,135397
Daniel Craig,37724
Judi Dench,37724
Javier Bardem,37724
Ralph Fiennes,37724
Naomie Harris,37724
Tobey Maguire,558
Kirsten Dunst,558
James Franco,558
Alfred Molina,558
Rosemary Harris,558
Robert Downey Jr.,68721
Gwyneth Paltrow,68721
Don Cheadle,68721
Guy Pearce,68721
Rebecca Hall,68721
Johnny Depp,12155
Mia Wasikowska,12155
Anne Hathaway,12155
Helena Bonham Carter,12155
Crispin Glover,12155
Ian McKellen,36668
Hugh Jackman,36668
Halle Berry,36668
Patrick Stewart,36668
Famke Janssen,36668
Billy Crystal,62211
John Goodman,62211
Steve Buscemi,62211
Helen Mirren,62211
Noah Johnston,62211
Shia LaBeouf,8373
Megan Fox,8373
Josh Duhamel,8373
Rainn Wilson,8373
Tyrese Gibson,8373
Mark Wahlberg,91314
Stanley Tucci,91314
Kelsey Grammer,91314
Nicola Peltz,91314
Jack Reynor,91314
James Franco,68728
Mila Kunis,68728
Rachel Weisz,68728
Michelle Williams,68728
Zach Braff,68728
Andrew Garfield,102382
Emma Stone,102382
Jamie Foxx,102382
Campbell Scott,102382
Dane DeHaan,102382
Garrett Hedlund,20526
Jeff Bridges,20526
Olivia Wilde,20526
Bruce Boxleitner,20526
Yaya DaCosta,20526
Michael Caine,49013
Owen Wilson,49013
Larry the Cable Guy,49013
Emily Mortimer,49013
John Turturro,49013
Ryan Reynolds,44912
Blake Lively,44912
Peter Sarsgaard,44912
Mark Strong,44912
Tim Robbins,44912
Tom Hanks,10193
Tim Allen,10193
Ned Beatty,10193
Joan Cusack,10193
Michael Keaton,10193
Sam Worthington,534
Christian Bale,534
Bryce Dallas Howard,534
Anton Yelchin,534
Moon Bloodgood,534
Vin Diesel,168259
Paul Walker,168259
Dwayne Johnson,168259
Michelle Rodriguez,168259
Tyrese Gibson,168259
Brad Pitt,72190
Mireille Enos,72190
Abigail Hargrove,72190
James Badge Dale,72190
Sterling Jerins,72190
Hugh Jackman,127585
Halle Berry,127585
James McAvoy,127585
Michael Fassbender,127585
Jennifer Lawrence,127585
Zoe Saldana,54138
Chris Pine,54138
Zachary Quinto,54138
Karl Urban,54138
Simon Pegg,54138
Ian McShane,81005
Stanley Tucci,81005
Nicholas Hoult,81005
Eleanor Tomlinson,81005
Ewan McGregor,81005
Tobey Maguire,64682
Leonardo DiCaprio,64682
Carey Mulligan,64682
Joel Edgerton,64682
Elizabeth Debicki,64682
Alfred Molina,9543
Jake Gyllenhaal,9543
Gemma Arterton,9543
Ben Kingsley,9543
Steve Toussaint,9543
Ron Perlman,68726
Idris Elba,68726
Charlie Hunnam,68726
Charlie Day,68726
Burn Gorman,68726
Shia LaBeouf,38356
Josh Duhamel,38356
John Malkovich,38356
Ken Jeong,38356
Frances McDormand,38356
Cate Blanchett,217
Shia LaBeouf,217
Harrison Ford,217
Ray Winstone,217
Karen Allen,217
Frances McDormand,105864
Raymond Ochoa,105864
Jack Bright,105864
Jeffrey Wright,105864
Maleah Nipay-Padilla,105864
Emma Thompson,62177
Kelly Macdonald,62177
Julie Walters,62177
Billy Connolly,62177
Kevin McKidd,62177
Zoe Saldana,188927
Chris Pine,188927
Zachary Quinto,188927
Karl Urban,188927
Simon Pegg,188927
Ben Burtt,10681
Elissa Knight,10681
Jeff Garlin,10681
Fred Willard,10681
John Ratzenberger,10681
Max von Sydow,5174
Chris Tucker,5174
Jackie Chan,5174
Hiroyuki Sanada,5174
Yvan Attal,5174
John Cusack,14161
Amanda Peet,14161
Chiwetel Ejiofor,14161
Thandie Newton,14161
Oliver Platt,14161
Gary Oldman,17979
Jim Carrey,17979
Steve Valentine,17979
Daryl Sabara,17979
Sage Ryan,17979
Mila Kunis,76757
Channing Tatum,76757
Sean Bean,76757
Eddie Redmayne,76757
Douglas Booth,76757
Christoph Waltz,258489
Alexander Skarsgård,258489
Margot Robbie,258489
Samuel L. Jackson,258489
Djimon Hounsou,258489
William Moseley,411
Anna Popplewell,411
Skandar Keynes,411
Georgie Henley,411
Liam Neeson,411
James McAvoy,246655
Michael Fassbender,246655
Nicholas Hoult,246655
Jennifer Lawrence,246655
Oscar Isaac,246655
Christian Bale,155
Michael Caine,155
Heath Ledger,155
Aaron Eckhart,155
Maggie Gyllenhaal,155
Ed Asner,14160
Christopher Plummer,14160
Jordan Nagai,14160
Bob Peterson,14160
Delroy Lindo,14160
Seth Rogen,15512
Reese Witherspoon,15512
Hugh Laurie,15512
Paul Rudd,15512
Kiefer Sutherland,15512
Robert Downey Jr.,1726
Gwyneth Paltrow,1726
Jeff Bridges,1726
Terrence Howard,1726
Shaun Toub,1726
Ben Kingsley,44826
Ray Winstone,44826
Sacha Baron Cohen,44826
Asa Butterfield,44826
Chloë Grace Moretz,44826
Will Smith,8487
Kevin Kline,8487
Kenneth Branagh,8487
Salma Hayek,8487
M. Emmet Walsh,8487
Brendan Fraser,1735
Jet Li,1735
John Hannah,1735
Maria Bello,1735
Luke Ford,1735
Will Smith,297761
Margot Robbie,297761
Joel Kinnaman,297761
Viola Davis,297761
Jared Leto,297761
John Goodman,2698
Steve Carell,2698
Lauren Graham,2698
Jimmy Bennett,2698
John Michael Higgins,2698
Tom Cruise,137113
Emily Blunt,137113
Brendan Gleeson,137113
Bill Paxton,137113
Jonas Armstrong,137113
Kevin Costner,9804
Chaim Girafi,9804
Rick Aviles,9804
R. D. Call,9804
Zitto Kazann,9804
Channing Tatum,14869
Dennis Quaid,14869
Marlon Wayans,14869
Sienna Miller,14869
Joseph Gordon-Levitt,14869
Amy Poehler,150540
Phyllis Smith,150540
Richard Kind,150540
Bill Hader,150540
Lewis Black,150540
Scarlett Johansson,278927
Ben Kingsley,278927
Idris Elba,278927
Neel Sethi,278927
Bill Murray,278927
Robert Downey Jr.,10138
Scarlett Johansson,10138
Gwyneth Paltrow,10138
Don Cheadle,10138
Mickey Rourke,10138
Chris Hemsworth,58595
Ian McShane,58595
Kristen Stewart,58595
Charlize Theron,58595
Sam Claflin,58595
Angelina Jolie,102651
Elle Fanning,102651
Sharlto Copley,102651
Sam Riley,102651
Juno Temple,102651
Gary Oldman,119450
Andy Serkis,119450
Jason Clarke,119450
Keri Russell,119450
Toby Kebbell,119450
Josh Hartnett,79698
Simone Kessell,79698
Tamsin Egerton,79698
Alice Englert,79698
Bipasha Basu,79698
Tadanobu Asano,64686
Hiroyuki Sanada,64686
Keanu Reeves,64686
Kou Shibasaki,64686
Min Tanaka,64686
Chris Evans,100402
Scarlett Johansson,100402
Sebastian Stan,100402
Samuel L. Jackson,100402
Robert Redford,100402
Mike Myers,10192
Eddie Murphy,10192
Cameron Diaz,10192
Antonio Banderas,10192
Julie Andrews,10192
Hugh Laurie,158852
Britt Robertson,158852
George Clooney,158852
Raffey Cassidy,158852
Thomas Robinson,158852
Scott Adsit,177572
Ryan Potter,177572
Daniel Henney,177572
T.J. Miller,177572
Jamie Chung,177572
John C. Reilly,82690
Sarah Silverman,82690
Jack McBrayer,82690
Jane Lynch,82690
Alan Tudyk,82690
Tom Hanks,5255
Michael Jeter,5255
Nona Gaye,5255
Peter Scolari,5255
Eddie Deezen,5255
Liam Hemsworth,47933
Jeff Goldblum,47933
Bill Pullman,47933
Maika Monroe,47933
Sela Ward,47933
Jay Baruchel,10191
Gerard Butler,10191
Craig Ferguson,10191
America Ferrera,10191
Jonah Hill,10191
Arnold Schwarzenegger,296
Nick Stahl,296
Claire Danes,296
Kristanna Loken,296
David Andrews,296
Zoe Saldana,118340
Chris Pratt,118340
Vin Diesel,118340
Dave Bautista,118340
Bradley Cooper,118340
Michael Caine,157336
Anne Hathaway,157336
Matthew McConaughey,157336
Jessica Chastain,157336
Casey Affleck,157336
Leonardo DiCaprio,27205
Tom Hardy,27205
Joseph Gordon-Levitt,27205
Ellen Page,27205
Ken Watanabe,27205
Hiroki Hasegawa,315011
Yutaka Takenouchi,315011
Satomi Ishihara,315011
Kengo Kora,315011
Matsuo Satoru,315011
Martin Freeman,49051
Ian McKellen,49051
Richard Armitage,49051
Cate Blanchett,49051
Andy Serkis,49051
Vin Diesel,9799
Paul Walker,9799
Michelle Rodriguez,9799
Jordana Brewster,9799
Rick Yune,9799
Cate Blanchett,4922
Brad Pitt,4922
Elle Fanning,4922
Tilda Swinton,4922
Julia Ormond,4922
James McAvoy,49538
Michael Fassbender,49538
Jennifer Lawrence,49538
Kevin Bacon,49538
Rose Byrne,49538
Jennifer Lawrence,131634
Liam Hemsworth,131634
Josh Hutcherson,131634
Woody Harrelson,131634
Elizabeth Banks,131634
Monica Bellucci,27022
Alfred Molina,27022
Jay Baruchel,27022
Nicolas Cage,27022
Teresa Palmer,27022
Kurt Russell,503
Richard Dreyfuss,503
Josh Lucas,503
Jacinda Barrett,503
Emmy Rossum,503
Johnny Depp,241259
Mia Wasikowska,241259
Anne Hathaway,241259
Helena Bonham Carter,241259
Alan Rickman,241259
Mike Myers,810
Eddie Murphy,810
Cameron Diaz,810
Antonio Banderas,810
Julie Andrews,810
Paula Patton,68735
Travis Fimmel,68735
Ben Foster,68735
Robert Kazinsky,68735
Dominic Cooper,68735
Jason Clarke,87101
Arnold Schwarzenegger,87101
Emilia Clarke,87101
Jai Courtney,87101
J.K. Simmons,87101
Skandar Keynes,10140
Georgie Henley,10140
Simon Pegg,10140
Gary Sweet,10140
Arthur Angel,10140
Ben Affleck,676
Josh Hartnett,676
Kate Beckinsale,676
Cuba Gooding Jr.,676
Jon Voight,676
Shia LaBeouf,1858
Megan Fox,1858
Josh Duhamel,1858
Tyrese Gibson,1858
Rachael Taylor,1858
Jared Leto,1966
Angelina Jolie,1966
Colin Farrell,1966
Val Kilmer,1966
Jonathan Rhys Meyers,1966
Daniel Radcliffe,675
Rupert Grint,675
Emma Watson,675
Ralph Fiennes,675
Michael Gambon,675
Daniel Radcliffe,674
Rupert Grint,674
Emma Watson,674
Ralph Fiennes,674
Michael Gambon,674
Will Smith,8960
Charlize Theron,8960
Jason Bateman,8960
Jae Head,8960
Eddie Marsan,8960
Will Smith,6479
Alice Braga,6479
Charlie Tahan,6479
Salli Richardson-Whitfield,6479
Willow Smith,6479
Johnny Depp,118
Freddie Highmore,118
David Kelly,118
AnnaSophia Robb,118
Julia Winter,118
Patton Oswalt,2062
Ian Holm,2062
Lou Romano,2062
Brian Dennehy,2062
Peter Sohn,2062
Christian Bale,272
Michael Caine,272
Gary Oldman,272
Liam Neeson,272
Katie Holmes,272
Ben Stiller,10527
Jada Pinkett Smith,10527
David Schwimmer,10527
Chris Rock,10527
Cedric the Entertainer,10527
Amy Adams,18360
Owen Wilson,18360
Ben Stiller,18360
Hank Azaria,18360
Robin Williams,18360
Lynn Collins,2080
Hugh Jackman,2080
Ryan Reynolds,2080
Liev Schreiber,2080
Danny Huston,2080
Keanu Reeves,605
Laurence Fishburne,605
Carrie-Anne Moss,605
Hugo Weaving,605
Mary Alice,605
Kristen Bell,109445
Idina Menzel,109445
Jonathan Groff,109445
Josh Gad,109445
Santino Fontana,109445
Keanu Reeves,604
Laurence Fishburne,604
Carrie-Anne Moss,604
Hugo Weaving,604
Helmut Bakaitis,604
Chris Hemsworth,76338
Natalie Portman,76338
Tom Hiddleston,76338
Anthony Hopkins,76338
Christopher Eccleston,76338
Nicholas Hoult,76341
Tom Hardy,76341
Charlize Theron,76341
Hugh Keays-Byrne,76341
Josh Helman,76341
Tom Hanks,13448
Ewan McGregor,13448
Stellan Skarsgård,13448
Ayelet Zurer,13448
Pierfrancesco Favino,13448
Chris Hemsworth,10195
Stellan Skarsgård,10195
Natalie Portman,10195
Tom Hiddleston,10195
Anthony Hopkins,10195
John Travolta,13053
Miley Cyrus,13053
Susie Essman,13053
Mark Walton,13053
Malcolm McDowell,13053
Penélope Cruz,19585
Steve Buscemi,19585
Sam Rockwell,19585
Tracy Morgan,19585
Jon Favreau,19585
Sam Worthington,57165
Ralph Fiennes,57165
Liam Neeson,57165
Toby Kebbell,57165
Edgar Ramírez,57165
Johnny Depp,62213
Helena Bonham Carter,62213
Michelle Pfeiffer,62213
Jackie Earle Haley,62213
Jonny Lee Miller,62213
Simon Pegg,177677
Tom Cruise,177677
Rebecca Ferguson,177677
Jeremy Renner,177677
Ving Rhames,177677
Emily Blunt,7978
Hugo Weaving,7978
Anthony Hopkins,7978
Benicio del Toro,7978
Cristina Contes,7978
Jerry Seinfeld,5559
Renée Zellweger,5559
Jim Cummings,5559
Matthew Broderick,5559
Patrick Warburton,5559
Gary Oldman,49444
Jack Black,49444
Jackie Chan,49444
Angelina Jolie,49444
Dustin Hoffman,49444
Nicola Peltz,10196
Shaun Toub,10196
Noah Ringer,10196
Jackson Rathbone,10196
Dev Patel,10196
Tom Cruise,956
Jonathan Rhys Meyers,956
Ving Rhames,956
Philip Seymour Hoffman,956
Billy Crudup,956
Jamie Foxx,117251
Channing Tatum,117251
Maggie Gyllenhaal,117251
Joey King,117251
Richard Jenkins,117251
Joan Cusack,50321
Seth Green,50321
Dan Fogler,50321
Breckin Meyer,50321
Elisabeth Harnois,50321
Ian McKellen,11619
Kate Winslet,11619
Hugh Jackman,11619
Bill Nighy,11619
Jean Reno,11619
Hugh Jackman,266647
Garrett Hedlund,266647
Levi Miller,266647
Rooney Mara,266647
Amanda Seyfried,266647
Ty Burrell,82703
Max Charles,82703
Ariel Winter,82703
Allison Janney,82703
Ellie Kemper,82703
Orlando Bloom,652
Brad Pitt,652
Sean Bean,652
Eric Bana,652
Brian Cox,652
Frances McDormand,80321
Sacha Baron Cohen,80321
Ben Stiller,80321
David Schwimmer,80321
Chris Rock,80321
Halle Berry,36669
Rick Yune,36669
Pierce Brosnan,36669
Rosamund Pike,36669
Toby Stephens,36669
Chris Hemsworth,43074
Melissa McCarthy,43074
Kristen Wiig,43074
Kate McKinnon,43074
Leslie Jones,43074
Ben Affleck,95
Bruce Willis,95
Billy Bob Thornton,95
Liv Tyler,95
Will Patton,95
Will Smith,608
Tommy Lee Jones,608
Rip Torn,608
Lara Flynn Boyle,608
Johnny Knoxville,608
John Malkovich,2310
Ray Winstone,2310
Angelina Jolie,2310
Anthony Hopkins,2310
Robin Wright,2310
Jack Black,140300
Angelina Jolie,140300
J.K. Simmons,140300
Dustin Hoffman,140300
Bryan Cranston,140300
Simon Pegg,56292
Tom Cruise,56292
Paula Patton,56292
Jeremy Renner,56292
Anil Kapoor,56292
Hugh Jackman,81188
Chris Pine,81188
Alec Baldwin,81188
Jude Law,81188
Isla Fisher,81188
Jim Carrey,7552
Richard Jenkins,7552
Alec Baldwin,7552
Téa Leoni,7552
Angie Harmon,7552
Billy Connolly,616
Tom Cruise,616
Ken Watanabe,616
William Atherton,616
Chad Lindberg,616
Christian Bale,147441
John Turturro,147441
Joel Edgerton,147441
Aaron Paul,147441
Ben Mendelsohn,147441
Chris Pine,13475
Zachary Quinto,13475
Eric Bana,13475
Leonard Nimoy,13475
Bruce Greenwood,13475
Tobey Maguire,557
Kirsten Dunst,557
James Franco,557
Willem Dafoe,557
Cliff Robertson,557
Cate Blanchett,82702
Jay Baruchel,82702
Gerard Butler,82702
Jonah Hill,82702
Kristen Wiig,82702
Gerard Butler,205584
Brenton Thwaites,205584
Nikolaj Coster-Waldau,205584
Courtney Eaton,205584
Elodie Yung,205584
Jamie Foxx,10048
Josh Lucas,10048
Jessica Biel,10048
Sam Shepard,10048
Richard Roxburgh,10048
Billy Crudup,13183
Malin Åkerman,13183
Carla Gugino,13183
Jeffrey Dean Morgan,13183
Patrick Wilson,13183
Jet Li,944
Mel Gibson,944
Danny Glover,944
Joe Pesci,944
Rene Russo,944
Sam Elliott,1927
Josh Lucas,1927
Eric Bana,1927
Jennifer Connelly,1927
Nick Nolte,1927
Dwayne Johnson,72559
Bruce Willis,72559
D.J. Cotrona,72559
Adrianne Palicki,72559
Ray Park,72559
Penélope Cruz,7364
Matthew McConaughey,7364
Steve Zahn,7364
William H. Macy,7364
Lennie James,7364
Steve Buscemi,2114
Ving Rhames,2114
Alec Baldwin,2114
Donald Sutherland,2114
Ming-Na Wen,2114
Chris Evans,1771
Tommy Lee Jones,1771
Sebastian Stan,1771
Hugo Weaving,1771
Hayley Atwell,1771
Pierce Brosnan,36643
Sophie Marceau,36643
Robert Carlyle,36643
Denise Richards,36643
Robbie Coltrane,36643
Russell Crowe,8619
Paul Bettany,8619
James D'Arcy,8619
Billy Boyd,8619
Joseph Morgan,8619
Kristen Stewart,50620
Robert Pattinson,50620
Taylor Lautner,50620
Peter Facinelli,50620
Elizabeth Reaser,50620
Robin Williams,65759
Elijah Wood,65759
Pink,65759
E.G. Daily,65759
Johnny A. Sanchez,65759
William Hurt,1724
Liv Tyler,1724
Edward Norton,1724
Tim Roth,1724
Tim Blake Nelson,1724
Rebecca Hall,267935
Bill Hader,267935
Ruby Barnhill,267935
Mark Rylance,267935
Jemaine Clement,267935
Leonardo DiCaprio,281957
Tom Hardy,281957
Will Poulter,281957
Domhnall Gleeson,281957
Paul Anderson,281957
Ryan Reynolds,77950
Samuel L. Jackson,77950
Paul Giamatti,77950
Michael Peña,77950
Luis Guzmán,77950
Johnny Depp,44896
Ned Beatty,44896
Bill Nighy,44896
Alfred Molina,44896
Isla Fisher,44896
John Malkovich,270946
Tom McGrath,270946
Chris Miller,270946
Christopher Knights,270946
Conrad Vernon,270946
Matt Damon,2503
Julia Stiles,2503
David Strathairn,2503
Scott Glenn,2503
Paddy Considine,2503
Jack Black,9502
Jackie Chan,9502
Angelina Jolie,9502
Dustin Hoffman,9502
Lucy Liu,9502
Paul Rudd,102899
Michael Douglas,102899
Evangeline Lilly,102899
Corey Stoll,102899
Bobby Cannavale,102899
Jennifer Lawrence,101299
Liam Hemsworth,101299
Josh Hutcherson,101299
Woody Harrelson,101299
Elizabeth Banks,101299
Rihanna,228161
Jim Parsons,228161
Steve Martin,228161
Jennifer Lopez,228161
Matt Jones,228161
Tim Robbins,74
Tom Cruise,74
Dakota Fanning,74
Miranda Otto,74
Justin Chatwin,74
Will Smith,8961
Martin Lawrence,8961
Jordi Mollà,8961
Gabrielle Union,8961
Peter Stormare,8961
Salma Hayek,417859
Antonio Banderas,417859
Billy Bob Thornton,417859
Zach Galifianakis,417859
Amy Sedaris,417859
Chiwetel Ejiofor,27576
Angelina Jolie,27576
Liev Schreiber,27576
Daniel Olbrychski,27576
August Diehl,27576
Emma Watson,86834
Russell Crowe,86834
Anthony Hopkins,86834
Jennifer Connelly,86834
Logan Lerman,86834
Daniel Craig,17578
Simon Pegg,17578
Andy Serkis,17578
Jamie Bell,17578
Nick Frost,17578
Gary Oldman,673
Daniel Radcliffe,673
Rupert Grint,673
Emma Watson,673
David Thewlis,673
Nicole Kidman,6972
Hugh Jackman,6972
Essie Davis,6972
David Wenham,6972
Bryan Brown,6972
Will Smith,82700
Jaden Smith,82700
Sophie Okonedo,82700
Zoë Kravitz,82700
Glenn Morshower,82700
D. B. Sweeney,10567
Alfre Woodard,10567
Ossie Davis,10567
Max Casella,10567
Hayden Panettiere,10567
Owen Wilson,181533
Ben Stiller,181533
Robin Williams,181533
Rami Malek,181533
Rebel Wilson,181533
Brad Pitt,38055
Jonah Hill,38055
Will Ferrell,38055
Tina Fey,38055
David Cross,38055
Daniel Radcliffe,671
Rupert Grint,671
Emma Watson,671
Tom Felton,671
Richard Harris,671
Jeff Bridges,49524
Ryan Reynolds,49524
Kevin Bacon,49524
Stephanie Szostak,49524
Mary-Louise Parker,49524
Johnny Depp,22
Orlando Bloom,22
Keira Knightley,22
Geoffrey Rush,22
Jack Davenport,22
Jennifer Lawrence,131631
Liam Hemsworth,131631
Josh Hutcherson,131631
Woody Harrelson,131631
Donald Sutherland,131631
Ian McKellen,591
Tom Hanks,591
Jean Reno,591
Paul Bettany,591
Audrey Tautou,591
Anne Hathaway,172385
Jamie Foxx,172385
Jesse Eisenberg,172385
Leslie Mann,172385
Andy García,172385
Ian McKellen,36658
Hugh Jackman,36658
Halle Berry,36658
Patrick Stewart,36658
Famke Janssen,36658
Vin Diesel,51497
Paul Walker,51497
Tyrese Gibson,51497
Jordana Brewster,51497
Ludacris,51497
Robert Downey Jr.,58574
Jude Law,58574
Jared Harris,58574
Noomi Rapace,58574
Kelly Reilly,58574
Sam Worthington,18823
Ralph Fiennes,18823
Gemma Arterton,18823
Liam Neeson,18823
Jason Flemyng,18823
Arnold Schwarzenegger,861
Sharon Stone,861
Rachel Ticotin,861
Ronny Cox,861
Michael Ironside,861
Antonio Banderas,1911
Vladimir Kulich,1911
Dennis Storhøi,1911
Daniel Southern,1911
Clive Russell,1911
Rachel Weisz,49040
Jeremy Renner,49040
Edward Norton,49040
Scott Glenn,49040
Stacy Keach,49040
George Clooney,415
Arnold Schwarzenegger,415
Chris O'Donnell,415
Uma Thurman,415
Alicia Silverstone,415
Jim Carrey,8871
Taylor Momsen,8871
Jeffrey Tambor,8871
Christine Baranski,8871
Bill Irwin,8871
Jake Gyllenhaal,435
Dennis Quaid,435
Emmy Rossum,435
Dash Mihok,435
Jay O. Sanders,435
Thandie Newton,955
Tom Cruise,955
Ving Rhames,955
Richard Roxburgh,955
Dougray Scott,955
William Fichtner,2133
Mark Wahlberg,2133
Diane Lane,2133
George Clooney,2133
John C. Reilly,2133
Chris Evans,1979
Ioan Gruffudd,1979
Jessica Alba,1979
Michael Chiklis,1979
Julian McMahon,1979
Irrfan Khan,87827
Suraj Sharma,87827
Ayush Tandon,87827
Gautam Belur,87827
Adil Hussain,87827
Sam Elliott,1250
Nicolas Cage,1250
Eva Mendes,1250
Wes Bentley,1250
Donal Logue,1250
Tommy Lee Jones,324668
Matt Damon,324668
Julia Stiles,324668
Alicia Vikander,324668
Vincent Cassel,324668
Cameron Diaz,9471
Lucy Liu,9471
Drew Barrymore,9471
Bernie Mac,9471
Robert Patrick,9471
Michael Fassbender,70981
Guy Pearce,70981
Idris Elba,70981
Noomi Rapace,70981
Logan Marshall-Green,70981
Hugh Laurie,10996
Michael J. Fox,10996
Geena Davis,10996
Jonathan Lipnicki,10996
Anna Hoelck,10996
Sharlto Copley,68724
Alice Braga,68724
Matt Damon,68724
Jodie Foster,68724
Diego Luna,68724
Vin Diesel,2789
Karl Urban,2789
Thandie Newton,2789
Colm Feore,2789
Linus Roache,2789
Gary Oldman,97020
Michael Keaton,97020
Joel Kinnaman,97020
Jackie Earle Haley,97020
Abbie Cornish,97020
Emile Hirsch,7459
Christina Ricci,7459
Matthew Fox,7459
Susan Sarandon,7459
Scott Porter,7459
Owen Wilson,42888
Reese Witherspoon,42888
Paul Rudd,42888
Jack Nicholson,42888
Kathryn Hahn,42888
Peter Sarsgaard,37834
Viola Davis,37834
Tom Cruise,37834
Cameron Diaz,37834
Jordi Mollà,37834
Olga Kurylenko,75612
Tom Cruise,75612
Nikolaj Coster-Waldau,75612
Morgan Freeman,75612
Andrea Riseborough,75612
Ewan McGregor,1895
Samuel L. Jackson,1895
Natalie Portman,1895
Hayden Christensen,1895
Ian McDiarmid,1895
Ewan McGregor,1894
Samuel L. Jackson,1894
Natalie Portman,1894
Hayden Christensen,1894
Ian McDiarmid,1894
Billy Crystal,585
John Goodman,585
Steve Buscemi,585
Mary Gibbs,585
James Coburn,585
Hugh Jackman,76170
Famke Janssen,76170
Hiroyuki Sanada,76170
Will Yun Lee,76170
Tao Okamoto,76170
Ewan McGregor,1893
Liam Neeson,1893
Natalie Portman,1893
Ian McDiarmid,1893
Jake Lloyd,1893
Emma Stone,49519
Ryan Reynolds,49519
Nicolas Cage,49519
Catherine Keener,49519
Cloris Leachman,49519
Clovis Cornillac,2395
Gérard Depardieu,2395
Franck Dubosc,2395
José Garcia,2395
Stéphane Rousseau,2395
Mark Ruffalo,12100
Nicolas Cage,12100
Peter Stormare,12100
Adam Beach,12100
Noah Emmerich,12100
Chris Hemsworth,290595
Emily Blunt,290595
Charlize Theron,290595
Jessica Chastain,290595
Nick Frost,290595
William Fichtner,98566
Megan Fox,98566
Will Arnett,98566
Alan Ritchson,98566
Noel Fisher,98566
George Clooney,49047
Sandra Bullock,49047
Ed Harris,49047
Orto Ignatiussen,49047
Phaldut Sharma,49047
Pierce Brosnan,9619
Linda Hamilton,9619
Jamie Renée Smith,9619
Jeremy Foley,9619
Elizabeth Hoffman,9619
Megan Fox,308531
Will Arnett,308531
Stephen Amell,308531
Laura Linney,308531
Pete Ploszek,308531
Toby Kebbell,166424
Jamie Bell,166424
Miles Teller,166424
Kate Mara,166424
Michael B. Jordan,166424
Ben Stiller,1593
Robin Williams,1593
Carla Gugino,1593
Jake Cherry,1593
Dick Van Dyke,1593
Dwayne Johnson,254128
Carla Gugino,254128
Ioan Gruffudd,254128
Alexandra Daddario,254128
Archie Panjabi,254128
Pierce Brosnan,714
Jonathan Pryce,714
Michelle Yeoh,714
Teri Hatcher,714
Ricky Jay,714
Heath Ledger,2024
Mel Gibson,2024
Joely Richardson,2024
Jason Isaacs,2024
Tchéky Karyo,2024
Brad Pitt,163
George Clooney,163
Andy García,163
Catherine Zeta-Jones,163
Julia Roberts,163
Brad Pitt,787
Angelina Jolie,787
Vince Vaughn,787
Adam Brody,787
Kerry Washington,787
Kate Winslet,262500
Miles Teller,262500
Shailene Woodley,262500
Theo James,262500
Ansel Elgort,262500
Cate Blanchett,2567
Leonardo DiCaprio,2567
John C. Reilly,2567
Kate Beckinsale,2567
Alec Baldwin,2567
Jack Black,38745
Amanda Peet,38745
Emily Blunt,38745
Jason Segel,38745
Chris O'Dowd,38745
Christoph Waltz,40805
Seth Rogen,40805
Cameron Diaz,40805
Jay Chou,40805
Edward Furlong,40805
Eva Green,53182
David Wenham,53182
Sullivan Stapleton,53182
Lena Headey,53182
Callan Mulvey,53182
Hank Azaria,41513
Neil Patrick Harris,41513
Jayma Mays,41513
Sofía Vergara,41513
Tim Gunn,41513
Judi Dench,13700
Steve Buscemi,13700
Roseanne Barr,13700
Jennifer Tilly,13700
G. W. Bailey,13700
Naomi Watts,262504
Zoë Kravitz,262504
Miles Teller,262504
Shailene Woodley,262504
Theo James,262504
Hugh Jackman,39254
Anthony Mackie,39254
Evangeline Lilly,39254
Dakota Goyo,39254
Kevin Durand,39254
Brendan Gleeson,77931
Hank Azaria,77931
Neil Patrick Harris,77931
Jayma Mays,77931
Jonathan Winters,77931
Willem Dafoe,1639
Sandra Bullock,1639
Jason Patric,1639
Temuera Morrison,1639
Mike Hagerty,1639
Ben Kingsley,80274
Harrison Ford,80274
Asa Butterfield,80274
Hailee Steinfeld,80274
Abigail Breslin,80274
Bruce Willis,1571
Justin Long,1571
Timothy Olyphant,1571
Cliff Curtis,1571
Maggie Q,1571
Orlando Bloom,120
Ian McKellen,120
Cate Blanchett,120
Sean Bean,120
Elijah Wood,120
Jackie Chan,10204
Steve Coogan,10204
Cécile de France,10204
Robert Fyfe,10204
Jim Broadbent,10204
Will Smith,8489
Jamie Foxx,8489
Jon Voight,8489
Mario Van Peebles,8489
Ron Silver,8489
Mike Myers,10588
Alec Baldwin,10588
Dakota Fanning,10588
Spencer Breslin,10588
Kelly Preston,10588
Will Smith,2048
Alan Tudyk,2048
Bruce Greenwood,2048
Bridget Moynahan,2048
James Cromwell,2048
Orlando Bloom,1495
Eva Green,1495
Brendan Gleeson,1495
Jeremy Irons,1495
Marton Csokas,1495
Hugh Laurie,10137
Michael J. Fox,10137
Geena Davis,10137
Jonathan Lipnicki,10137
Nathan Lane,10137
Anika Noni Rose,10198
Bruno Campos,10198
Keith David,10198
Michael-Leon Wooley,10198
Jennifer Cody,10198
Jessica Chastain,286217
Kristen Wiig,286217
Michael Peña,286217
Matt Damon,286217
Jeff Daniels,286217
Scarlett Johansson,1635
Steve Buscemi,1635
Ewan McGregor,1635
Sean Bean,1635
Djimon Hounsou,1635
Warren Beatty,24113
Diane Keaton,24113
Goldie Hawn,24113
Garry Shandling,24113
Andie MacDowell,24113
Delroy Lindo,9679
Angelina Jolie,9679
Nicolas Cage,9679
Will Patton,9679
Giovanni Ribisi,9679
Russell Crowe,98
Richard Harris,98
Joaquin Phoenix,98
Connie Nielsen,98
Oliver Reed,98
Samantha Morton,180
Max von Sydow,180
Tom Cruise,180
Colin Farrell,180
Lois Smith,180
Daniel Radcliffe,672
Rupert Grint,672
Emma Watson,672
Alan Rickman,672
Richard Harris,672
Daniel Craig,36557
Judi Dench,36557
Eva Green,36557
Jeffrey Wright,36557
Mads Mikkelsen,36557
Mark Wahlberg,869
Helena Bonham Carter,869
Tim Roth,869
Michael Clarke Duncan,869
Kris Kristofferson,869
Arnold Schwarzenegger,280
Robert Patrick,280
Linda Hamilton,280
Edward Furlong,280
Michael Edwards,280
Johnny Depp,11322
Christian Bale,11322
Billy Crudup,11322
Giovanni Ribisi,11322
Marion Cotillard,11322
Josh Brolin,4982
Russell Crowe,4982
Chiwetel Ejiofor,4982
Denzel Washington,4982
Lymari Nadal,4982
Bill Paxton,36955
Arnold Schwarzenegger,36955
Jamie Lee Curtis,36955
Tom Arnold,36955
Tia Carrere,36955
John Turturro,18487
John Travolta,18487
Luis Guzmán,18487
Denzel Washington,18487
Victor Gojcaj,18487
Owen Wilson,39451
Ben Stiller,39451
Dustin Hoffman,39451
Robert De Niro,39451
Barbra Streisand,39451
Mark Wahlberg,27581
Dwayne Johnson,27581
Samuel L. Jackson,27581
Will Ferrell,27581
Eva Mendes,27581
Arnold Schwarzenegger,9268
James Coburn,9268
James Caan,9268
Vanessa Williams,9268
Robert Pastorelli,9268
Christoph Waltz,68718
Leonardo DiCaprio,68718
Jamie Foxx,68718
Samuel L. Jackson,68718
Kerry Washington,68718
Kevin Kline,10545
Tom Hulce,10545
Demi Moore,10545
Tony Jay,10545
Paul Kandel,10545
John Goodman,11688
Patrick Warburton,11688
David Spade,11688
Eartha Kitt,11688
Wendie Malick,11688
Arnold Schwarzenegger,76163
Bruce Willis,76163
Sylvester Stallone,76163
Jason Statham,76163
Dolph Lundgren,76163
Sean Bean,2059
Nicolas Cage,2059
Jon Voight,2059
Diane Kruger,2059
Justin Bartha,2059
Djimon Hounsou,2486
Robert Carlyle,2486
Jeremy Irons,2486
Ed Speleers,2486
Sienna Guillory,2486
Catherine Keener,16523
Max Records,16523
Lauren Ambrose,16523
James Gandolfini,16523
Catherine O'Hara,16523
Josh Hutcherson,116711
Colin Farrell,116711
Amanda Seyfried,116711
Jason Sudeikis,116711
Aziz Ansari,116711
Johnny Depp,37710
Angelina Jolie,37710
Paul Bettany,37710
Timothy Dalton,37710
Steven Berkoff,37710
Arnold Schwarzenegger,9946
Gabriel Byrne,9946
Kevin Pollak,9946
Robin Tunney,9946
CCH Pounder,9946
Leonardo DiCaprio,1372
Djimon Hounsou,1372
Jennifer Connelly,1372
Kagiso Kuypers,1372
Arnold Vosloo,1372
Leonardo DiCaprio,106646
Margot Robbie,106646
Jonah Hill,106646
Kyle Chandler,106646
Rob Reiner,106646
Tommy Lee Jones,414
Nicole Kidman,414
Jim Carrey,414
Val Kilmer,414
Chris O'Donnell,414
Denise Richards,563
Neil Patrick Harris,563
Casper Van Dien,563
Dina Meyer,563
Jake Busey,563
Halle Berry,83542
Tom Hanks,83542
Hugo Weaving,83542
Jim Broadbent,83542
Jim Sturgess,83542
Joel Edgerton,41216
Essie Davis,41216
Abbie Cornish,41216
Emily Barclay,41216
Deborra-Lee Furness,41216
Halle Berry,314
Sharon Stone,314
Benjamin Bratt,314
Lambert Wilson,314
Frances Conroy,314
Ian McShane,184315
Dwayne Johnson,184315
John Hurt,184315
Rufus Sewell,184315
Aksel Hennie,184315
Emma Thompson,9016
Joseph Gordon-Levitt,9016
Brian Murray,9016
David Hyde Pierce,9016
Michael Wincott,9016
Will Ferrell,18162
Anna Friel,18162
Danny McBride,18162
Jorma Taccone,18162
Matt Lauer,18162
Harrison Ford,138103
Arnold Schwarzenegger,138103
Mel Gibson,138103
Sylvester Stallone,138103
Jason Statham,138103
Ray Winstone,257088
Delroy Lindo,257088
Teresa Palmer,257088
Edgar Ramírez,257088
Luke Bracey,257088
Jamie Kennedy,10214
Alan Cumming,10214
Traylor Howard,10214
Kal Penn,10214
Steven Wright,10214
Chris Hemsworth,205775
Brendan Gleeson,205775
Benjamin Walker,205775
Cillian Murphy,205775
Ben Whishaw,205775
Eddie Murphy,11692
Randy Quaid,11692
Rosario Dawson,11692
Joe Pantoliano,11692
Jay Mohr,11692
Brendan Gleeson,22972
Matt Damon,22972
Jason Isaacs,22972
Greg Kinnear,22972
Amy Ryan,22972
Noah Schnapp,227973
Bill Melendez,227973
Venus Schultheis,227973
Hadley Belle Miller,227973
Madisyn Shipman,227973
Campbell Scott,29193
Steve Martin,29193
Ricky Jay,29193
Ben Gazzara,29193
Rebecca Pidgeon,29193
Rachel Weisz,1734
Brendan Fraser,1734
John Hannah,1734
Arnold Vosloo,1734
Oded Fehr,1734
Leonardo DiCaprio,3131
Liam Neeson,3131
Brendan Gleeson,3131
Cameron Diaz,3131
Daniel Day-Lewis,3131
Christian Bale,76758
Ni Ni,76758
Tong Dawei,76758
Zhang Xinyi,76758
Shigeo Kobayashi,76758
Shia LaBeouf,9408
Jeff Bridges,9408
Zooey Deschanel,9408
Jon Heder,9408
James Woods,9408
Nicole Kidman,9890
Matthew Broderick,9890
Bette Midler,9890
Glenn Close,9890
Christopher Walken,9890
William Fichtner,855
Ewan McGregor,855
Josh Hartnett,855
Jason Isaacs,855
Tom Sizemore,855
Zach Galifianakis,77953
Will Ferrell,77953
Jason Sudeikis,77953
Dylan McDermott,77953
Sarah Baker,77953
Gary Oldman,18
Chris Tucker,18
Ian Holm,18
Bruce Willis,18
Milla Jovovich,18
Sarah Jessica Parker,37786
Kristin Davis,37786
Cynthia Nixon,37786
Kim Cattrall,37786
Chris Noth,37786
Kevin Kline,10501
Kenneth Branagh,10501
Rosie Perez,10501
Armand Assante,10501
Edward James Olmos,10501
Denis Leary,57800
John Leguizamo,57800
Ray Romano,57800
Chris Wedge,57800
Seann William Scott,57800
Cate Blanchett,150689
Stellan Skarsgård,150689
Helena Bonham Carter,150689
Lily James,150689
Richard Madden,150689
Mark Wahlberg,7980
Stanley Tucci,7980
Rachel Weisz,7980
Susan Sarandon,7980
Saoirse Ronan,7980
Willem Dafoe,12
Albert Brooks,12
Ellen DeGeneres,12
Alexander Gould,12
Brad Garrett,12
Orlando Bloom,122
Ian McKellen,122
Liv Tyler,122
Elijah Wood,122
Viggo Mortensen,122
Orlando Bloom,121
Ian McKellen,121
Liv Tyler,121
Elijah Wood,121
Viggo Mortensen,121
Ben Barnes,68737
Jeff Bridges,68737
Alicia Vikander,68737
Julianne Moore,68737
Kit Harington,68737
Daniel Craig,1995
Angelina Jolie,1995
Jon Voight,1995
Iain Glen,1995
Noah Taylor,1995
Johnny Depp,157353
Rebecca Hall,157353
Paul Bettany,157353
Morgan Freeman,157353
Kate Mara,157353
Téa Leoni,331
William H. Macy,331
Sam Neill,331
Trevor Morgan,331
Alessandro Nivola,331
James Franco,61791
Tom Felton,61791
Brian Cox,61791
Freida Pinto,61791
John Lithgow,61791
Freddie Highmore,8204
Nick Nolte,8204
Mary-Louise Parker,8204
Sarah Bolger,8204
Andrew McCarthy,8204
Jai Courtney,47964
Bruce Willis,47964
Sebastian Koch,47964
Mary Elizabeth Winstead,47964
Юлия Снигирь,47964
Dennis Quaid,10733
Billy Bob Thornton,10733
Patrick Wilson,10733
Jason Patric,10733
Emilio Echevarría,10733
Samuel L. Jackson,9806
Craig T. Nelson,9806
Holly Hunter,9806
Jason Lee,9806
Dominique Louis,9806
Geena Davis,1408
Matthew Modine,1408
Frank Langella,1408
Maury Chaykin,1408
Patrick Malahide,1408
Sean Bean,32657
Logan Lerman,32657
Alexandra Daddario,32657
Brandon T. Jackson,32657
Jake Abel,32657
Will Smith,607
Tommy Lee Jones,607
Vincent D'Onofrio,607
Rip Torn,607
Linda Fiorentino,607
Kelsey Grammer,863
Tom Hanks,863
Tim Allen,863
Joan Cusack,863
Don Rickles,863
Chris Pine,44048
Denzel Washington,44048
Rosario Dawson,44048
Ethan Suplee,44048
Kevin Corrigan,44048
Chris Tucker,5175
Jackie Chan,5175
Zhang Ziyi,5175
Roselyn Sánchez,5175
"Ernie Reyes, Jr.",5175
Harrison Ford,2655
Michelle Pfeiffer,2655
Miranda Otto,2655
Diana Scarwid,2655
James Remar,2655
Bill Hader,22794
James Caan,22794
Benjamin Bratt,22794
Anna Faris,22794
Mr. T,22794
Denis Leary,8355
Simon Pegg,8355
John Leguizamo,8355
Ray Romano,8355
Queen Latifah,8355
Patton Oswalt,116745
Ben Stiller,116745
Kristen Wiig,116745
Shirley MacLaine,116745
Adam Scott,116745
Bill Murray,4327
Cameron Diaz,4327
Lucy Liu,4327
Drew Barrymore,4327
John Forsythe,4327
Leonardo DiCaprio,1422
Mark Wahlberg,1422
Matt Damon,1422
Jack Nicholson,1422
Martin Sheen,1422
Jackie Chan,10674
Eddie Murphy,10674
Ming-Na Wen,10674
Lea Salonga,10674
June Foray,10674
Robert Downey Jr.,7446
Jack Black,7446
Ben Stiller,7446
Nick Nolte,7446
Steve Coogan,7446
Daniel Craig,65754
Stellan Skarsgård,65754
Christopher Plummer,65754
Rooney Mara,65754
Goran Visnjic,65754
Samuel L. Jackson,1572
Bruce Willis,1572
Jeremy Irons,1572
Graham Greene,1572
Colleen Camp,1572
Robert Downey Jr.,10528
Mark Strong,10528
Eddie Marsan,10528
Jude Law,10528
Rachel McAdams,10528
Toby Kebbell,271969
Ayelet Zurer,271969
Jack Huston,271969
Rodrigo Santoro,271969
Nazanin Boniadi,271969
Michael J. Fox,10865
Corey Burton,10865
Claudia Christian,10865
James Garner,10865
John Mahoney,10865
Justin Long,258509
Jason Lee,258509
Bella Thorne,258509
Matthew Gray Gubler,258509
Jesse McCartney,258509
Bill Nighy,2253
Kenneth Branagh,2253
Tom Cruise,2253
Carice van Houten,2253
Terence Stamp,2253
John Turturro,10661
Adam Sandler,10661
Emmanuelle Chriqui,10661
Nick Swardson,10661
Lainie Kazan,10661
Josh Gad,257344
Adam Sandler,257344
Michelle Monaghan,257344
Peter Dinklage,257344
Kevin James,257344
Jude Law,644
Haley Joel Osment,644
Frances O'Connor,644
Sam Robards,644
Jake Thomas,644
Eddie Murphy,10756
Jennifer Tilly,10756
Terence Stamp,10756
Nathaniel Parker,10756
Marsha Thomason,10756
Matthew McConaughey,686
Jodie Foster,686
John Hurt,686
James Woods,686
Tom Skerritt,686
Josh Brolin,9383
Kevin Bacon,9383
Elisabeth Shue,9383
Kim Dickens,9383
Rhona Mitra,9383
Nicole Kidman,179
Yvan Attal,179
Catherine Keener,179
Sean Penn,179
Jesper Christensen,179
Logan Lerman,76285
Alexandra Daddario,76285
Brandon T. Jackson,76285
Douglas Smith,76285
Leven Rambin,76285
Djimon Hounsou,1996
Angelina Jolie,1996
Gerard Butler,1996
Noah Taylor,1996
Til Schweiger,1996
Mark Ruffalo,291805
Jesse Eisenberg,291805
Woody Harrelson,291805
Morgan Freeman,291805
Dave Franco,291805
Val Kilmer,10003
Elisabeth Shue,10003
Rade Serbedzija,10003
Henry Goodman,10003
Alun Armstrong,10003
Brad Pitt,1535
Robert Redford,1535
Catherine McCormack,1535
Stephen Dillane,1535
Larry Bryggman,1535
Don Cheadle,2067
Tim Robbins,2067
Connie Nielsen,2067
Gary Sinise,2067
Jerry O'Connell,2067
Anne Hathaway,46195
Jesse Eisenberg,46195
Jane Lynch,46195
Leslie Mann,46195
Will.i.am,46195
Oliver Platt,2277
Robin Williams,2277
Sam Neill,2277
Embeth Davidtz,2277
Kiersten Warren,2277
Tommy Lee Jones,10357
Don Cheadle,10357
Anne Heche,10357
Gaby Hoffmann,10357
Joshua Fardon,10357
Brad Pitt,4477
Harrison Ford,4477
Margaret Colin,4477
Rubén Blades,4477
Treat Williams,4477
Peter Sarsgaard,8665
Harrison Ford,8665
Liam Neeson,8665
Joss Ackland,8665
John Shrapnel,8665
Max von Sydow,9387
Arnold Schwarzenegger,9387
James Earl Jones,9387
Sandahl Bergman,9387
Cassandra Gava,9387
Russell Crowe,921
Renée Zellweger,921
Paul Giamatti,921
Paddy Considine,921
Craig Bierko,921
John Turturro,49852
Elle Fanning,49852
Nathan Lane,49852
Frances de la Tour,49852
Charlie Rowe,49852
Tobey Maguire,4464
Jeff Bridges,4464
Elizabeth Banks,4464
David McCullough,4464
Chris Cooper,4464
Bill Paxton,664
Philip Seymour Hoffman,664
Helen Hunt,664
Cary Elwes,664
Jami Gertz,664
Tom Hanks,8358
Chris Noth,8358
Helen Hunt,8358
Paul Sanchez,8358
Lari White,8358
Nicole Kidman,9836
Hugh Jackman,9836
Robin Williams,9836
Elijah Wood,9836
Brittany Murphy,9836
Karl Urban,2502
Brian Cox,2502
Matt Damon,2502
Julia Stiles,2502
Franka Potente,2502
Gary Oldman,9772
Harrison Ford,9772
William H. Macy,9772
Glenn Close,9772
Wendy Crewson,9772
Brad Pitt,161
George Clooney,161
Matt Damon,161
Andy García,161
Julia Roberts,161
Orlando Bloom,52451
Logan Lerman,52451
Milla Jovovich,52451
Ray Stevenson,52451
Matthew Macfadyen,52451
Steve Buscemi,76492
David Spade,76492
Adam Sandler,76492
Kevin James,76492
Selena Gomez,76492
Amy Adams,4523
James Marsden,4523
Patrick Dempsey,4523
Timothy Spall,4523
Rachel Covey,4523
Ryan Reynolds,59961
Joel Kinnaman,59961
Brendan Gleeson,59961
Denzel Washington,59961
Vera Farmiga,59961
Ioan Gruffudd,10481
Gérard Depardieu,10481
Glenn Close,10481
Alice Evans,10481
Tim McInnerny,10481
Eddie Murphy,59108
Casey Affleck,59108
Ben Stiller,59108
Matthew Broderick,59108
Alan Alda,59108
Jack Black,1581
Kate Winslet,1581
Cameron Diaz,1581
Jude Law,1581
Eli Wallach,1581
Will Smith,9798
Jon Voight,9798
Gene Hackman,9798
Regina King,9798
Ian Hart,9798
Alec Baldwin,22897
Steve Martin,22897
Meryl Streep,22897
John Krasinski,22897
Lake Bell,22897
Brad Pitt,298
George Clooney,298
Matt Damon,298
Bernie Mac,298
Al Pacino,298
Billy Connolly,7484
Martin Lawrence,7484
Gary Sinise,7484
Ashton Kutcher,7484
Debra Messing,7484
Kate Winslet,157350
Miles Teller,157350
Shailene Woodley,157350
Theo James,157350
Ray Stevenson,157350
Rachel Weisz,853
Jude Law,853
Ed Harris,853
Joseph Fiennes,853
Bob Hoskins,853
Dwayne Johnson,10159
Rosario Dawson,10159
Christopher Walken,10159
Seann William Scott,10159
"Ernie Reyes, Jr.",10159
Arnold Schwarzenegger,9593
F. Murray Abraham,9593
Art Carney,9593
Charles Dance,9593
Frank McRae,9593
Zhang Ziyi,1904
Gong Li,1904
Youki Kudoh,1904
Tsai Chin,1904
Suzuka Ohgo,1904
Lucas Black,9615
Nathalie Kelley,9615
Sung Kang,9615
Shad Moss,9615
Brian Tee,9615
James McAvoy,51052
Bill Nighy,51052
Hugh Laurie,51052
Jim Broadbent,51052
Imelda Staunton,51052
Brad Pitt,297
Anthony Hopkins,297
Jeffrey Tambor,297
Claire Forlani,297
Marcia Gay Harden,297
John Turturro,9884
Arnold Schwarzenegger,9884
Cliff Curtis,9884
Francesca Neri,9884
Elias Koteas,9884
Roy Scheider,16858
Jessica Lange,16858
Leland Palmer,16858
Ann Reinking,16858
Ben Vereen,16858
Armie Hammer,62764
Julia Roberts,62764
Nathan Lane,62764
Lily Collins,62764
Martin Klebba,62764
Chris Evans,22538
Mary Elizabeth Winstead,22538
Michael Cera,22538
Kieran Culkin,22538
Anna Kendrick,22538
Stanley Tucci,9341
Aaron Eckhart,9341
Delroy Lindo,9341
Tchéky Karyo,9341
Hilary Swank,9341
Eddie Murphy,12107
Janet Jackson,12107
Larry Miller,12107
John Ales,12107
Richard Gant,12107
Freddie Prinze Jr.,9637
Sarah Michelle Gellar,9637
Matthew Lillard,9637
Linda Cardellini,9637
Rowan Atkinson,9637
Karl Urban,49049
Lena Headey,49049
Olivia Thirlby,49049
Wood Harris,49049
Jason Cope,49049
Kate Beckinsale,9339
Christopher Walken,9339
Adam Sandler,9339
David Hasselhoff,9339
Henry Winkler,9339
Hal Holbrook,16281
Adrienne Barbeau,16281
Fritz Weaver,16281
Leslie Nielsen,16281
Carrie Nye,16281
James Marsden,39691
Nick Nolte,39691
Bette Midler,39691
Christina Applegate,39691
Pascale Hutton,39691
Samuel L. Jackson,8247
Jamie Bell,8247
Hayden Christensen,8247
Rachel Bilson,8247
Michael Rooker,8247
Ron Perlman,11253
Jeffrey Tambor,11253
John Hurt,11253
Selma Blair,11253
Doug Jones,11253
Robert Downey Jr.,1949
Mark Ruffalo,1949
Jake Gyllenhaal,1949
Brian Cox,1949
Anthony Edwards,1949
Arnold Schwarzenegger,8452
Michael Rooker,8452
Michael Rapaport,8452
Tony Goldwyn,8452
Sarah Wynter,8452
Jim Carrey,310
Jennifer Aniston,310
Philip Baker Hall,310
Catherine Bell,310
Lisa Ann Walter,310
Sylvester Stallone,27578
Jason Statham,27578
Dolph Lundgren,27578
Eric Roberts,27578
Randy Couture,27578
Tom Cruise,954
Jon Voight,954
Jean Reno,954
Emmanuelle Béart,954
Henry Czerny,954
Jennifer Lawrence,70160
Liam Hemsworth,70160
Josh Hutcherson,70160
Woody Harrelson,70160
Elizabeth Banks,70160
Ken Jeong,45243
Bradley Cooper,45243
Zach Galifianakis,45243
Justin Bartha,45243
Ed Helms,45243
Michael Keaton,364
Michelle Pfeiffer,364
Christopher Walken,364
Danny DeVito,364
Michael Gough,364
Steve Carell,7518
Bruce Willis,7518
Garry Shandling,7518
Wanda Sykes,7518
William Shatner,7518
Tia Carrere,11544
Chris Sanders,11544
Daveigh Chase,11544
David Ogden Stiers,11544
Kevin McDonald,11544
Steve Buscemi,9986
Cedric the Entertainer,9986
Julia Roberts,9986
John Cleese,9986
Oprah Winfrey,9986
Téa Leoni,8656
Elijah Wood,8656
Morgan Freeman,8656
Robert Duvall,8656
Vanessa Redgrave,8656
Helen Mirren,146216
John Malkovich,146216
Anthony Hopkins,146216
Bruce Willis,146216
Catherine Zeta-Jones,146216
Chris Rock,9291
Adam Sandler,9291
Burt Reynolds,9291
Michael Irvin,9291
Nelly,9291
David Cross,55301
Justin Long,55301
Jason Lee,55301
Jenny Slate,55301
Andy Buckley,55301
Salma Hayek,109418
Chris Rock,109418
David Spade,109418
Adam Sandler,109418
Kevin James,109418
Anne Hathaway,11665
Dwayne Johnson,11665
Steve Carell,11665
Terence Stamp,11665
Alan Arkin,11665
Frances McDormand,6964
Amanda Peet,6964
Keanu Reeves,6964
Jack Nicholson,6964
Diane Keaton,6964
Mark Ruffalo,11324
Leonardo DiCaprio,11324
Michelle Williams,11324
Emily Mortimer,11324
Ben Kingsley,11324
Reese Witherspoon,12193
Jon Voight,12193
Vince Vaughn,12193
Robert Duvall,12193
Sissy Spacek,12193
Halle Berry,9928
Ewan McGregor,9928
Robin Williams,9928
Mel Brooks,9928
Paula Abdul,9928
Nicolas Cage,754
John Travolta,754
Alessandro Nivola,754
Joan Allen,754
Gina Gershon,754
Guy Pearce,10202
Keri Russell,10202
Adam Sandler,10202
Courteney Cox,10202
Lucy Lawless,10202
Tom Hanks,4147
Tyler Hoechlin,4147
Jennifer Jason Leigh,4147
Liam Aiken,4147
Paul Newman,4147
Nicole Kidman,50546
Brooklyn Decker,50546
Adam Sandler,50546
Nick Swardson,50546
Jennifer Aniston,50546
John Malkovich,1701
John Cusack,1701
Nicolas Cage,1701
Ving Rhames,1701
Nick Chinlund,1701
Shia LaBeouf,13027
Anthony Mackie,13027
Michael Chiklis,13027
Rosario Dawson,13027
Michelle Monaghan,13027
Nicole Kidman,2289
Brendan Gleeson,2289
Renée Zellweger,2289
Jude Law,2289
Eileen Atkins,2289
Gary Oldman,20504
Mila Kunis,20504
Denzel Washington,20504
Ray Stevenson,20504
Jennifer Beals,20504
Robin Williams,9574
Marcia Gay Harden,9574
Christopher McDonald,9574
Raymond J. Barry,9574
Clancy Brown,9574
Owen Wilson,11618
Liam Neeson,11618
Catherine Zeta-Jones,11618
Lili Taylor,11618
Bruce Dern,11618
Michael Jordan,2300
Wayne Knight,2300
Billy West,2300
Dee Bradley Baker,2300
Theresa Randle,2300
Emily Mortimer,12096
Kevin Kline,12096
Jean Reno,12096
Steve Martin,12096
Beyoncé Knowles,12096
Kathy Bates,10200
Keanu Reeves,10200
Jennifer Connelly,10200
Jaden Smith,10200
John Cleese,10200
Patrick Stewart,8834
Mel Gibson,8834
Julia Roberts,8834
Cylk Cozart,8834
Steve Kahan,8834
Shia LaBeouf,228150
Brad Pitt,228150
Michael Peña,228150
Logan Lerman,228150
Jon Bernthal,228150
Harrison Ford,6068
David Schwimmer,6068
Temuera Morrison,6068
Anne Heche,6068
Jacqueline Obradors,6068
Anna Faris,41515
Dan Aykroyd,41515
Justin Timberlake,41515
Tom Cavanagh,41515
Christine Taylor,41515
Matt Damon,9023
James Cromwell,9023
Daniel Studi,9023
Chopper Bernet,9023
Jeff LeBeau,9023
Jon Favreau,38317
Nick Nolte,38317
Sylvester Stallone,38317
Rosario Dawson,38317
Kevin James,38317
Gary Oldman,2157
William Hurt,2157
Matt LeBlanc,2157
Mimi Rogers,2157
Heather Graham,2157
Jon Voight,14462
Liev Schreiber,14462
Denzel Washington,14462
Meryl Streep,14462
Kimberly Elise,14462
Stephen Dillane,161795
Vanessa Redgrave,161795
Victoria Foyt,161795
Michael Brandon,161795
Glynis Barber,161795
Steve Buscemi,159824
Adam Sandler,159824
Kevin James,159824
Selena Gomez,159824
Andy Samberg,159824
Steve Martin,49948
Bette Midler,49948
James Earl Jones,49948
Itzhak Perlman,49948
Quincy Jones,49948
Guy Pearce,2135
Sienna Guillory,2135
Mark Addy,2135
Phyllida Law,2135
Laura Kirk,2135
Bill Paxton,9822
Charlize Theron,9822
Rade Serbedzija,9822
Regina King,9822
Peter Firth,9822
Don Cheadle,9705
Hugh Jackman,9705
Halle Berry,9705
John Travolta,9705
Sam Shepard,9705
Antonio Banderas,1656
Catherine Zeta-Jones,1656
Nick Chinlund,1656
Adrián Alonso Barona,1656
Julio Oscar Mechoso,1656
Max von Sydow,12159
Cuba Gooding Jr.,12159
Robin Williams,12159
Annabella Sciorra,12159
Jessica Brooks Grant,12159
Rhys Ifans,9678
Adam Sandler,9678
Patricia Arquette,9678
Harvey Keitel,9678
Tom Lister Jr.,9678
Heath Ledger,4442
Matt Damon,4442
Peter Stormare,4442
Mackenzie Crook,4442
Roger Ashton-Griffiths,4442
Pierce Brosnan,75
Jack Nicholson,75
Glenn Close,75
Danny DeVito,75
Annette Bening,75
Max Brebant,330770
Roxane Duran,330770
Julie-Marie Parmentier,330770
Mathieu Goldfeld,330770
Nissim Renard,330770
Anthony Hopkins,9433
Alec Baldwin,9433
Elle Macpherson,9433
Harold Perrineau,9433
L.Q. Jones,9433
Ving Rhames,19959
Rosamund Pike,19959
Bruce Willis,19959
James Cromwell,19959
Radha Mitchell,19959
Kevin Costner,11973
Bruce Greenwood,11973
Steven Culp,11973
Dylan Baker,11973
Shawn Driscoll,11973
Jay O. Sanders,11228
Sylvester Stallone,11228
Viggo Mortensen,11228
Amy Brenneman,11228
Dan Hedaya,11228
Karl Urban,77951
Justin Long,77951
John Leguizamo,77951
Charlie Rowe,77951
Angourie Rice,77951
John Travolta,5491
Barry Pepper,5491
Forest Whitaker,5491
Kim Coates,5491
Sabine Karsenti,5491
Brendan Fraser,10715
Steve Martin,10715
Timothy Dalton,10715
Jenna Elfman,10715
Heather Locklear,10715
Penélope Cruz,10197
Judi Dench,10197
Marion Cotillard,10197
Daniel Day-Lewis,10197
Sophia Loren,10197
Paul Walker,9562
Billy Connolly,9562
Gerard Butler,9562
David Thewlis,9562
Frances O'Connor,9562
Kevin Costner,9922
Will Patton,9922
Olivia Williams,9922
Larenz Tate,9922
Tom Petty,9922
E.G. Daily,9447
James Cromwell,9447
Mary Stein,9447
Mickey Rooney,9447
Magda Szubanski,9447
Vin Diesel,274854
Elijah Wood,274854
Rose Leslie,274854
Ólafur Darri Ólafsson,274854
Rena Owen,274854
Val Kilmer,8870
Carrie-Anne Moss,8870
Benjamin Bratt,8870
Tom Sizemore,8870
Simon Baker,8870
Freddie Highmore,9992
Mia Farrow,9992
Ron Crawford,9992
Penny Balfour,9992
Doug Rand,9992
Pierce Brosnan,36970
Jacques Perrin,36970
Rie Miyazawa,36970
Aldo Baglio,36970
Matthias Brandt,36970
Heike Makatsch,10077
Armin Rohde,10077
David Oyelowo,10077
Wilfried Hochholdinger,10077
Edward Burns,10077
Carrie-Anne Moss,76649
Kit Harington,76649
Emily Browning,76649
Adewale Akinnuoye-Agbaje,76649
Jessica Lucas,76649
Jason Harris,293644
David Hoffman,293644
Bill Lobley,293644
Darin De Paul,293644
Marieve Herington,293644
Russell Crowe,453
Christopher Plummer,453
Jennifer Connelly,453
Paul Bettany,453
Ed Harris,453
Matthew Broderick,8587
Jeremy Irons,8587
James Earl Jones,8587
Jonathan Taylor Thomas,8587
Moira Kelly,8587
Dwayne Johnson,72545
Josh Hutcherson,72545
Luis Guzmán,72545
Kristin Davis,72545
Vanessa Hudgens,72545
Bill Hader,109451
James Caan,109451
Anna Faris,109451
Andy Samberg,109451
Will Forte,109451
Ralph Fiennes,9533
Anthony Hopkins,9533
Edward Norton,9533
Harvey Keitel,9533
Emily Watson,9533
Viggo Mortensen,2023
Zuleikha Robinson,2023
Omar Sharif,2023
Adam Alexi-Malle,2023
Louise Lombard,2023
Katie Holmes,71880
Adam Sandler,71880
Al Pacino,71880
Eugenio Derbez,71880
Tim Meadows,71880
Paul Walker,584
Tyrese Gibson,584
Ludacris,584
Eva Mendes,584
Cole Hauser,584
James Franco,309809
Jeff Bridges,309809
Paul Rudd,309809
Marion Cotillard,309809
Rachel McAdams,309809
Daniel Craig,4858
Nicole Kidman,4858
Jeffrey Wright,4858
Jeremy Northam,4858
Jackson Bond,4858
Rene Russo,17711
Robert De Niro,17711
Randy Quaid,17711
Jason Alexander,17711
Piper Perabo,17711
Lake Bell,328111
Jenny Slate,328111
Louis C.K.,328111
Eric Stonestreet,328111
Kevin Hart,328111
Jason Flemyng,8698
Sean Connery,8698
Peta Wilson,8698
Shane West,8698
Stuart Townsend,8698
Steve Carell,93456
Kristen Wiig,93456
Benjamin Bratt,93456
Miranda Cosgrove,93456
Russell Brand,93456
Will Smith,602
Jeff Goldblum,602
Bill Pullman,602
Mary McDonnell,602
Judd Hirsch,602
Jeff Goldblum,330
Vince Vaughn,330
Julianne Moore,330
Pete Postlethwaite,330
Richard Attenborough,330
Sacha Baron Cohen,953
Ben Stiller,953
Jada Pinkett Smith,953
David Schwimmer,953
Chris Rock,953
Michael Caine,9693
Charlie Hunnam,9693
Chiwetel Ejiofor,9693
Julianne Moore,9693
Clive Owen,9693
Ian McKellen,36657
Hugh Jackman,36657
Halle Berry,36657
Patrick Stewart,36657
Famke Janssen,36657
James McAvoy,8909
Thomas Kretschmann,8909
Angelina Jolie,8909
Morgan Freeman,8909
Terence Stamp,8909
Nicolas Cage,9802
Ed Harris,9802
Sean Connery,9802
John Spencer,9802
David Morse,9802
Denis Leary,950
John Leguizamo,950
Ray Romano,950
Seann William Scott,950
Queen Latifah,950
Drew Barrymore,1824
Adam Sandler,1824
Rob Schneider,1824
Sean Astin,1824
Lusia Strus,1824
James Marsden,2976
John Travolta,2976
Michelle Pfeiffer,2976
Christopher Walken,2976
Queen Latifah,2976
Stellan Skarsgård,11026
James D'Arcy,11026
Izabella Scorupco,11026
Julian Wadham,11026
Remy Sweeney,11026
Matthew Broderick,332
Rupert Everett,332
Joely Fisher,332
Michelle Trachtenberg,332
Andy Dick,332
Mark Ruffalo,75656
Jesse Eisenberg,75656
Woody Harrelson,75656
Isla Fisher,75656
Mélanie Laurent,75656
Steve Buscemi,38365
Salma Hayek,38365
Maria Bello,38365
Adam Sandler,38365
Maya Rudolph,38365
Stanley Tucci,594
Tom Hanks,594
Diego Luna,594
Catherine Zeta-Jones,594
Chi McBride,594
Don Cheadle,15189
Emma Roberts,15189
Jake T. Austin,15189
Johnny Simmons,15189
Kyla Pratt,15189
Bill Paxton,11678
Scott Glenn,11678
Chris O'Donnell,11678
Robin Tunney,11678
Izabella Scorupco,11678
Amy Adams,6538
Tom Hanks,6538
Philip Seymour Hoffman,6538
Julia Roberts,6538
Om Puri,6538
Will Smith,10555
Jack Black,10555
Angelina Jolie,10555
Renée Zellweger,10555
Robert De Niro,10555
Jamie Foxx,1125
Eddie Murphy,1125
Danny Glover,1125
Beyoncé Knowles,1125
Jennifer Hudson,1125
Cedric the Entertainer,4551
John Travolta,4551
Uma Thurman,4551
Vince Vaughn,4551
André Benjamin,4551
Daniel Craig,612
Eric Bana,612
Ciarán Hinds,612
Mathieu Kassovitz,612
Hanns Zischler,612
Monica Bellucci,9567
Bruce Willis,9567
Cole Hauser,9567
Eamonn Walker,9567
Johnny Messner,9567
Catherine O'Hara,37821
Ashton Kutcher,37821
Katherine Heigl,37821
Tom Selleck,37821
Alex Borstein,37821
Henry Cavill,203801
Armie Hammer,203801
Elizabeth Debicki,203801
Alicia Vikander,203801
Luca Calvani,203801
Téa Leoni,2539
Cloris Leachman,2539
Adam Sandler,2539
Paz Vega,2539
Shelbie Bruce,2539
Steve Buscemi,9297
Ryan Newman,9297
Mitchel Musso,9297
Sam Lerner,9297
Spencer Locke,9297
Cate Blanchett,3172
Bruce Willis,3172
Billy Bob Thornton,3172
Troy Garity,3172
William Converse-Roberts,3172
Julia Ormond,6520
Sean Connery,6520
Richard Gere,6520
Ben Cross,6520
Liam Cunningham,6520
Chow Yun-fat,1439
Tom Felton,1439
Jodie Foster,1439
Bai Ling,1439
Randall Duk Kim,1439
Henry Cavill,37958
Mickey Rourke,37958
Kellan Lutz,37958
Isabel Lucas,37958
Luke Evans,37958
Jimmy Bennett,2026
Ben Foster,2026
Bruce Willis,2026
Kevin Pollak,2026
Michelle Horn,2026
Bill Pullman,7450
Matt Damon,7450
Drew Barrymore,7450
Nathan Lane,7450
John Leguizamo,7450
Harrison Ford,11375
Josh Hartnett,11375
Bruce Greenwood,11375
Lena Olin,11375
Isaiah Washington,11375
Kurt Russell,9425
Jason Isaacs,9425
Connie Nielsen,9425
Jason Scott Lee,9425
Sean Pertwee,9425
Chris Pine,25769
Piper Perabo,25769
Lou Taylor Pucci,25769
Emily VanCamp,25769
Christopher Meloni,25769
John Turturro,23685
Brendan Fraser,23685
Bridget Fonda,23685
Chris Kattan,23685
Giancarlo Esposito,23685
Tyrese Gibson,11866
Hugh Laurie,11866
Dennis Quaid,11866
Miranda Otto,11866
Giovanni Ribisi,11866
Samuel L. Jackson,9741
Bruce Willis,9741
Robin Wright,9741
Spencer Treat Clark,9741
John Patrick Amedori,9741
Michael Keaton,211672
Allison Janney,211672
Sandra Bullock,211672
Steve Coogan,211672
Jon Hamm,211672
Jamie Chung,23629
Abbie Cornish,23629
Emily Browning,23629
Vanessa Hudgens,23629
Jena Malone,23629
Nicolas Cage,8688
Carla Gugino,8688
Gary Sinise,8688
John Heard,8688
Tamara Tunie,8688
Samuel L. Jackson,10153
Liev Schreiber,10153
Dustin Hoffman,10153
Sharon Stone,10153
Peter Coyote,10153
Bill Hader,153518
Josh Gad,153518
Jason Sudeikis,153518
Danny McBride,153518
Maya Rudolph,153518
Matthew McConaughey,8676
Donald Sutherland,8676
Kate Hudson,8676
Ewen Bremner,8676
Alexis Dziena,8676
Seth Rogen,20829
Jonah Hill,20829
Eric Bana,20829
Leslie Mann,20829
Adam Sandler,20829
Jamie Foxx,4349
Jason Bateman,4349
Chris Cooper,4349
Jennifer Garner,4349
Ali Suliman,4349
Sacha Baron Cohen,9718
John C. Reilly,9718
Will Ferrell,9718
Michael Clarke Duncan,9718
Gary Cole,9718
Mandy Moore,10808
Eddie Murphy,10808
Kyla Pratt,10808
Kristen Wilson,10808
Raven-Symoné,10808
Mel Gibson,197
Sophie Marceau,197
Catherine McCormack,197
Patrick McGoohan,197
Angus Macfadyen,197
Jamie Foxx,25
Peter Sarsgaard,25
Jake Gyllenhaal,25
Lucas Black,25
Scott MacDonald,25
Hank Azaria,35
Dan Castellaneta,35
Julie Kavner,35
Nancy Cartwright,35
Yeardley Smith,35
Jim Carrey,11086
Hal Holbrook,11086
David Ogden Stiers,11086
Martin Landau,11086
Laurie Holden,11086
Sylvester Stallone,10477
Til Schweiger,10477
Kip Pardue,10477
Robert Sean Leonard,10477
Estella Warren,10477
Guy Pearce,1997
Maï Anh Le,1997
Oanh Nguyen,1997
Jaran 'See Tao' Petcharoen,1997
Stéphanie Lagarde,1997
Sigourney Weaver,6947
Adrien Brody,6947
Bryce Dallas Howard,6947
William Hurt,6947
Joaquin Phoenix,6947
Oliver Platt,3050
Eddie Murphy,3050
Ossie Davis,3050
Peter Boyle,3050
Richard Schiff,3050
Mel Gibson,2675
Abigail Breslin,2675
Joaquin Phoenix,2675
Rory Culkin,2675
Cherry Jones,2675
Mike Myers,809
Eddie Murphy,809
Cameron Diaz,809
Antonio Banderas,809
Julie Andrews,809
Owen Wilson,920
Larry the Cable Guy,920
Paul Newman,920
Bonnie Hunt,920
Tony Shalhoub,920
Joan Cusack,4806
Julia Roberts,4806
Richard Gere,4806
Rita Wilson,4806
Héctor Elizondo,4806
Vin Diesel,7451
Samuel L. Jackson,7451
Asia Argento,7451
Danny Trejo,7451
Leila Arcieri,7451
Clancy Brown,228165
Tom Kenny,228165
Bill Fagerbakke,228165
Rodger Bumpass,228165
Carolyn Lawrence,228165
Delroy Lindo,3595
Mel Gibson,3595
Rene Russo,3595
Gary Sinise,3595
Lili Taylor,3595
Christoph Waltz,16869
Brad Pitt,16869
Michael Fassbender,16869
Mélanie Laurent,16869
Eli Roth,16869
Robin Williams,879
Dustin Hoffman,879
Julia Roberts,879
Bob Hoskins,879
Maggie Smith,879
Bruce Willis,1573
William Atherton,1573
Bonnie Bedelia,1573
Reginald VelJohnson,1573
Franco Nero,1573
Michelle Rodriguez,9257
Samuel L. Jackson,9257
Colin Farrell,9257
LL Cool J,9257
Josh Charles,9257
Penélope Cruz,1903
Tom Cruise,1903
Cameron Diaz,1903
Kurt Russell,1903
Jason Lee,1903
Jeffrey Wright,9697
Paul Giamatti,9697
Bob Balaban,9697
Sarita Choudhury,9697
Cindy Cheung,9697
Ewen Bremner,395
Sanaa Lathan,395
Raoul Bova,395
Colin Salmon,395
Tommy Flanagan,395
Zachary Levi,23398
David Cross,23398
Justin Long,23398
Jason Lee,23398
Matthew Gray Gubler,23398
Sam Elliott,10590
Mel Gibson,10590
Greg Kinnear,10590
Madeleine Stowe,10590
Chris Klein,10590
Aaron Eckhart,117263
Gerard Butler,117263
Morgan Freeman,117263
Radha Mitchell,117263
Angela Bassett,117263
Patrick Stewart,200
Jonathan Frakes,200
Brent Spiner,200
LeVar Burton,200
Michael Dorn,200
Aaron Eckhart,44943
Ramón Rodríguez,44943
Will Rothhaar,44943
Cory Hardrict,44943
Jim Parrack,44943
Ewan McGregor,587
Helena Bonham Carter,587
Billy Crudup,587
Jessica Lange,587
Albert Finney,587
Christopher Plummer,10395
Michelle Pfeiffer,10395
Jack Nicholson,10395
James Spader,10395
Kate Nelligan,10395
Toby Kebbell,57212
Tom Hiddleston,57212
Emily Watson,57212
Benedict Cumberbatch,57212
Jeremy Irvine,57212
Cate Blanchett,152760
John Goodman,152760
Bill Murray,152760
George Clooney,152760
Matt Damon,152760
Ed Harris,2756
Mary Elizabeth Mastrantonio,2756
Michael Biehn,2756
Leo Burmester,2756
Todd Graff,2756
Josh Brolin,33909
Shia LaBeouf,33909
Carey Mulligan,33909
Michael Douglas,33909
Frank Langella,33909
Dominic Cooper,49017
Charles Dance,49017
Luke Evans,49017
Sarah Gadon,49017
Art Parkinson,49017
Bruce Willis,9882
Denzel Washington,9882
Annette Bening,9882
Tony Shalhoub,9882
Sami Bouajila,9882
Sienna Miller,2270
Claire Danes,2270
Michelle Pfeiffer,2270
Robert De Niro,2270
Charlie Cox,2270
Brad Pitt,978
David Thewlis,978
Jamyang Jamtsho Wangchuk,978
BD Wong,978
Mako,978
Jennifer Connelly,44564
Vince Vaughn,44564
Queen Latifah,44564
Kevin James,44564
Winona Ryder,44564
Chris Rock,3132
Anthony Hopkins,3132
Peter Stormare,3132
Kerry Washington,3132
Gabriel Macht,3132
Dwayne Johnson,8814
Karl Urban,8814
Rosamund Pike,8814
Ben Daniels,8814
Deobia Oparei,8814
Owen Wilson,8427
Famke Janssen,8427
Eddie Murphy,8427
Malcolm McDowell,8427
Keith Dallas,8427
Kate Beckinsale,52520
Theo James,52520
Stephen Rea,52520
Michael Ealy,52520
India Eisley,52520
Tom Cruise,80585
Alec Baldwin,80585
Russell Brand,80585
Julianne Hough,80585
Diego Boneta,80585
Terrence Howard,10592
Colin Farrell,10592
Bruce Willis,10592
Cole Hauser,10592
Marcel Iureș,10592
Robert De Niro,49021
Jason Statham,49021
Clive Owen,49021
Dominic Purcell,49021
Yvonne Strahovski,49021
Jean Reno,11535
LL Cool J,11535
Chris Klein,11535
Rebecca Romijn,11535
Naveen Andrews,11535
Antonio Banderas,10550
Ray Park,10550
Lucy Liu,10550
Gregg Henry,10550
Talisa Soto,10550
Ed Asner,11258
Morgan Freeman,11258
Randy Quaid,11258
Christian Slater,11258
Minnie Driver,11258
Bill Murray,12610
Chris Rock,12610
Laurence Fishburne,12610
David Hyde Pierce,12610
Brandy Norwood,12610
Patrick Stewart,59981
Dan Aykroyd,59981
Lea Michele,59981
Hugh Dancy,59981
Jim Belushi,59981
Chris Hemsworth,201088
Viola Davis,201088
Leehom Wang,201088
Tang Wei,201088
Holt McCallany,201088
Gwyneth Paltrow,5137
Angelina Jolie,5137
Jude Law,5137
Giovanni Ribisi,5137
Bai Ling,5137
David Thewlis,3093
Sharon Stone,3093
David Morrissey,3093
Charlotte Rampling,3093
Stan Collymore,3093
Arnold Schwarzenegger,107846
Sylvester Stallone,107846
Jim Caviezel,107846
Vinnie Jones,107846
50 Cent,107846
Kellan Lutz,188207
Liam McIntyre,188207
Gaia Weiss,188207
Scott Adkins,188207
Roxanne McKee,188207
Ben Affleck,4614
Liev Schreiber,4614
Morgan Freeman,4614
James Cromwell,4614
Ken Jenkins,4614
Kristen Stewart,24021
Robert Pattinson,24021
Taylor Lautner,24021
Peter Facinelli,24021
Ashley Greene,24021
Edward Norton,11371
Robert De Niro,11371
Angela Bassett,11371
Marlon Brando,11371
Paul Soles,11371
Steve Carell,20352
Julie Andrews,20352
Will Arnett,20352
Jason Segel,20352
Russell Brand,20352
Woody Harrelson,11517
Jennifer Lopez,11517
Chris Cooper,11517
Wesley Snipes,11517
Robert Blake,11517
Mark Wahlberg,214756
Amanda Seyfried,214756
Giovanni Ribisi,214756
Seth MacFarlane,214756
Jessica Barth,214756
Rachel Weisz,26428
Oscar Isaac,26428
Max Minghella,26428
Ashraf Barhom,26428
Michael Lonsdale,26428
Geoffrey Rush,9824
Ben Stiller,9824
Hank Azaria,9824
William H. Macy,9824
Claire Forlani,9824
Owen Wilson,48988
Jason Sudeikis,48988
Christina Applegate,48988
Jenna Fischer,48988
Nicky Whelan,48988
Russell Crowe,9008
Christopher Plummer,9008
Al Pacino,9008
Diane Venora,9008
Bruce McGill,9008
Chris Pine,300673
Casey Affleck,300673
Ben Foster,300673
Eric Bana,300673
Holliday Grainger,300673
Russell Crowe,12113
Leonardo DiCaprio,12113
Mark Strong,12113
Ali Suliman,12113
Simon McBurney,12113
Paul Rudd,38778
Steve Carell,38778
Jemaine Clement,38778
Zach Galifianakis,38778
Stephanie Szostak,38778
Anthony Mackie,72331
Dominic Cooper,72331
Rufus Sewell,72331
Benjamin Walker,72331
Mary Elizabeth Winstead,72331
Ving Rhames,1844
Will Patton,1844
Catherine Zeta-Jones,1844
Maury Chaykin,1844
Sean Connery,1844
David Duchovny,846
Gillian Anderson,846
Mitch Pileggi,846
William B. Davis,846
John Neville,846
Ben Kingsley,9703
Kevin McKidd,9703
Colin Firth,9703
Aishwarya Rai Bachchan,9703
Peter Mullan,9703
Tom Hanks,857
Vin Diesel,857
Matt Damon,857
Tom Sizemore,857
Barry Pepper,857
Dominic Cooper,136797
Aaron Paul,136797
Rami Malek,136797
Ramón Rodríguez,136797
Imogen Poots,136797
Mel Gibson,3981
Helen Hunt,3981
Marisa Tomei,3981
Lauren Holly,3981
Mark Feuerstein,3981
Jack Black,425
Denis Leary,425
John Leguizamo,425
Ray Romano,425
Goran Visnjic,425
Morgan Freeman,6171
Timothy Olyphant,6171
Jason Lee,6171
Thomas Jane,6171
Damian Lewis,6171
Joseph Gordon-Levitt,72976
David Strathairn,72976
Daniel Day-Lewis,72976
James Spader,72976
Sally Field,72976
Keanu Reeves,603
Laurence Fishburne,603
Carrie-Anne Moss,603
Hugo Weaving,603
Gloria Foster,603
Tom Hanks,568
Bill Paxton,568
Kevin Bacon,568
Ed Harris,568
Gary Sinise,568
Tim Allen,9021
Spencer Breslin,9021
Elizabeth Mitchell,9021
David Krumholtz,9021
Eric Lloyd,9021
Russell Crowe,82695
Anne Hathaway,82695
Hugh Jackman,82695
Sacha Baron Cohen,82695
Amanda Seyfried,82695
Tom Hanks,9489
Parker Posey,9489
Greg Kinnear,9489
Meg Ryan,9489
Katie Sagona,9489
John C. Reilly,12133
Richard Jenkins,12133
Will Ferrell,12133
Adam Scott,12133
Mary Steenburgen,12133
Antonio Banderas,9342
Anthony Hopkins,9342
Catherine Zeta-Jones,9342
Stuart Wilson,9342
Diego Sieres,9342
Robert Downey Jr.,41733
Jamie Foxx,41733
Zach Galifianakis,41733
Michelle Monaghan,41733
Juliette Lewis,41733
Garrett Hedlund,227306
Domhnall Gleeson,227306
Jack O'Connell,227306
Miyavi,227306
Finn Wittrock,227306
Tommy Lee Jones,5551
Donald Sutherland,5551
James Cromwell,5551
James Garner,5551
Clint Eastwood,5551
Sylvester Stallone,9350
John Lithgow,9350
Michael Rooker,9350
Janine Turner,9350
Rex Linn,9350
Delroy Lindo,9208
John Travolta,9208
Christian Slater,9208
Samantha Mathis,9208
Bob Gunton,9208
Emily Mortimer,4244
Bruce Willis,4244
Spencer Breslin,4244
Chi McBride,4244
Lily Tomlin,4244
Maggie Gyllenhaal,1852
Maria Bello,1852
Nicolas Cage,1852
Michael Peña,1852
Jay Hernandez,1852
Kirsten Dunst,11820
Maggie Gyllenhaal,11820
Julia Stiles,11820
Julia Roberts,11820
Ginnifer Goodwin,11820
Megan Fox,76493
Sacha Baron Cohen,76493
Anna Faris,76493
Sayed Badreya,76493
Aasif Mandvi,76493
Nicole Kidman,345
Tom Cruise,345
Madison Eginton,345
Jackie Sawiris,345
Sydney Pollack,345
Jamie Foxx,196867
Cameron Diaz,196867
Rose Byrne,196867
Bobby Cannavale,196867
Quvenzhané Wallis,196867
Will Smith,256591
Margot Robbie,256591
Rodrigo Santoro,256591
Robert Taylor,256591
Gerald McRaney,256591
Chris Pine,59962
Tom Hardy,59962
Reese Witherspoon,59962
Angela Bassett,59962
Laura Vandervoort,59962
Ryan Reynolds,36648
Jessica Biel,36648
Kris Kristofferson,36648
Dominic Purcell,36648
Wesley Snipes,36648
Patrick Swayze,1880
C. Thomas Howell,1880
Lea Thompson,1880
Darren Dalton,1880
Charlie Sheen,1880
Emma Thompson,9440
Kathy Bates,9440
John Travolta,9440
Billy Bob Thornton,9440
Adrian Lester,9440
Michelle Rodriguez,71679
Sienna Guillory,71679
Milla Jovovich,71679
Aryana Engineer,71679
Li Bingbing,71679
Ian McShane,10483
Tyrese Gibson,10483
Jason Statham,10483
Joan Allen,10483
Natalie Martinez,10483
Samuel L. Jackson,11412
Geena Davis,11412
Craig Bierko,11412
Yvonne Zima,11412
Tom Amandes,11412
Russell Crowe,11983
David Morse,11983
Meg Ryan,11983
Pamela Reed,11983
David Caruso,11983
Tim Robbins,6795
Kristen Stewart,6795
Josh Hutcherson,6795
Jonah Bobo,6795
Dax Shepard,6795
Brad Pitt,550
Helena Bonham Carter,550
Jared Leto,550
Edward Norton,550
Meat Loaf,550
Ian McShane,11170
Anthony Mackie,11170
Matthew McConaughey,11170
David Strathairn,11170
Matthew Fox,11170
Bruce Willis,9292
James Coburn,9292
Andie MacDowell,9292
Danny Aiello,9292
Richard E. Grant,9292
John Travolta,10783
Tim Roth,10783
Michael Rapaport,10783
Lisa Kudrow,10783
Ed O'Neill,10783
Bill Nighy,100241
Aaron Eckhart,100241
Jai Courtney,100241
Miranda Otto,100241
Yvonne Strahovski,100241
Ben Kingsley,257
Barney Clark,257
Jamie Foreman,257
Harry Eden,257
Edward Hardwicke,257
Will Yun Lee,9947
Goran Visnjic,9947
Terence Stamp,9947
Jennifer Garner,9947
Cary-Hiroyuki Tagawa,9947
Josh Brolin,189
Joseph Gordon-Levitt,189
Mickey Rourke,189
Jessica Alba,189
Rosario Dawson,189
Harrison Ford,12618
Bonnie Hunt,12618
Kristin Scott Thomas,12618
Charles S. Dutton,12618
Dennis Haysbert,12618
Sam Worthington,253412
Josh Brolin,253412
Jake Gyllenhaal,253412
Jason Clarke,253412
John Hawkes,253412
Ben Whishaw,1427
Simon Chandler,1427
David Calder,1427
Richard Felix,1427
Birgit Minichmayr,1427
Mike Myers,818
Seth Green,818
Beyoncé Knowles,818
Michael York,818
Mindy Sterling,818
Bill Nighy,16577
Nicolas Cage,16577
Freddie Highmore,16577
Kristen Bell,16577
Donald Sutherland,16577
Jeff Goldblum,329
Sam Neill,329
Richard Attenborough,329
Laura Dern,329
Bob Peck,329
Kevin Costner,12160
Dennis Quaid,12160
David Andrews,12160
Gene Hackman,12160
Linden Ashby,12160
Willem Dafoe,9331
Harrison Ford,9331
Henry Czerny,9331
Anne Archer,9331
Joaquim de Almeida,9331
Adrien Brody,300168
Jackie Chan,300168
John Cusack,300168
Sharni Vinson,300168
Benny Urquidez,300168
Marlon Wayans,9072
Tracy Morgan,9072
Kerry Washington,9072
Shawn Wayans,9072
John Witherspoon,9072
Bill Paxton,3536
Matthew McConaughey,3536
Harvey Keitel,3536
Jon Bon Jovi,3536
David Keith,3536
Michael Douglas,9087
Michael J. Fox,9087
Martin Sheen,9087
Annette Bening,9087
Anna Deavere Smith,9087
Mike Myers,12177
Jessica Alba,12177
Justin Timberlake,12177
Romany Malco,12177
Meagan Good,12177
Kevin Costner,12138
Kurt Russell,12138
Kevin Pollak,12138
Courteney Cox,12138
Christian Slater,12138
Samuel L. Jackson,273248
Kurt Russell,273248
Jennifer Jason Leigh,273248
Walton Goggins,273248
Demián Bichir,273248
Amy Poehler,9955
Will Ferrell,9955
Will Arnett,9955
Jon Heder,9955
Jenna Fischer,9955
James Marsden,50359
Hank Azaria,50359
Russell Brand,50359
Kaley Cuoco,50359
Elizabeth Perkins,50359
Gerard Butler,1271
David Wenham,1271
Lena Headey,1271
Dominic West,1271
Vincent Regan,1271
Ben Stiller,693
Dustin Hoffman,693
Robert De Niro,693
Barbra Streisand,693
Teri Polo,693
Owen Wilson,14306
Jennifer Aniston,14306
Alan Arkin,14306
Eric Dane,14306
Kathleen Turner,14306
Tom Hanks,497
James Cromwell,497
Michael Clarke Duncan,497
David Morse,497
Bonnie Hunt,497
Tim Allen,11199
John Travolta,11199
William H. Macy,11199
Martin Lawrence,11199
Ray Liotta,11199
Zach Braff,9982
Joan Cusack,9982
Steve Zahn,9982
Dan Molina,9982
Garry Marshall,9982
Ben Affleck,210577
Rosamund Pike,210577
Neil Patrick Harris,210577
Carrie Coon,210577
Tyler Perry,210577
Brian Cox,2501
Matt Damon,2501
Chris Cooper,2501
Franka Potente,2501
Clive Owen,2501
Famke Janssen,710
Sean Bean,710
Pierce Brosnan,710
Izabella Scorupco,710
Joe Don Baker,710
John Travolta,2275
James Cromwell,2275
Madeleine Stowe,2275
Timothy Hutton,2275
Leslie Stefanson,2275
Jim Carrey,37165
Noah Emmerich,37165
Ed Harris,37165
Laura Linney,37165
Natascha McElhone,37165
Ralph Fiennes,9837
Patrick Stewart,9837
Val Kilmer,9837
Michelle Pfeiffer,9837
Sandra Bullock,9837
Jeff Garlin,10708
Eddie Murphy,10708
Steve Zahn,10708
Regina King,10708
Kevin Nealon,10708
Mark Wahlberg,136400
Bill Paxton,136400
Paula Patton,136400
Denzel Washington,136400
Fred Ward,136400
Tobey Maguire,10992
Jeff Goldblum,10992
Elizabeth Perkins,10992
Alexander Pollock,10992
Miriam Margolyes,10992
Mark Wahlberg,9654
Charlize Theron,9654
Seth Green,9654
Edward Norton,9654
Jason Statham,9654
Sandra Bullock,2642
Hugh Grant,2642
Alicia Witt,2642
Dana Ivey,2642
Robert Klein,2642
Danny Glover,8916
Gene Hackman,8916
Dan Aykroyd,8916
Woody Allen,8916
Anne Bancroft,8916
Jason Bateman,19899
Kristen Bell,19899
Jon Favreau,19899
Malin Åkerman,19899
Vince Vaughn,19899
Nicole Kidman,2119
Tom Cruise,2119
Randy Quaid,2119
Cary Elwes,2119
Robert Duvall,2119
Steve Martin,9641
Bonnie Hunt,9641
Eugene Levy,9641
Tom Welling,9641
Jonathan Bennett,9641
Giancarlo Esposito,294254
Dylan O'Brien,294254
Kaya Scodelario,294254
Thomas Brodie-Sangster,294254
Aidan Gillen,294254
James Franco,38167
Javier Bardem,38167
Billy Crudup,38167
Richard Jenkins,38167
Julia Roberts,38167
Don Cheadle,5994
Nicolas Cage,5994
Téa Leoni,5994
Saul Rubinek,5994
Amber Valletta,5994
Helen Mirren,39514
Karl Urban,39514
John Malkovich,39514
Bruce Willis,39514
Mary-Louise Parker,39514
Jamie Foxx,9563
Dennis Quaid,9563
Cameron Diaz,9563
James Woods,9563
Al Pacino,9563
Scarlett Johansson,547
Robert Redford,547
Sam Neill,547
Kristin Scott Thomas,547
Dianne Wiest,547
Mark Ruffalo,1538
Jamie Foxx,1538
Tom Cruise,1538
Jada Pinkett Smith,1538
Peter Berg,1538
Dwayne Johnson,9334
Michael Clarke Duncan,9334
Kelly Hu,9334
Steven Brand,9334
Bernard Hill,9334
Jacinda Barrett,11128
John Travolta,11128
Robert Patrick,11128
Joaquin Phoenix,11128
Morris Chestnut,11128
Tom Cruise,75780
Richard Jenkins,75780
Rosamund Pike,75780
David Oyelowo,75780
Werner Herzog,75780
Samuel L. Jackson,8914
Michael Rapaport,8914
LL Cool J,8914
Thomas Jane,8914
Saffron Burrows,8914
Michael Jackson,13576
Orianthi,13576
Kenny Ortega,13576
Dorian Holley,13576
Patrick Woodroffe,13576
Kate Winslet,39538
Gwyneth Paltrow,39538
Jude Law,39538
Matt Damon,39538
Marion Cotillard,39538
Michael Shannon,10628
Christopher Walken,10628
Jerry O'Connell,10628
Estella Warren,10628
Anthony Anderson,10628
Dakota Fanning,14836
Teri Hatcher,14836
Keith David,14836
Jennifer Saunders,14836
Dawn French,14836
Mark Wahlberg,8645
Spencer Breslin,8645
Zooey Deschanel,8645
John Leguizamo,8645
Betty Buckley,8645
Dakota Fanning,9509
Denzel Washington,9509
Christopher Walken,9509
Radha Mitchell,9509
Marc Anthony,9509
Robert Downey Jr.,10067
Tim Allen,10067
Danny Glover,10067
Spencer Breslin,10067
Kristin Davis,10067
Owen Wilson,9384
Ben Stiller,9384
Vince Vaughn,9384
Snoop Dogg,9384
Fred Williamson,9384
Arnold Schwarzenegger,9279
Jake Lloyd,9279
Rita Wilson,9279
Phil Hartman,9279
Sinbad,9279
Ron Perlman,1487
Jeffrey Tambor,1487
John Hurt,1487
Selma Blair,1487
Rupert Evans,1487
John Travolta,9422
William H. Macy,9422
Robert Duvall,9422
Tony Shalhoub,9422
Zeljko Ivanek,9422
Casey Affleck,77174
Anna Kendrick,77174
Kodi Smit-McPhee,77174
Tucker Albrizzi,77174
Jodelle Ferland,77174
J.K. Simmons,4824
Bruce Willis,4824
Richard Gere,4824
Diane Venora,4824
Sidney Poitier,4824
Ben Affleck,9620
Aaron Eckhart,9620
Paul Giamatti,9620
Uma Thurman,9620
Colm Feore,9620
Robert Redford,9302
Michelle Pfeiffer,9302
Kate Nelligan,9302
Stockard Channing,9302
Joe Mantegna,9302
Emma Watson,10199
Kevin Kline,10199
Matthew Broderick,10199
Dustin Hoffman,10199
Tracey Ullman,10199
Jackie Chan,10771
Jason Isaacs,10771
Jennifer Love Hewitt,10771
Debi Mazar,10771
Ritchie Coster,10771
Katherine Heigl,3512
Morris Chestnut,3512
Steven Seagal,3512
Eric Bogosian,3512
Everett McGill,3512
Keira Knightley,137094
Chris Pine,137094
Kevin Costner,137094
Kenneth Branagh,137094
Lenn Kudrjawizki,137094
Jennifer Lawrence,274479
Bradley Cooper,274479
Edgar Ramírez,274479
Robert De Niro,274479
Dascha Polanco,274479
Aaron Eckhart,267860
Gerard Butler,267860
Morgan Freeman,267860
Angela Bassett,267860
Melissa Leo,267860
Sigourney Weaver,8078
Ron Perlman,8078
Michael Wincott,8078
Winona Ryder,8078
Brad Dourif,8078
Mark Wahlberg,7485
Danny Glover,7485
Michael Peña,7485
Kate Mara,7485
Elias Koteas,7485
Ben Kingsley,170687
Elle Fanning,170687
Dee Bradley Baker,170687
Isaac Hempstead-Wright,170687
Toni Collette,170687
Nicole Kidman,6435
Sandra Bullock,6435
Goran Visnjic,6435
Stockard Channing,6435
Evan Rachel Wood,6435
Chris Pratt,137106
Elizabeth Banks,137106
Will Ferrell,137106
Will Arnett,137106
Nick Offerman,137106
Sandra Bullock,10040
Regina King,10040
William Shatner,10040
Enrique Murciano,10040
Eileen Brennan,10040
Christian Bale,6278
Gerard Butler,6278
Matthew McConaughey,6278
Izabella Scorupco,6278
Alexander Siddig,6278
Josh Brolin,82682
Emma Stone,82682
Nick Nolte,82682
Sean Penn,82682
Ryan Gosling,82682
Jack Black,17610
Olivia Wilde,17610
Oliver Platt,17610
David Cross,17610
Michael Cera,17610
Matt Damon,22954
Morgan Freeman,22954
Tony Kgoroge,22954
Patrick Mofokeng,22954
Matt Stern,22954
Ben Affleck,16995
Russell Crowe,16995
Jason Bateman,16995
Robin Wright,16995
Rachel McAdams,16995
Paul Giamatti,16558
Julia Roberts,16558
Clive Owen,16558
Tom Wilkinson,16558
Lisa Roberts Gillan,16558
Jeff Daniels,9849
Elizabeth Hurley,9849
Daryl Hannah,9849
Christopher Lloyd,9849
Wallace Shawn,9849
Kiefer Sutherland,5820
Michael Douglas,5820
Eva Longoria,5820
Martin Donovan,5820
Kim Basinger,5820
Gary Oldman,16866
Dwayne Johnson,16866
Jessica Biel,16866
Justin Long,16866
Seann William Scott,16866
Patrick Stewart,201
Jonathan Frakes,201
Brent Spiner,201
LeVar Burton,201
Michael Dorn,201
Geoffrey Rush,11775
George Clooney,11775
Richard Jenkins,11775
Catherine Zeta-Jones,11775
Edward Herrmann,11775
Amy Adams,87825
John Goodman,87825
Matthew Lillard,87825
Justin Timberlake,87825
Clint Eastwood,87825
Ray Winstone,12201
Danny Huston,12201
Mel Gibson,12201
Shawn Roberts,12201
Denis O'Hare,12201
Tom Sizemore,11015
Penelope Ann Miller,11015
Linda Hunt,11015
James Whitmore,11015
Clayton Rohner,11015
Billy Crystal,9932
Robert De Niro,9932
Lisa Kudrow,9932
Joe Viterelli,9932
Cathy Moriarty,9932
Carla Gugino,13389
Robert De Niro,13389
Al Pacino,13389
50 Cent,13389
Donnie Wahlberg,13389
Bruce Willis,8838
Alec Baldwin,8838
Kim Dickens,8838
Chi McBride,8838
Miko Hughes,8838
Robert Downey Jr.,17332
Jamie Foxx,17332
Catherine Keener,17332
Nelsan Ellis,17332
Michael Bunin,17332
Will Smith,4958
Charlize Theron,4958
Matt Damon,4958
Bruce McGill,4958
Joel Gretsch,4958
Frances McDormand,786
Billy Crudup,786
Jason Lee,786
Kate Hudson,786
Patrick Fugit,786
Billy Connolly,9513
Bill Murray,9513
Breckin Meyer,9513
Jennifer Love Hewitt,9513
Ian Abercrombie,9513
Willem Dafoe,11679
Samuel L. Jackson,11679
Ice Cube,11679
Scott Speedman,11679
Peter Strauss,11679
Karl Urban,38321
Paul Bettany,38321
Maggie Q,38321
Lily Collins,38321
Cam Gigandet,38321
Brad Pitt,14411
Michelle Pfeiffer,14411
Catherine Zeta-Jones,14411
Joseph Fiennes,14411
Dennis Haysbert,14411
Laurence Fishburne,8413
Joely Richardson,8413
Sam Neill,8413
Kathleen Quinlan,8413
Richard T. Jones,8413
Kevin Costner,10052
Kathy Bates,10052
Joe Morton,10052
Ron Rifkin,10052
Susanna Thompson,10052
Scarlett Johansson,9676
Aaron Eckhart,9676
Josh Hartnett,9676
Hilary Swank,9676
Mia Kirshner,9676
James Franco,9664
Jean Reno,9664
David Ellison,9664
Philip Winchester,9664
Abdul Salis,9664
Mark Ruffalo,2100
Delroy Lindo,2100
Robert Redford,2100
James Gandolfini,2100
Steve Burton,2100
Peter Facinelli,10384
Angela Bassett,10384
James Spader,10384
Robert Forster,10384
Lou Diamond Phillips,10384
Russell Crowe,137321
William Hurt,137321
Colin Farrell,137321
Jennifer Connelly,137321
Jessica Brown Findlay,137321
Lily Collins,123553
Jamie Campbell Bower,123553
Kevin Zegers,123553
Jemima West,123553
Robert Sheehan,123553
Eddie Murphy,11260
Elizabeth Banks,11260
Gabrielle Union,11260
Ed Helms,11260
Scott Caan,11260
John C. Reilly,9009
Jennifer Connelly,9009
Tim Roth,9009
Dougray Scott,9009
Pete Postlethwaite,9009
Matthew McConaughey,11374
Woody Harrelson,11374
Jenna Elfman,11374
Martin Landau,11374
Sally Kirkland,11374
Brendan Fraser,2309
Andy Serkis,2309
Paul Bettany,2309
Sienna Guillory,2309
Eliza Bennett,2309
Scarlett Johansson,8285
Samuel L. Jackson,8285
Eva Mendes,8285
Paz Vega,8285
Gabriel Macht,8285
Johnny Depp,210860
Gwyneth Paltrow,210860
Ewan McGregor,210860
Paul Bettany,210860
Olivia Munn,210860
Jason Statham,2312
Burt Reynolds,2312
Ray Liotta,2312
John Rhys-Davies,2312
Leelee Sobieski,2312
Angelina Jolie,9839
Linus Roache,9839
Noah Emmerich,9839
Clive Owen,9839
Teri Polo,9839
Gong Li,381902
Aaron Kwok,381902
William Feng,381902
Xiao Shen Yang,381902
Him Law,381902
James Franco,13922
Marton Csokas,13922
Connie Nielsen,13922
Benjamin Bratt,13922
Joseph Fiennes,13922
Ryan Reynolds,293660
T.J. Miller,293660
Morena Baccarin,293660
Ed Skrein,293660
Gina Carano,293660
Eddie Murphy,9713
Jeff Goldblum,9713
Kelly Preston,9713
Robert Loggia,9713
Jon Cryer,9713
Sienna Miller,190859
Bradley Cooper,190859
Kyle Gallner,190859
Cole Konis,190859
Ben Reed,190859
Jack Black,257445
Amy Ryan,257445
Dylan Minnette,257445
Odeya Rush,257445
Jillian Bell,257445
Mark Ruffalo,9007
Reese Witherspoon,9007
Donal Logue,9007
Dina Spybey-Waters,9007
Ben Shenkman,9007
Mark Addy,889
Stephen Baldwin,889
Kristen Johnston,889
Jane Krakowski,889
Joan Collins,889
Sylvester Stallone,1370
Richard Crenna,1370
Kurtwood Smith,1370
Spiros Focás,1370
Sasson Gabai,1370
George Clooney,4942
Renée Zellweger,4942
John Krasinski,4942
Wayne Duvall,4942
Stephen Root,4942
Steve Buscemi,347969
Taylor Lautner,347969
Adam Sandler,347969
Danny Trejo,347969
Terry Crews,347969
Sam Elliott,24438
Sarah Jessica Parker,24438
Mary Steenburgen,24438
Hugh Grant,24438
Natalia Klimas,24438
Owen Wilson,116741
Rose Byrne,116741
Vince Vaughn,116741
Max Minghella,116741
Aasif Mandvi,116741
Milla Jovovich,35791
Kim Coates,35791
Wentworth Miller,35791
Ali Larter,35791
Kacey Clarke,35791
Terrence Howard,72431
Cuba Gooding Jr.,72431
Bryan Cranston,72431
David Oyelowo,72431
Daniela Ruah,72431
Charlize Theron,1813
Keanu Reeves,1813
Al Pacino,1813
Jeffrey Jones,1813
Judith Ivey,1813
Susan Sarandon,87428
Adam Sandler,87428
Andy Samberg,87428
Eva Amurri Martino,87428
Leighton Meester,87428
Dennis Quaid,8840
David Thewlis,8840
Dina Meyer,8840
Pete Postlethwaite,8840
Julie Christie,8840
Salma Hayek,10589
Woody Harrelson,10589
Pierce Brosnan,10589
Troy Garity,10589
Russell Hornsby,10589
Nicolas Cage,71676
Ciarán Hinds,71676
Violante Placido,71676
Fergus Riordan,71676
Johnny Whitworth,71676
Christian Bale,1722
Penélope Cruz,1722
Nicolas Cage,1722
John Hurt,1722
Irene Papas,1722
Vin Diesel,10022
Lauren Graham,10022
Faith Ford,10022
Chris Potter,10022
Brittany Snow,10022
Dwayne Johnson,11358
Johnny Knoxville,11358
Kristen Wilson,11358
Neal McDonough,11358
Cobie Smulders,11358
Tom Hanks,13
Robin Wright,13
Gary Sinise,13
Sally Field,13
Mykelti Williamson,13
Jane Lynch,6477
David Cross,6477
Justin Long,6477
Jason Lee,6477
Cameron Richardson,6477
Owen Wilson,1597
Ben Stiller,1597
Robert De Niro,1597
Teri Polo,1597
Blythe Danner,1597
Mel Gibson,10530
David Ogden Stiers,10530
Irene Bedard,10530
John Kassir,10530
Russell Means,10530
Ned Beatty,1924
Gene Hackman,1924
Marlon Brando,1924
Christopher Reeve,1924
Margot Kidder,1924
Eddie Murphy,9327
Jada Pinkett Smith,9327
James Coburn,9327
Larry Miller,9327
Dave Chappelle,9327
Will Smith,8488
Eva Mendes,8488
Kevin James,8488
Amber Valletta,8488
Julie Ann Emery,8488
Thomas Haden Church,10603
Brendan Fraser,10603
Leslie Mann,10603
John Cleese,10603
Richard Roundtree,10603
Seann William Scott,8273
Jason Biggs,8273
Alyson Hannigan,8273
Eddie Kaye Thomas,8273
Thomas Ian Nicholas,8273
Tom Hanks,109424
Catherine Keener,109424
Max Martini,109424
Chris Mulkey,109424
Yul Vazquez,109424
Mark Wahlberg,35056
Steve Carell,35056
Tina Fey,35056
Taraji P. Henson,35056
Jimmi Simpson,35056
Bill Pullman,8839
Christina Ricci,8839
Cathy Moriarty,8839
Eric Idle,8839
Joe Nipote,8839
Chloë Grace Moretz,156022
Marton Csokas,156022
Denzel Washington,156022
David Harbour,156022
Haley Bennett,156022
Stanley Tucci,7303
Ralph Fiennes,7303
Jennifer Lopez,7303
Natasha Richardson,7303
Tyler Posey,7303
Denzel Washington,8963
Viggo Mortensen,8963
Gene Hackman,8963
Matt Craven,8963
George Dzundza,8963
Will Smith,1402
Thandie Newton,1402
Jaden Smith,1402
Brian Howe,1402
James Karen,1402
Peter Sarsgaard,9315
Sean Bean,9315
Jodie Foster,9315
Kate Beahan,9315
Michael Irby,9315
Donald Sutherland,8984
Michael Douglas,8984
Demi Moore,8984
Dylan Baker,8984
Jacqueline Kim,8984
Nicolas Cage,795
Colm Feore,795
Meg Ryan,795
Andre Braugher,795
Dennis Franz,795
Lucy Liu,24
Uma Thurman,24
Daryl Hannah,24
Vivica A. Fox,24
David Carradine,24
Eddie Murphy,11353
Steve Martin,11353
Christine Baranski,11353
Jamie Kennedy,11353
Heather Graham,11353
Uma Thurman,393
Daryl Hannah,393
David Carradine,393
Michael Madsen,393
Gordon Liu Chia-Hui,393
Kurt Russell,9618
Teri Hatcher,9618
Sylvester Stallone,9618
Jack Palance,9618
Brion James,9618
Bruce Willis,9374
Goldie Hawn,9374
Meryl Streep,9374
Isabella Rossellini,9374
Ian Ogilvy,9374
Owen Wilson,8584
Jackie Chan,8584
Lucy Liu,8584
Xander Berkeley,8584
Roger Yuan,8584
Halle Berry,2320
Oliver Platt,2320
Kurt Russell,2320
John Leguizamo,2320
Steven Seagal,2320
Jim Carrey,58224
Carla Gugino,58224
Madeline Carroll,58224
Angela Lansbury,58224
Ophelia Lovibond,58224
Jackie Chan,1729
Jet Li,1729
Li Bingbing,1729
Michael Angarano,1729
Liu Yifei,1729
Owen Wilson,175574
Amy Poehler,175574
Woody Harrelson,175574
George Takei,175574
Colm Meaney,175574
Sigourney Weaver,8077
Charles Dance,8077
Pete Postlethwaite,8077
Charles S. Dutton,8077
Ralph Brown,8077
Antonio Banderas,8818
Jonathan Pryce,8818
Madonna,8818
Jimmy Nail,8818
Victoria Sus,8818
Stellan Skarsgård,8195
Sean Bean,8195
Jean Reno,8195
Robert De Niro,8195
Natascha McElhone,8195
Emily Mortimer,10586
Val Kilmer,10586
Michael Douglas,10586
Tom Wilkinson,10586
John Kani,10586
Nicole Kidman,116149
Michael Gambon,116149
Ben Whishaw,116149
Imelda Staunton,116149
Peter Capaldi,116149
Jonah Hill,80035
Ben Stiller,80035
Vince Vaughn,80035
Richard Ayoade,80035
Rosemarie DeWitt,80035
Tommy Lee Jones,10632
Benicio del Toro,10632
Connie Nielsen,10632
Leslie Stefanson,10632
John Finn,10632
Cuba Gooding Jr.,12117
Anthony Hopkins,12117
Donald Sutherland,12117
George Dzundza,12117
Maura Tierney,12117
Matt Damon,1792
Eva Mendes,1792
Greg Kinnear,1792
Wen Yann Shih,1792
Seymour Cassel,1792
Woody Harrelson,13260
Will Ferrell,13260
Will Arnett,13260
Maura Tierney,13260
David Koechner,13260
Salma Hayek,72197
Brendan Gleeson,72197
Hugh Grant,72197
Jeremy Piven,72197
Brian Blessed,72197
John Malkovich,3580
Angelina Jolie,3580
Amy Ryan,3580
Jeffrey Donovan,3580
Geoff Pierson,3580
Rachel Weisz,12123
Keanu Reeves,12123
Morgan Freeman,12123
Fred Ward,12123
Kevin Dunn,12123
Benicio del Toro,9566
Robert De Niro,9566
John Leguizamo,9566
Wesley Snipes,9566
Ellen Barkin,9566
Gerard Butler,9833
Emmy Rossum,9833
Patrick Wilson,9833
Minnie Driver,9833
Miranda Richardson,9833
Cate Blanchett,4517
Geoffrey Rush,4517
Clive Owen,4517
Laurence Fox,4517
Tom Hollander,4517
Frances McDormand,8202
Charlize Theron,8202
Jonny Lee Miller,8202
Sophie Okonedo,8202
Marton Csokas,8202
Stephen Lang,16072
Jeff Daniels,16072
Robert Duvall,16072
C. Thomas Howell,16072
Kevin Conway,16072
Brendan Gleeson,34314
Rachel Ticotin,34314
Héctor Elizondo,34314
Lauren Holly,34314
Ray Liotta,34314
Thomas Haden Church,19724
Eddie Murphy,19724
Ronny Cox,19724
Yara Shahidi,19724
Stephen Rannazzisi,19724
Ty Burrell,145220
Tina Fey,145220
Ricky Gervais,145220
Steve Whitmire,145220
Eric Jacobson,145220
Brady Corbet,14623
Soren Fulton,14623
Debora Weston,14623
Lou Hirsch,14623
Alex Barringer,14623
Julianne Hough,42297
Eric Dane,42297
Cam Gigandet,42297
Cher,42297
Christina Aguilera,42297
Audrey Tautou,2841
Gaspard Ulliel,2841
Dominique Pinon,2841
Chantal Neuwirth,2841
André Dussollier,2841
James Mason,802
Sue Lyon,802
Shelley Winters,802
Peter Sellers,802
Lois Maxwell,802
Jeffrey Wright,10375
Sylvester Stallone,10375
Charles S. Dutton,10375
Courtney B. Vance,10375
Tom Berenger,10375
Ron Perlman,36586
Kris Kristofferson,36586
Wesley Snipes,36586
Leonor Varela,36586
Norman Reedus,36586
Will Smith,11321
Woody Harrelson,11321
Rosario Dawson,11321
Michael Ealy,11321
Sarah Jane Morris,11321
Sylvester Stallone,70074
Sung Kang,70074
Adewale Akinnuoye-Agbaje,70074
Sarah Shahi,70074
Jason Momoa,70074
Andy García,242
Diane Keaton,242
Al Pacino,242
Talia Shire,242
Sofia Coppola,242
Orlando Bloom,9621
Kirsten Dunst,9621
Alec Baldwin,9621
Susan Sarandon,9621
Bruce McGill,9621
Owen Wilson,1819
Seth Rogen,1819
Michael Douglas,1819
Kate Hudson,1819
Matt Dillon,1819
Ned Beatty,8536
Gene Hackman,8536
Christopher Reeve,8536
Jackie Cooper,8536
Sarah Douglas,8536
Ben Affleck,8046
Jennifer Lopez,8046
Justin Bartha,8046
Lainie Kazan,8046
Lenny Venito,8046
Kate Winslet,1717
Jude Law,1717
James Gandolfini,1717
Sean Penn,1717
Patricia Clarkson,1717
Christian Bale,479
Jeffrey Wright,479
Samuel L. Jackson,479
Dan Hedaya,479
Busta Rhymes,479
John Cusack,9444
Hank Azaria,9444
Meg Ryan,9444
Christopher Lloyd,9444
Angela Lansbury,9444
Nicole Kidman,824
Ewan McGregor,824
Richard Roxburgh,824
Jim Broadbent,824
John Leguizamo,824
Steve Buscemi,11456
John Travolta,11456
Vince Vaughn,11456
Teri Polo,11456
Matt O'Leary,11456
Johnny Depp,261023
Joel Edgerton,261023
Kevin Bacon,261023
Benedict Cumberbatch,261023
Dakota Johnson,261023
Adam Beach,3683
Ryan Phillippe,3683
Jesse Bradford,3683
John Benjamin Hickey,3683
John Slattery,3683
Jamie Foxx,22803
Gerard Butler,22803
Bruce McGill,22803
Colm Meaney,22803
Leslie Bibb,22803
Kurt Russell,285923
Rosario Dawson,285923
Zoë Bell,285923
Vanessa Ferlito,285923
Sydney Tamiia Poitier,285923
Thandie Newton,39437
Danny Glover,39437
Oprah Winfrey,39437
Lisa Gay Hamilton,39437
Albert Hall,39437
Robert Downey Jr.,1950
Eric Bana,1950
Drew Barrymore,1950
Debra Messing,1950
Robert Duvall,1950
Leonardo DiCaprio,640
Tom Hanks,640
Christopher Walken,640
Martin Sheen,640
Nathalie Baye,640
Chris Pratt,97630
Mark Strong,97630
Joel Edgerton,97630
Jason Clarke,97630
Jessica Chastain,97630
Jon Favreau,9767
Vince Vaughn,9767
Jennifer Aniston,9767
Cole Hauser,9767
Joey Lauren Adams,9767
Stellan Skarsgård,11631
Amanda Seyfried,11631
Pierce Brosnan,11631
Meryl Streep,11631
Colin Firth,11631
Bradley Cooper,32856
Jessica Biel,32856
Jessica Alba,32856
Patrick Dempsey,32856
Eric Dane,32856
Johnny Knoxville,6519
Seann William Scott,6519
Burt Reynolds,6519
Jessica Simpson,6519
Willie Nelson,6519
Adrien Brody,8741
George Clooney,8741
Sean Penn,8741
Jim Caviezel,8741
Ben Chaplin,8741
Olivia Wilde,49520
Ryan Reynolds,49520
Jason Bateman,49520
Leslie Mann,49520
Mircea Monroe,49520
Jim Carrey,1850
Danny DeVito,1850
Courtney Love,1850
Bob Zmuda,1850
Gerry Becker,1850
Joe Pesci,524
Sharon Stone,524
Robert De Niro,524
James Woods,524
Don Rickles,524
Jonathan Rhys Meyers,26389
John Travolta,26389
Kasia Smutniak,26389
Richard Durden,26389
Bing Yin,26389
Chow Yun-fat,11817
Seann William Scott,11817
Jaime King,11817
Karel Roden,11817
K. C. Collins,11817
Jim Carrey,2123
Renée Zellweger,2123
Richard Jenkins,2123
Anthony Anderson,2123
Robert Forster,2123
Sam Elliott,9907
Danny Glover,9907
Kevin James,9907
Wanda Sykes,9907
Courteney Cox,9907
Matthew Broderick,9969
Kristin Davis,9969
Danny DeVito,9969
Kristin Chenoweth,9969
Fred Armisen,9969
Kristen Stewart,18239
Robert Pattinson,18239
Taylor Lautner,18239
Ashley Greene,18239
Billy Burke,18239
Mike Myers,808
Eddie Murphy,808
Cameron Diaz,808
Vincent Cassel,808
John Lithgow,808
Anthony Mackie,38050
Emily Blunt,38050
Matt Damon,38050
John Slattery,38050
Lauren Hodges,38050
Kevin Costner,8367
Alan Rickman,8367
Morgan Freeman,8367
Mary Elizabeth Mastrantonio,8367
Christian Slater,8367
Tom Cruise,9390
Cuba Gooding Jr.,9390
Renée Zellweger,9390
Kelly Preston,9390
Alison Armitage,9390
Mark Wahlberg,72105
Mila Kunis,72105
Giovanni Ribisi,72105
Seth MacFarlane,72105
Joel McHale,72105
Cuba Gooding Jr.,2898
Jack Nicholson,2898
Greg Kinnear,2898
Helen Hunt,2898
Skeet Ulrich,2898
Michael Jeter,10312
Robin Williams,10312
Philip Seymour Hoffman,10312
Peter Coyote,10312
Bob Gunton,10312
Paul Rudd,109443
Steve Carell,109443
Will Ferrell,109443
Christina Applegate,109443
David Koechner,109443
John Turturro,2022
Adam Sandler,2022
Winona Ryder,2022
Allen Covert,2022
Peter Gallagher,2022
Elle Fanning,37686
Kyle Chandler,37686
Joel Courtney,37686
Riley Griffiths,37686
Ryan Lee,37686
Aaron Eckhart,462
Julia Roberts,462
Cherry Jones,462
Albert Finney,462
Marg Helgenberger,462
Matthew McConaughey,9919
Kathryn Hahn,9919
Kate Hudson,9919
Annie Parisse,9919
Adam Goldberg,9919
Channing Tatum,187017
Jonah Hill,187017
Dave Franco,187017
Nick Offerman,187017
Ice Cube,187017
Kirsten Dunst,628
Brad Pitt,628
Tom Cruise,628
Antonio Banderas,628
Christian Slater,628
Jim Carrey,10201
Zooey Deschanel,10201
Rhys Darby,10201
Sasha Alexander,10201
Fionnula Flanagan,10201
Dwayne Johnson,302699
Aaron Paul,302699
Amy Ryan,302699
Kevin Hart,302699
Danielle Nicolet,302699
Susan Sarandon,9441
Ed Harris,9441
Julia Roberts,9441
Liam Aiken,9441
Jena Malone,9441
Mark Wahlberg,274167
Thomas Haden Church,274167
Will Ferrell,274167
Linda Cardellini,274167
Scarlett Estevez,274167
Chris Pine,224141
Emily Blunt,224141
Meryl Streep,224141
Anna Kendrick,224141
James Corden,224141
Willem Dafoe,388
Christopher Plummer,388
Jodie Foster,388
Denzel Washington,388
Clive Owen,388
Maria Bello,2112
Mel Gibson,2112
Kris Kristofferson,2112
Gregg Henry,2112
David Paymer,2112
Laura Linney,10329
Dylan Walsh,10329
Ernie Hudson,10329
Tim Curry,10329
Grant Heslov,10329
Scarlett Johansson,74465
Thomas Haden Church,74465
Matt Damon,74465
Colin Ford,74465
Maggie Elizabeth Jones,74465
Rose Byrne,13811
Nicolas Cage,13811
Ben Mendelsohn,13811
Chandler Canterbury,13811
Nadia Townsend,13811
Bradley Cooper,6877
Matthew McConaughey,6877
Justin Bartha,6877
Zooey Deschanel,6877
Sarah Jessica Parker,6877
Naomi Watts,10320
Simon Baker,10320
Gary Cole,10320
Elizabeth Perkins,10320
David Dorfman,10320
Emma Stone,50646
Steve Carell,50646
Julianne Moore,50646
Marisa Tomei,50646
Ryan Gosling,50646
Bill Murray,8920
Breckin Meyer,8920
Jennifer Love Hewitt,8920
Stephen Tobolowsky,8920
Evan Arnold,8920
Tim Allen,13673
M. Emmet Walsh,13673
Jamie Lee Curtis,13673
Dan Aykroyd,13673
Elizabeth Franz,13673
Chris Pratt,60308
Brad Pitt,60308
Jonah Hill,60308
Philip Seymour Hoffman,60308
Robin Wright,60308
Kevin Spacey,6950
Cuba Gooding Jr.,6950
Dustin Hoffman,6950
Rene Russo,6950
Morgan Freeman,6950
Liam Neeson,225574
Julianne Moore,225574
Scoot McNairy,225574
Michelle Dockery,225574
Nate Parker,225574
Dwayne Johnson,13836
AnnaSophia Robb,13836
Carla Gugino,13836
Alexander Ludwig,13836
Chris Marquette,13836
Hugo Weaving,752
Natalie Portman,752
John Hurt,752
Stephen Rea,752
Stephen Fry,752
Owen Wilson,6038
Jackie Chan,6038
Aidan Gillen,6038
Fann Wong,6038
Aaron Taylor-Johnson,6038
Will Ferrell,9975
David Cross,9975
Drew Barrymore,9975
Dick Van Dyke,9975
Eugene Levy,9975
Michael Keaton,11451
Breckin Meyer,11451
Justin Long,11451
Matt Dillon,11451
Lindsay Lohan,11451
Sean Bean,12103
Michael Douglas,12103
Brittany Murphy,12103
Skye McCole Bartusiak,12103
Guy Torry,12103
Famke Janssen,60304
Gemma Arterton,60304
Jeremy Renner,60304
Pihla Viitala,60304
Derek Mears,60304
Diane Lane,2251
Richard Gere,2251
Zeljko Ivanek,2251
Olivier Martinez,2251
Erik Per Sullivan,2251
Teresa Palmer,46529
Timothy Olyphant,46529
Alex Pettyfer,46529
Dianna Agron,46529
Callan McAuliffe,46529
Jeffrey Wright,231
Amanda Peet,231
George Clooney,231
Matt Damon,231
Chris Cooper,231
James Badge Dale,300671
Toby Stephens,300671
John Krasinski,300671
Max Martini,300671
Pablo Schreiber,300671
Zoe Saldana,228326
Channing Tatum,228326
Diego Luna,228326
Christina Applegate,228326
Eugenio Derbez,228326
Harrison Ford,9754
Jimmy Bennett,9754
Paul Bettany,9754
Virginia Madsen,9754
Carly Schroeder,9754
Scott Glenn,66
Ed Harris,66
Laura Linney,66
Gene Hackman,66
Clint Eastwood,66
Demi Moore,4421
Viggo Mortensen,4421
Anne Bancroft,4421
Jason Beghe,4421
Daniel von Bargen,4421
Michael Douglas,2649
Sean Penn,2649
Deborah Kara Unger,2649
James Rebhorn,2649
Spike Jonze,2649
Sean Bean,588
Radha Mitchell,588
Kim Coates,588
Laurie Holden,588
Deborah Kara Unger,588
Keanu Reeves,10393
Gene Hackman,10393
Brooke Langton,10393
Orlando Jones,10393
Faizon Love,10393
Seann William Scott,71552
Chris Klein,71552
Jason Biggs,71552
Alyson Hannigan,71552
Thomas Ian Nicholas,71552
Kevin Spacey,9631
Samuel L. Jackson,9631
John Spencer,9631
David Morse,9631
Ron Rifkin,9631
Richard Armitage,216282
Sarah Wayne Callies,216282
Matt Walsh,216282
Nathan Kress,216282
Alycia Debnam-Carey,216282
Eddie Murphy,306
Héctor Elizondo,306
Judge Reinhold,306
Gilbert R. Hill,306
Timothy Carhart,306
Zach Galligan,928
Phoebe Cates,928
John Glover,928
Robert Prosky,928
Robert Picardo,928
Robert Downey Jr.,205587
Vincent D'Onofrio,205587
Vera Farmiga,205587
Robert Duvall,205587
Jeremy Strong,205587
Nicole Kidman,6623
George Clooney,6623
Goran Visnjic,6623
Marcel Iureș,6623
Armin Mueller-Stahl,6623
Thomas Kretschmann,1577
Sienna Guillory,1577
Oded Fehr,1577
Milla Jovovich,1577
Sophie Vavasseur,1577
Renée Zellweger,9801
Jim Broadbent,9801
Colin Firth,9801
Hugh Grant,9801
Gemma Jones,9801
Eva Mendes,2116
Denzel Washington,2116
Sanaa Lathan,2116
John Billingsley,2116
Dean Cain,2116
Michael Caine,9624
Steven Seagal,9624
Joan Chen,9624
John C. McGinley,9624
R. Lee Ermey,9624
Taylor Lautner,14199
Kristin Davis,14199
Taylor Dooley,14199
Cayden Boyd,14199
David Arquette,14199
Leonardo DiCaprio,1907
Tilda Swinton,1907
Guillaume Canet,1907
Virginie Ledoyen,1907
Staffan Kihlbom,1907
Joan Cusack,4599
Hayden Panettiere,4599
Spencer Breslin,4599
Kate Hudson,4599
John Corbett,4599
Naomie Harris,22832
Rick Yune,22832
Sung Kang,22832
Randall Duk Kim,22832
Rain,22832
Kevin Costner,10390
John C. Reilly,10390
J.K. Simmons,10390
Kelly Preston,10390
Jena Malone,10390
Ving Rhames,9879
Robert Patrick,9879
Demi Moore,9879
Armand Assante,9879
Burt Reynolds,9879
Emma Stone,38579
Owen Wilson,38579
Steve Coogan,38579
George Lopez,38579
Christopher Mintz-Plasse,38579
Bryce Dallas Howard,44603
Matt Damon,44603
George McLaren,44603
Thierry Neuvic,44603
Cyndi Mayo Davis,44603
Sandra Bullock,11892
Ryan Gosling,11892
Ben Chaplin,11892
Michael Pitt,11892
Agnes Bruckner,11892
Antonio Banderas,9691
Sylvester Stallone,9691
Julianne Moore,9691
Anatoli Davydov,9691
Muse Watson,9691
Rhys Ifans,1248
Gong Li,1248
Dominic West,1248
Gaspard Ulliel,1248
Aaran Thomas,1248
Michelle Pfeiffer,12220
Bruce Willis,12220
Rob Reiner,12220
Colleen Rennison,12220
Jake Sandvig,12220
Frances Fisher,72710
William Hurt,72710
Diane Kruger,72710
Saoirse Ronan,72710
Jake Abel,72710
Samuel L. Jackson,10782
John Travolta,10782
Giovanni Ribisi,10782
Connie Nielsen,10782
Tim Daly,10782
Jeff Daniels,9573
Clint Eastwood,9573
Anjelica Huston,9573
Wanda De Jesus,9573
Tina Lifford,9573
Naomi Watts,4959
Clive Owen,4959
Armin Mueller-Stahl,4959
Ulrich Thomsen,4959
Brían F. O'Byrne,4959
Steve Buscemi,10061
Kurt Russell,10061
Cliff Robertson,10061
Stacy Keach,10061
Pam Grier,10061
Vin Diesel,10386
Jennifer Aniston,10386
Christopher McDonald,10386
Eli Marienthal,10386
Harry Connick Jr.,10386
Cate Blanchett,421
Owen Wilson,421
Willem Dafoe,421
Bill Murray,421
Anjelica Huston,421
Keri Russell,316152
Matthew McConaughey,316152
Gugu Mbatha-Raw,316152
Mahershala Ali,316152
Jacob Lofland,316152
Kevin Spacey,11615
Kate Winslet,11615
Laura Linney,11615
Rhona Mitra,11615
Gabriel Mann,11615
Tommy Lee Jones,13498
Cedric the Entertainer,13498
Christina Milian,13498
Paula Garcés,13498
Monica Keena,13498
Liam Neeson,241554
Joel Kinnaman,241554
Ed Harris,241554
Bruce McGill,241554
Boyd Holbrook,241554
Naomi Watts,2252
Vincent Cassel,2252
Viggo Mortensen,2252
Armin Mueller-Stahl,2252
Sinéad Cusack,2252
Josh Brolin,11968
Paul Walker,11968
Jessica Alba,11968
Scott Caan,11968
Ashley Scott,11968
John Malkovich,10047
Dustin Hoffman,10047
Vincent Cassel,10047
Milla Jovovich,10047
Faye Dunaway,10047
James Franco,38319
Natalie Portman,38319
Danny McBride,38319
Zooey Deschanel,38319
Justin Theroux,38319
Daniel Craig,69668
Naomi Watts,69668
Rachel Weisz,69668
Marton Csokas,69668
Elias Koteas,69668
John Travolta,9770
Dustin Hoffman,9770
Alan Alda,9770
Mia Kirshner,9770
Robert Prosky,9770
Lara Flynn Boyle,11212
Joe Pantoliano,11212
Cynthia Nixon,11212
Joe Mantegna,11212
Brian Haley,11212
Gary Oldman,10533
Demi Moore,10533
Robert Duvall,10533
Edward Hardwicke,10533
Robert Prosky,10533
Naomi Watts,38363
Ty Burrell,38363
Sean Penn,38363
Bruce McGill,38363
Brooke Smith,38363
Keira Knightley,9923
Delroy Lindo,9923
Mickey Rourke,9923
Edgar Ramírez,9923
Mo'Nique,9923
Linda Fiorentino,11863
Michael Biehn,11863
David Caruso,11863
Richard Crenna,11863
Chazz Palminteri,11863
Gerard Butler,18501
Logan Lerman,18501
Amber Valletta,18501
Terry Crews,18501
Michael C. Hall,18501
Viola Davis,109491
Alice Englert,109491
Emmy Rossum,109491
Jeremy Irons,109491
Alden Ehrenreich,109491
Robin Williams,9275
Edward Norton,9275
Catherine Keener,9275
Danny DeVito,9275
Jon Stewart,9275
Penélope Cruz,329833
Owen Wilson,329833
Ben Stiller,329833
Kristen Wiig,329833
Will Ferrell,329833
Owen Wilson,12634
Morgan Freeman,12634
Gary Sinise,12634
Willie Nelson,12634
Sara Foster,12634
John Goodman,10416
Garry Shandling,10416
Greg Kinnear,10416
Linda Fiorentino,10416
Annette Bening,10416
William Fichtner,47327
Nicolas Cage,47327
David Morse,47327
Billy Burke,47327
Amber Heard,47327
Moon Bloodgood,15268
Michael Clarke Duncan,15268
Chris Klein,15268
Neal McDonough,15268
Kristin Kreuk,15268
Delroy Lindo,10796
Jet Li,10796
Carla Gugino,10796
Jason Statham,10796
James Morrison,10796
Lauren Holly,9548
Andrew Dice Clay,9548
Wayne Newton,9548
Priscilla Presley,9548
Morris Day,9548
Rhys Ifans,18947
Bill Nighy,18947
Emma Thompson,18947
Philip Seymour Hoffman,18947
Tom Sturridge,18947
Benicio del Toro,1900
Michael Douglas,1900
Jacob Vargas,1900
Tomás Milián,1900
Russell G. Jones,1900
Harrison Ford,89
Sean Connery,89
John Rhys-Davies,89
Denholm Elliott,89
Alison Doody,89
Keira Knightley,96724
Kelly Macdonald,96724
Jude Law,96724
Matthew Macfadyen,96724
Aaron Taylor-Johnson,96724
Sharlto Copley,198184
Dev Patel,198184
Ninja,198184
Yolandi Visser,198184
Jose Pablo Cantillo,198184
Angelina Jolie,9481
Denzel Washington,9481
Queen Latifah,9481
Michael Rooker,9481
Michael McGlone,9481
Jared Leto,4547
Kristen Stewart,4547
Jodie Foster,4547
Forest Whitaker,4547
Dwight Yoakam,4547
Lochlyn Munro,53953
Chandra West,53953
Steve Bacic,53953
Jianna Ballard,53953
Carrie Fleming,53953
Mark Wahlberg,6415
George Clooney,6415
Cliff Curtis,6415
Ice Cube,6415
Spike Jonze,6415
Gary Oldman,181283
Tom Hardy,181283
Joel Kinnaman,181283
Paddy Considine,181283
Noomi Rapace,181283
Cuba Gooding Jr.,9896
Seth Green,9896
Breckin Meyer,9896
Whoopi Goldberg,9896
Amy Smart,9896
Kevin Spacey,167
Jeff Bridges,167
Alfre Woodard,167
Mary McCormack,167
Ajay Naidu,167
Hugh Jackman,11232
Liev Schreiber,11232
Breckin Meyer,11232
Meg Ryan,11232
Natasha Lyonne,11232
Brendan Fraser,1636
Frances O'Connor,1636
Elizabeth Hurley,1636
Orlando Jones,1636
Paul Adelstein,1636
Diane Lane,2148
Bob Hoskins,2148
Richard Gere,2148
Gregory Hines,2148
Lonette McKee,2148
Christian Bale,5176
Russell Crowe,5176
Logan Lerman,5176
Dallas Roberts,5176
Peter Fonda,5176
Famke Janssen,260346
Liam Neeson,260346
Dougray Scott,260346
Forest Whitaker,260346
Maggie Grace,260346
Don Cheadle,1389
George Clooney,1389
Ving Rhames,1389
Jennifer Lopez,1389
Albert Brooks,1389
Jack Black,9894
Jim Carrey,9894
Matthew Broderick,9894
Leslie Mann,9894
George Segal,9894
Aamir Khan,7504
Nandita Das,7504
Maia Sethna,7504
Kitu Gidwani,7504
Arif Zakaria,7504
Warren Beatty,8592
Al Pacino,8592
Madonna,8592
Charlie Korsmo,8592
Glenne Headly,8592
Denis Leary,913
Pierce Brosnan,913
Rene Russo,913
Ben Gazzara,913
Frankie Faison,913
Steve Zahn,11091
Logan Lerman,11091
Drew Barrymore,11091
Brittany Murphy,11091
Adam Garcia,11091
Brian Dennehy,1368
Sylvester Stallone,1368
Richard Crenna,1368
Bill McKinney,1368
Jack Starrett,1368
Donatas Banionis,593
Natalya Bondarchuk,593
Jüri Järvet,593
Anatoliy Solonitsyn,593
Nikolay Grinko,593
Sarah Michelle Gellar,5393
Andy Dick,5393
George Carlin,5393
Lisa Kaplan,5393
Michael McShane,5393
Michael Gambon,9095
John Malkovich,9095
Julia Roberts,9095
Glenn Close,9095
George Cole,9095
Cameron Diaz,8874
Julia Roberts,8874
Rupert Everett,8874
Dermot Mulroney,8874
Philip Bosco,8874
Billy Crystal,11467
John Cusack,11467
Hank Azaria,11467
Catherine Zeta-Jones,11467
Julia Roberts,11467
Robin Williams,320
Al Pacino,320
Hilary Swank,320
Martin Donovan,320
Maura Tierney,320
Patrick Stewart,199
Jonathan Frakes,199
Brent Spiner,199
LeVar Burton,199
Michael Dorn,199
Josh Brolin,20533
Megan Fox,20533
Michael Fassbender,20533
John Malkovich,20533
Will Arnett,20533
Matt Damon,10684
Denzel Washington,10684
Meg Ryan,10684
Lou Diamond Phillips,10684
Michael Moriarty,10684
Jim Carrey,1624
Jennifer Tilly,1624
Cary Elwes,1624
Maura Tierney,1624
Swoosie Kurtz,1624
Bryan Cranston,325789
Diane Kruger,325789
Benjamin Bratt,325789
John Leguizamo,325789
Daniel Mays,325789
Ben Gazzara,113464
Richard Roundtree,113464
Laurence Olivier,113464
Jacqueline Bisset,113464
Toshirō Mifune,113464
John Goodman,888
Elizabeth Perkins,888
Rick Moranis,888
Rosie O'Donnell,888
Kyle MacLachlan,888
Famke Janssen,82675
Liam Neeson,82675
Rade Serbedzija,82675
Maggie Grace,82675
Luke Grimes,82675
Charlie Sheen,4256
Pamela Anderson,4256
Jenny McCarthy,4256
Marny Eng,4256
Simon Rex,4256
Michael Caine,1493
Sandra Bullock,1493
Benjamin Bratt,1493
William Shatner,1493
Candice Bergen,1493
Brendan Fraser,88751
Josh Hutcherson,88751
Anita Briem,88751
Seth Meyers,88751
Jean Michel Paré,88751
Anne Hathaway,11130
Julie Andrews,11130
Héctor Elizondo,11130
John Rhys-Davies,11130
Heather Matarazzo,11130
William Atherton,9944
Sam Shepard,9944
Julia Roberts,9944
Denzel Washington,9944
John Lithgow,9944
Tommy Lee Jones,10731
Mary-Louise Parker,10731
Susan Sarandon,10731
Anthony LaPaglia,10731
Bradley Whitford,10731
Jack Nicholson,7350
Morgan Freeman,7350
Sean Hayes,7350
Beverly Todd,7350
Alfonso Freeman,7350
Harrison Ford,9869
Anne Archer,9869
Patrick Bergin,9869
Thora Birch,9869
James Fox,9869
Jennifer Lopez,4379
Adam Scott,4379
Wanda Sykes,4379
Jane Fonda,4379
Michael Vartan,4379
Hugh Jackman,146233
Jake Gyllenhaal,146233
Maria Bello,146233
Melissa Leo,146233
Paul Dano,146233
Scott Glenn,2034
Denzel Washington,2034
Tom Berenger,2034
Ethan Hawke,2034
Harris Yulin,2034
Sigourney Weaver,926
Tim Allen,926
Alan Rickman,926
Sam Rockwell,926
Tony Shalhoub,926
Marlon Wayans,4248
David Cross,4248
Anna Faris,4248
Shawn Wayans,4248
James DeBello,4248
Amy Adams,64328
Emily Blunt,64328
Zach Galifianakis,64328
Jason Segel,64328
John Krasinski,64328
Donal Logue,36647
Kris Kristofferson,36647
Wesley Snipes,36647
Stephen Dorff,36647
N'Bushe Wright,36647
Channing Tatum,7214
Samuel L. Jackson,7214
Rob Brown,7214
Robert Ri'chard,7214
Rick Gonzalez,7214
Ben Affleck,1537
Samuel L. Jackson,1537
Sydney Pollack,1537
Toni Collette,1537
Kim Staunton,1537
Owen Wilson,9360
Jon Voight,9360
Jennifer Lopez,9360
Ice Cube,9360
Eric Stoltz,9360
John Goodman,6282
Piper Perabo,6282
Adam Garcia,6282
Izabella Miko,6282
Tyra Banks,6282
Keira Knightley,508
Emma Thompson,508
Laura Linney,508
Heike Makatsch,508
Hugh Grant,508
Kevin Spacey,9487
Hayden Panettiere,9487
Bonnie Hunt,9487
Julia Louis-Dreyfus,9487
Phyllis Diller,9487
Johnny Depp,768
Ian Holm,768
Robbie Coltrane,768
Heather Graham,768
Ian Richardson,768
Sharon Stone,2636
Sylvester Stallone,2636
James Woods,2636
Eric Roberts,2636
Rod Steiger,2636
Kevin Costner,10478
Rene Russo,10478
Don Johnson,10478
Cheech Marin,10478
George Perez,10478
Lucille Ball,27983
Henry Fonda,27983
Van Johnson,27983
Tom Bosley,27983
Louise Troy,27983
Josh Hutcherson,9981
Will Ferrell,9981
Robert Duvall,9981
Kate Walsh,9981
Musetta Vander,9981
Martin Freeman,7453
John Malkovich,7453
Sam Rockwell,7453
Zooey Deschanel,7453
Yasiin Bey,7453
Kenan Thompson,15045
Shedrack Anderson III,15045
Jermaine Williams,15045
Keith Robinson,15045
Alphonso McAuley,15045
Oded Fehr,7737
Milla Jovovich,7737
Iain Glen,7737
Ali Larter,7737
Mike Epps,7737
Drew Barrymore,232672
Bella Thorne,232672
Adam Sandler,232672
Terry Crews,232672
Wendi McLendon-Covey,232672
Queen Latifah,17379
Giancarlo Esposito,17379
LL Cool J,17379
Timothy Hutton,17379
Alicia Witt,17379
John C. Reilly,8987
Kevin Bacon,8987
David Strathairn,8987
Benjamin Bratt,8987
Meryl Streep,8987
Richard Jenkins,11359
Hal Scardino,11359
Litefoot,11359
Lindsay Crouse,11359
Rishi Bhat,11359
Taylor Kitsch,82525
Blake Lively,82525
Salma Hayek,82525
Benicio del Toro,82525
Aaron Taylor-Johnson,82525
Chris Evans,9759
Jessica Biel,9759
William H. Macy,9759
Jason Statham,9759
Kim Basinger,9759
John Malkovich,9486
Rowan Atkinson,9486
Natalie Imbruglia,9486
Tasha de Vasconcelos,9486
Ben Miller,9486
Nicolas Cage,9906
Paul Giamatti,9906
Julia Roberts,9906
Meryl Streep,9906
Bruce Campbell,9906
Brad Dourif,841
Kyle MacLachlan,841
Francesca Annis,841
Leonardo Cimino,841
José Ferrer,841
Jim Sturgess,4688
Evan Rachel Wood,4688
Joe Anderson,4688
Dana Fuchs,4688
Martin Luther,4688
Michael Shannon,4148
Kate Winslet,4148
Leonardo DiCaprio,4148
Kathryn Hahn,4148
David Harbour,4148
Bruce Willis,2207
David Morse,2207
Yasiin Bey,2207
Jenna Stern,2207
David Zayas,2207
Vin Diesel,9381
Michelle Yeoh,9381
Lambert Wilson,9381
Charlotte Rampling,9381
Mélanie Thierry,9381
Brian Cox,9625
Bob Gunton,9625
Steven Seagal,9625
Keenen Ivory Wayans,9625
Michelle Johnson,9625
Michael Keaton,9304
Andie MacDowell,9304
Eugene Levy,9304
Harris Yulin,9304
Zack Duhame,9304
Kevin Nealon,20856
Carter Jenkins,20856
Austin Butler,20856
Robert Hoffman,20856
Doris Roberts,20856
Helen Mirren,5955
Aaron Eckhart,5955
Robin Wright,5955
Jack Nicholson,5955
Vanessa Redgrave,5955
Matthew Broderick,9899
Will Ferrell,9899
Uma Thurman,9899
Eileen Essell,9899
Gary Beach,9899
Billy Zane,9826
Catherine Zeta-Jones,9826
James Remar,9826
Treat Williams,9826
Kristy Swanson,9826
Penélope Cruz,21355
Sam Shepard,21355
Matt Damon,21355
Robert Patrick,21355
Henry Thomas,21355
Anthony Hopkins,10858
Ed Harris,10858
Bob Hoskins,10858
Joan Allen,10858
Powers Boothe,10858
Ewan McGregor,11439
Pierce Brosnan,11439
Kim Cattrall,11439
Jon Bernthal,11439
Tom Wilkinson,11439
Famke Janssen,9457
Treat Williams,9457
Anthony Heald,9457
Kevin J. O'Connor,9457
Una Damon,9457
John Turturro,12412
Michael Ealy,12412
Derek Luke,12412
Laz Alonso,12412
Valentina Cervi,12412
Chow Yun-fat,1494
Jay Chou,1494
Gong Li,1494
Liu Ye,1494
Qin Jun-Jie,1494
Nicolas Cage,13184
Shahkrit Yamnarm,13184
Charlie Yeung,13184
Panward Hemmanee,13184
Nirattisai Kaljaruek,13184
Tim Allen,2185
Ben Foster,2185
Patrick Warburton,2185
Rene Russo,2185
Zooey Deschanel,2185
Javier Bardem,6639
Benjamin Bratt,6639
Héctor Elizondo,6639
Unax Ugalde,6639
Catalina Sandino Moreno,6639
Stephen Lang,38153
Donald Sutherland,38153
Linda Hamilton,38153
Charlie Sheen,38153
Nicholas Turturro,38153
Rosamund Pike,58233
Rowan Atkinson,58233
Gillian Anderson,58233
Dominic West,58233
Daniel Kaluuya,58233
Charlie Sheen,116977
Christopher Lloyd,116977
Eva Longoria,116977
Wayne Brady,116977
Hilary Duff,116977
Ben Affleck,68734
John Goodman,68734
Bryan Cranston,68734
Alan Arkin,68734
Victor Garber,68734
Tommy Lee Jones,5503
Harrison Ford,5503
Sela Ward,5503
Joe Pantoliano,5503
Julianne Moore,5503
Gerard Butler,27573
Jennifer Aniston,27573
Gio Perez,27573
Siobhan Fallon,27573
Joel Garland,27573
Brad Pitt,819
Kevin Bacon,819
Jason Patric,819
Robert De Niro,819
Ron Eldard,819
Sylvester Stallone,1369
Steven Berkoff,1369
Richard Crenna,1369
Charles Napier,1369
Julia Nickson,1369
Joseph Gordon-Levitt,9623
Alec Baldwin,9623
Demi Moore,9623
James Gandolfini,9623
Anne Heche,9623
Mel Blanc,10895
Don Brodie,10895
Walter Catlett,10895
Marion Darlington,10895
Frankie Darro,10895
Kris Kristofferson,10935
John Hurt,10935
Christopher Walken,10935
Isabelle Huppert,10935
Sam Waterston,10935
Kate Beckinsale,834
Scott Speedman,834
Tony Curran,834
Shane Brolly,834
Derek Jacobi,834
Daniel Radcliffe,228066
James McAvoy,228066
Charles Dance,228066
Jessica Brown Findlay,228066
Andrew Scott,228066
F. Murray Abraham,711
Sean Connery,711
Busta Rhymes,711
Rob Brown,711
Anna Paquin,711
Alan Tudyk,10468
Sandra Bullock,10468
Viggo Mortensen,10468
Elizabeth Perkins,10468
Dominic West,10468
Jet Li,10027
Morgan Freeman,10027
Bob Hoskins,10027
Vincent Regan,10027
Dylan Brown,10027
Cameron Diaz,11812
Jason Bateman,11812
Christina Applegate,11812
Selma Blair,11812
Thomas Jane,11812
Tom Cruise,37233
Ed Harris,37233
Holly Hunter,37233
Gene Hackman,37233
Jeanne Tripplehorn,37233
Charlie Tahan,37950
Donal Logue,37950
Zac Efron,37950
Amanda Crew,37950
Augustus Prew,37950
Ben Foster,27582
Donald Sutherland,27582
Jason Statham,27582
Tony Goldwyn,27582
Mini Anden,27582
Channing Tatum,64688
Jonah Hill,64688
Ellie Kemper,64688
Dave Franco,64688
Brie Larson,64688
Rhys Ifans,509
Julia Roberts,509
Tim McInnerny,509
Hugh Grant,509
Gina McKee,509
Mel Gibson,7443
Timothy Spall,7443
Imelda Staunton,7443
Miranda Richardson,7443
Jane Horrocks,7443
Ben Stiller,5966
Philip Seymour Hoffman,5966
Alec Baldwin,5966
Debra Messing,5966
Jennifer Aniston,5966
Halle Berry,11066
Eddie Murphy,11066
Robin Givens,11066
David Alan Grier,11066
Grace Jones,11066
Melissa McCarthy,136795
Sandra Bullock,136795
Michael Rapaport,136795
Demián Bichir,136795
Taran Killam,136795
Martin Landau,8095
Elizabeth Taylor,8095
Richard Burton,8095
Rex Harrison,8095
Roddy McDowall,8095
Salma Hayek,87826
Kevin James,87826
Henry Winkler,87826
Joe Rogan,87826
Reggie Lee,87826
Amanda Peet,11560
Morgan Freeman,11560
Adam Scott,11560
Jim Caviezel,11560
Ashley Judd,11560
Jeff Bridges,25189
Barbra Streisand,25189
Mimi Rogers,25189
George Segal,25189
Lauren Bacall,25189
Will Patton,2637
Laura Linney,2637
Debra Messing,2637
Richard Gere,2637
Bob Tracey,2637
Sacha Baron Cohen,18480
Richard Bey,18480
Ron Paul,18480
Gustaf Hammarsten,18480
Clifford Bañagale,18480
Timothy Dalton,709
Talisa Soto,709
Carey Lowell,709
Robert Davi,709
Anthony Zerbe,709
Gary Oldman,49730
Amanda Seyfried,49730
Billy Burke,49730
Shiloh Fernandez,49730
Max Irons,49730
Kelsey Grammer,2749
Charlize Theron,2749
Robert De Niro,2749
Edward Burns,2749
Avery Brooks,2749
John Leguizamo,9607
Bob Hoskins,9607
Samantha Mathis,9607
Dennis Hopper,9607
Fisher Stevens,9607
Jared Leto,1830
Nicolas Cage,1830
Bridget Moynahan,1830
Eamonn Walker,1830
Ethan Hawke,1830
Jet Li,79
Zhang Ziyi,79
Tony Leung Chiu-Wai,79
Maggie Cheung,79
Donnie Yen,79
John Leguizamo,54054
Katherine Heigl,54054
Jason O'Mara,54054
Daniel Sunjata,54054
Sherri Shepherd,54054
James Franco,228967
Seth Rogen,228967
Lizzy Caplan,228967
Randall Park,228967
Diana Bang,228967
Kate Bosworth,46528
Geoffrey Rush,46528
Danny Huston,46528
Jang Dong-gun,46528
Ti Lung,46528
Dominique Pinon,27936
André Dussollier,27936
Dany Boon,27936
Jean-Pierre Marielle,27936
Julie Ferrier,27936
Michael Shannon,65
Brittany Murphy,65
Kim Basinger,65
Eminem,65
Mekhi Phifer,65
Jamel Debbouze,280391
Arié Elmaleh,280391
Mélissa Theuriau,280391
Patrice Thibaud,280391
Christian Hecq,280391
Heath Ledger,9476
Paul Bettany,9476
Rufus Sewell,9476
Shannyn Sossamon,9476
Laura Fraser,9476
Jackie Chan,10610
Claire Forlani,10610
John Rhys-Davies,10610
Lee Evans,10610
Julian Sands,10610
Bruce Willis,745
Haley Joel Osment,745
Olivia Williams,745
Toni Collette,745
Donnie Wahlberg,745
Sam Worthington,49527
Elizabeth Banks,49527
Jamie Bell,49527
Ed Harris,49527
Edward Burns,49527
Jack Black,73937
Owen Wilson,73937
Jim Parsons,73937
Steve Martin,73937
Rashida Jones,73937
Ralph Macchio,1885
Pat Morita,1885
William Zabka,1885
Martin Kove,1885
Chad McQueen,1885
Christian Bale,168672
Amy Adams,168672
Jennifer Lawrence,168672
Bradley Cooper,168672
Jeremy Renner,168672
Ryan Reynolds,18240
Sandra Bullock,18240
Craig T. Nelson,18240
Mary Steenburgen,18240
Betty White,18240
Tommy Lee Jones,10398
Bruce Greenwood,10398
Ashley Judd,10398
Annabeth Gish,10398
Benjamin Weir,10398
Michael J. Fox,165
Elisabeth Shue,165
Lea Thompson,165
Christopher Lloyd,165
James Tolkan,165
Scarlett Johansson,240832
Morgan Freeman,240832
Choi Min-sik,240832
Amr Waked,240832
Julian Rhind-Tutt,240832
Dakota Johnson,216015
Jamie Dornan,216015
Jennifer Ehle,216015
Eloise Mumford,216015
Victor Rasuk,216015
Daryl Sabara,12279
Antonio Banderas,12279
Carla Gugino,12279
Sylvester Stallone,12279
Alexa PenaVega,12279
Kevin Spacey,1645
Oliver Platt,1645
Samuel L. Jackson,1645
Matthew McConaughey,1645
Sandra Bullock,1645
Steve Martin,11007
Piper Perabo,11007
Bonnie Hunt,11007
Tom Welling,11007
Hilary Duff,11007
Taylor Kitsch,193756
Mark Wahlberg,193756
Ben Foster,193756
Emile Hirsch,193756
Yousuf Azami,193756
Tom Hanks,11287
Geena Davis,11287
Madonna,11287
Lori Petty,11287
Jon Lovitz,11287
Patrick Wilson,259693
Frances O'Connor,259693
Vera Farmiga,259693
Madison Wolfe,259693
Lauren Esposito,259693
Armie Hammer,37799
Andrew Garfield,37799
Jesse Eisenberg,37799
Justin Timberlake,37799
Max Minghella,37799
Ben Affleck,10184
Jennifer Connelly,10184
Drew Barrymore,10184
Jennifer Aniston,10184
Kevin Connolly,10184
Bill Pullman,4257
Anna Faris,4257
Craig Bierko,4257
Anthony Anderson,4257
Regina Hall,4257
Patrick Dempsey,4234
Courteney Cox,4234
David Arquette,4234
Neve Campbell,4234
Scott Foley,4234
Michael J. Fox,196
Mary Steenburgen,196
Lea Thompson,196
Christopher Lloyd,196
Thomas F. Wilson,196
Will Ferrell,257091
Craig T. Nelson,257091
Kevin Hart,257091
Alison Brie,257091
T.I.,257091
Gary Oldman,6114
Keanu Reeves,6114
Anthony Hopkins,6114
Winona Ryder,6114
Richard E. Grant,6114
Amy Adams,24803
Stanley Tucci,24803
Meryl Streep,24803
Chris Messina,24803
Linda Emond,24803
Harrison Ford,109410
Christopher Meloni,109410
Chadwick Boseman,109410
T.R. Knight,109410
Nicole Beharie,109410
Cate Blanchett,1213
Gwyneth Paltrow,1213
Philip Seymour Hoffman,1213
Jude Law,1213
Matt Damon,1213
Jim Carrey,100042
Jeff Daniels,100042
Kathleen Turner,100042
Rachel Melvin,100042
Brady Bluhm,100042
Paul Walker,9036
Moon Bloodgood,9036
Bruce Greenwood,9036
Jason Biggs,9036
Gerard Plunkett,9036
Anne Hathaway,257211
Rene Russo,257211
Robert De Niro,257211
Anders Holm,257211
JoJo Kushner,257211
Ken Jeong,323675
Kevin Hart,323675
Ice Cube,323675
Olivia Munn,323675
Tika Sumpter,323675
Daniel Day-Lewis,9361
Madeleine Stowe,9361
Russell Means,9361
Eric Schweig,9361
Jodhi May,9361
Jamie Foxx,1677
Kerry Washington,1677
Regina King,1677
Harry Lennix,1677
Clifton Powell,1677
Mickey Rourke,187
Jessica Alba,187
Rosario Dawson,187
Clive Owen,187
Devon Aoki,187
Sigourney Weaver,7461
William Hurt,7461
Dennis Quaid,7461
Matthew Fox,7461
Forest Whitaker,7461
Paul Rudd,16538
J.K. Simmons,16538
Jason Segel,16538
Andy Samberg,16538
Rashida Jones,16538
Jack Black,9889
Gwyneth Paltrow,9889
Jason Alexander,9889
Bruce McGill,9889
Joe Viterelli,9889
Gary Oldman,820
Tommy Lee Jones,820
Kevin Costner,820
Kevin Bacon,820
Michael Rooker,820
Zachary Levi,11565
Martin Lawrence,11565
Nia Long,11565
Emily Procter,11565
Mark Moses,11565
Brad Pitt,6073
J.K. Simmons,6073
Julia Roberts,6073
James Gandolfini,6073
Gene Hackman,6073
Leslie Mann,16996
Zac Efron,16996
Matthew Perry,16996
Tyler Steelman,16996
Allison Miller,16996
Cameron Diaz,193610
Nikolaj Coster-Waldau,193610
Leslie Mann,193610
Don Johnson,193610
Kate Upton,193610
Bobby Campo,19912
Shantel VanSanten,19912
Nick Zano,19912
Haley Webb,19912
Krista Allen,19912
Tom Hanks,296098
Mark Rylance,296098
Amy Ryan,296098
Sebastian Koch,296098
Alan Alda,296098
Owen Wilson,8007
Gene Hackman,8007
Gabriel Macht,8007
David Keith,8007
Charles Malik Whitfield,8007
Jonah Hill,32823
Rose Byrne,32823
Russell Brand,32823
Colm Meaney,32823
Elisabeth Moss,32823
Stanley Tucci,4380
Jennifer Lopez,4380
Susan Sarandon,4380
Lisa Ann Walter,4380
Richard Gere,4380
Kirsten Dunst,11551
Denis Leary,11551
David Cross,11551
Phil Hartman,11551
Gregory Smith,11551
John Leguizamo,10336
Martin Sheen,10336
Theresa Randle,10336
Michael Jai White,10336
Nicol Williamson,10336
Guy Pearce,11362
Richard Harris,11362
Jim Caviezel,11362
James Frain,11362
Dagmara Domińczyk,11362
Matthew McConaughey,50348
Josh Lucas,50348
William H. Macy,50348
Marisa Tomei,50348
Ryan Phillippe,50348
Liam Neeson,48138
Diane Kruger,48138
January Jones,48138
Aidan Quinn,48138
Bruno Ganz,48138
Christian Bale,1124
Michael Caine,1124
Scarlett Johansson,1124
Hugh Jackman,1124
Andy Serkis,1124
Kevin Spacey,227159
Charlie Day,227159
Jason Bateman,227159
Jason Sudeikis,227159
Jennifer Aniston,227159
Brendan Fraser,68179
Jessica Alba,68179
Sarah Jessica Parker,68179
Ricky Gervais,68179
Rob Corddry,68179
Rudy Youngblood,1579
Raoul Max Trujillo,1579
Gerardo Taracena,1579
Iazua Larios,1579
Antonio Monroy,1579
Timothy Dalton,708
Joe Don Baker,708
John Rhys-Davies,708
Maryam d'Abo,708
Jeroen Krabbé,708
Adrien Brody,34851
Topher Grace,34851
Alice Braga,34851
Laurence Fishburne,34851
Danny Trejo,34851
Robert Redford,9930
Brian Dennehy,9930
Terence Stamp,9930
Daryl Hannah,9930
Debra Winger,9930
Johnny Depp,1586
John Turturro,1586
Charles S. Dutton,1586
Timothy Hutton,1586
Len Cariou,1586
Christopher Plummer,2044
Keanu Reeves,2044
Sandra Bullock,2044
Shohreh Aghdashloo,2044
Ebon Moss-Bachrach,2044
Peter Sarsgaard,9913
John Hurt,9913
Kate Hudson,9913
Gena Rowlands,9913
Joy Bryant,9913
Joel Edgerton,71864
Jennifer Garner,71864
Rosemarie DeWitt,71864
Ron Livingston,71864
CJ Adams,71864
Kevin McKidd,10761
Michelle Monaghan,10761
Patrick Dempsey,10761
Chris Messina,10761
Richmond Arquette,10761
Christopher Walken,209451
Vincent Piazza,209451
Freya Tingley,209451
James Madio,209451
Sean Whalen,209451
Claire Danes,11975
Jon Voight,11975
Matt Damon,11975
Danny DeVito,11975
Mary Kay Place,11975
Robert Downey Jr.,4970
Penélope Cruz,4970
Halle Berry,4970
Charles S. Dutton,4970
John Carroll Lynch,4970
Djimon Hounsou,11831
Matthew McConaughey,11831
Anthony Hopkins,11831
Morgan Freeman,11831
Nigel Hawthorne,11831
Sean Connery,9096
Lorraine Bracco,9096
José Wilker,9096
Rodolfo De Alexandre,9096
Angelo Barra Moreira,9096
Steven Pasquale,440
Reiko Aylesworth,440
John Ortiz,440
Ariel Gade,440
Sam Trammell,440
Edward Herrmann,11011
Macaulay Culkin,11011
John Larroquette,11011
Christine Ebersole,11011
Michael Maccarone,11011
Vera Farmiga,10641
Richard Gere,10641
Winona Ryder,10641
Anthony LaPaglia,10641
Elaine Stritch,10641
Drew Barrymore,11172
Scott Porter,11172
Brad Garrett,11172
Hugh Grant,11172
Haley Bennett,11172
Simon Pegg,39513
Seth Rogen,39513
Jason Bateman,39513
Kristen Wiig,39513
Nick Frost,39513
Colin Hanks,82687
Seth Rogen,82687
Barbra Streisand,82687
Adam Scott,82687
Yvonne Strahovski,82687
Hayden Panettiere,41446
Courteney Cox,41446
Emma Roberts,41446
David Arquette,41446
Neve Campbell,41446
Nicolas Cage,8224
Joaquin Phoenix,8224
James Gandolfini,8224
Anthony Heald,8224
Chris Bauer,8224
Val Kilmer,10537
Meg Ryan,10537
Kyle MacLachlan,10537
Frank Whaley,10537
Kevin Dillon,10537
Cameron Diaz,225886
Ellie Kemper,225886
Jason Segel,225886
Rob Corddry,225886
Rob Lowe,225886
Diane Keaton,10385
Meg Ryan,10385
Lisa Kudrow,10385
Walter Matthau,10385
Adam Arkin,10385
Emma Bell,55779
Nicholas D'Agosto,55779
Miles Fisher,55779
Ellen Wroe,55779
Jacqueline MacInnes Wood,55779
James Caan,10154
Hugh Grant,10154
James Fox,10154
Jeanne Tripplehorn,10154
Burt Young,10154
Kevin Spacey,10647
Jay Mohr,10647
Haley Joel Osment,10647
Helen Hunt,10647
Jim Caviezel,10647
Drew Barrymore,11431
Jimmy Fallon,11431
Jason Spevack,11431
Jack Kehler,11431
Maureen Keiller,11431
Owen Wilson,8457
Leslie Mann,8457
David Dorfman,8457
Josh Peck,8457
Nate Hartley,8457
Liam Neeson,188161
Charlize Theron,188161
Amanda Seyfried,188161
Neil Patrick Harris,188161
Seth MacFarlane,188161
Ian McKellen,8850
Alec Baldwin,8850
Peter Boyle,8850
Penelope Ann Miller,8850
John Lone,8850
Max von Sydow,64685
John Goodman,64685
Tom Hanks,64685
Sandra Bullock,64685
Thomas Horn,64685
Harrison Ford,38357
Jeff Goldblum,38357
Patrick Wilson,38357
Diane Keaton,38357
Rachel McAdams,38357
Terrence Howard,10060
Adewale Akinnuoye-Agbaje,10060
50 Cent,10060
Joy Bryant,10060
Omar Benson Miller,10060
Donald Sutherland,11398
Maury Chaykin,11398
Michael Biehn,11398
Wesley Snipes,11398
Anne Archer,11398
Rosario Dawson,1833
Anthony Rapp,1833
Adam Pascal,1833
Jesse L. Martin,1833
Wilson Jermaine Heredia,1833
Christina Ricci,10391
Rufus Sewell,10391
Kim Basinger,10391
Angela Bettis,10391
Holliston Coleman,10391
Steve Martin,8970
Goldie Hawn,8970
John Cleese,8970
Mark McKinney,8970
Jessica Cauffiel,8970
Val Kilmer,9306
David Thewlis,9306
Marlon Brando,9306
Fairuza Balk,9306
Daniel Rigney,9306
Tim Roth,11370
Stephen Rea,11370
Catherine Deneuve,11370
Mena Suvari,11370
Justin Chambers,11370
Scarlett Johansson,12184
Natalie Portman,12184
Eric Bana,12184
Jim Sturgess,12184
Kristin Scott Thomas,12184
Lauren Graham,1921
Charlize Theron,1921
Keanu Reeves,1921
Jason Isaacs,1921
Greg Germann,1921
Idris Elba,1683
AnnaSophia Robb,1683
Hilary Swank,1683
Stephen Rea,1683
David Morrissey,1683
Robert De Niro,203
Harvey Keitel,203
David Proval,203
Amy Robinson,203
Richard Romanus,203
Mark Wahlberg,11858
James Remar,11858
Danny DeVito,11858
Gregory Hines,11858
Ed Begley Jr.,11858
Zoe Saldana,62835
Lennie James,62835
Cliff Curtis,62835
Michael Vartan,62835
Callum Blue,62835
Gary Oldman,18937
Don Rickles,18937
Cary Elwes,18937
Jessalyn Gilsig,18937
Jane Seymour,18937
James Franco,13536
Frances McDormand,13536
Robert De Niro,13536
George Dzundza,13536
Eliza Dushku,13536
Val Kilmer,15556
Mira Sorvino,15556
Kelly McGillis,15556
Steven Weber,15556
Bruce Davison,15556
Adam Scott,10718
Ice Cube,10718
Martin Henderson,10718
Monet Mazur,10718
Matt Schulze,10718
John Cusack,11062
Al Pacino,11062
Bridget Fonda,11062
Martin Landau,11062
Danny Aiello,11062
Gina Gershon,10802
Kyle MacLachlan,10802
Robert Davi,10802
Elizabeth Berkley,10802
Glenn Plummer,10802
Kirsten Dunst,1887
Rose Byrne,1887
Rip Torn,1887
Jason Schwartzman,1887
Judy Davis,1887
Samuel L. Jackson,6071
Nicolas Cage,6071
Helen Hunt,6071
David Caruso,6071
Kathryn Erbe,6071
Mickey Rourke,10461
Sylvester Stallone,10461
Miranda Richardson,10461
Rachael Leigh Cook,10461
Johnny Strong,10461
Naomi Watts,80278
Ewan McGregor,80278
Tom Holland,80278
Samuel Joslin,80278
Oaklee Pendergast,80278
Dustin Hoffman,12704
Warren Beatty,12704
Isabelle Adjani,12704
Charles Grodin,12704
Jack Weston,12704
Bill Murray,10315
George Clooney,10315
Meryl Streep,10315
Jason Schwartzman,10315
Wallace Wolodarsky,10315
Angelina Jolie,16643
Edward Burns,16643
Tony Shalhoub,16643
Christian Kane,16643
Melissa Errico,16643
Sam Neill,2687
Daryl Hannah,2687
Stephen Tobolowsky,2687
Chevy Chase,2687
Michael McKean,2687
Audrey Tautou,194
Mathieu Kassovitz,194
Jamel Debbouze,194
Rufus,194
Claire Maurier,194
Eugene Levy,11025
Ashley Olsen,11025
Mary-Kate Olsen,11025
Andy Richter,11025
Riley Smith,11025
Jude Law,8849
Marisa Tomei,8849
Jane Krakowski,8849
Omar Epps,8849
Renée Taylor,8849
Kristen Bell,78698
Drew Barrymore,78698
John Krasinski,78698
Dermot Mulroney,78698
Vinessa Shaw,78698
Michelle Pfeiffer,30943
Treat Williams,30943
Whoopi Goldberg,30943
Jonathan Jackson,30943
Cory Buck,30943
Stephen Rea,9544
Natascha McElhone,9544
Stephen Dorff,9544
Udo Kier,9544
Amelia Curtis,9544
Salma Hayek,24418
John C. Reilly,24418
Josh Hutcherson,24418
Patrick Fugit,24418
Chris Massoglia,24418
Ben Stiller,7288
Drew Barrymore,7288
Amber Valletta,7288
Justin Theroux,7288
Eileen Essell,7288
Samuel L. Jackson,14655
Bernie Mac,14655
Sean Hayes,14655
Sharon Leal,14655
Adam Herschman,14655
M. Emmet Walsh,24575
Anne Archer,24575
Richard Jordan,24575
David Selby,24575
Alec Guinness,24575
Michael Jai White,10366
Jean-Claude Van Damme,10366
Kiana Tom,10366
Bill Goldberg,10366
Heidi Schanz,10366
Dennis Quaid,19898
Ben Foster,19898
Cam Gigandet,19898
Antje Traue,19898
Cung Le,19898
Vincent D'Onofrio,4965
Gary Sinise,4965
Tony Shalhoub,4965
Madeleine Stowe,4965
Mekhi Phifer,4965
Rufus Sewell,15074
Devon Sawa,15074
Bridgette Wilson,15074
Rupert Graves,15074
Heino Ferch,15074
Jean Reno,56715
Christina Applegate,56715
Christian Clavier,56715
Matt Ross,56715
Tara Reid,56715
Chris Evans,1272
Rose Byrne,1272
Michelle Yeoh,1272
Cliff Curtis,1272
Cillian Murphy,1272
Eddie Murphy,72358
Allison Janney,72358
Kerry Washington,72358
Cliff Curtis,72358
Clark Duke,72358
Val Kilmer,20542
Freddie Prinze Jr.,20542
Chris Kattan,20542
Anne Bancroft,20542
Jennifer Love Hewitt,20542
Javier Bardem,266396
Ray Winstone,266396
Mark Rylance,266396
Sean Penn,266396
Jasmine Trinca,266396
Ewan McGregor,9978
Robbie Coltrane,9978
Sarah Bolger,9978
Stephen Fry,9978
Alex Pettyfer,9978
Shia LaBeouf,8271
Carrie-Anne Moss,8271
David Morse,8271
Sarah Roemer,8271
Aaron Yoo,8271
Angelina Jolie,10428
Jonny Lee Miller,10428
Matthew Lillard,10428
Jesse Bradford,10428
Renoly Santiago,10428
Jesse Eisenberg,5353
Terrence Howard,5353
Diane Kruger,5353
Richard Gere,5353
James Brolin,5353
Tim Robbins,11934
John Mahoney,11934
Jennifer Jason Leigh,11934
Paul Newman,11934
Charles Durning,11934
Jet Li,14392
Andy Lau,14392
Takeshi Kaneshiro,14392
Xu Jinglei,14392
Wei Zongwan,14392
Jason Scott Lee,19495
Jay Hernandez,19495
Kuno Becker,19495
Doskhan Zholzhaksynov,19495
Ayanat Ksenbai,19495
Chris Evans,110415
Tilda Swinton,110415
Ed Harris,110415
John Hurt,110415
Song Kang-ho,110415
Vanessa Paradis,77459
Mathieu Chedid,77459
Gad Elmaleh,77459
François Cluzet,77459
Ludivine Sagnier,77459
Matthew Broderick,26486
Alec Baldwin,26486
Ray Liotta,26486
Toni Collette,26486
Calista Flockhart,26486
Michael Wincott,9495
Bai Ling,9495
Ernie Hudson,9495
Brandon Lee,9495
Rochelle Davis,9495
Prabhas,256040
Rana Daggubati,256040
Tamanna Bhatia,256040
Anushka Shetty,256040
Ramya Krishnan,256040
Eric Bana,24420
Rachel McAdams,24420
Ron Livingston,24420
Michelle Nolden,24420
Arliss Howard,24420
Mandy Moore,1257
Lauren Graham,1257
Diane Keaton,1257
Gabriel Macht,1257
Tom Everett Scott,1257
Charlie Tahan,62214
Catherine O'Hara,62214
Martin Landau,62214
Martin Short,62214
Atticus Shaffer,62214
Alan Tudyk,16320
Morena Baccarin,16320
Nathan Fillion,16320
Gina Torres,16320
Adam Baldwin,16320
Kerry Washington,8842
Tony Shalhoub,8842
Meg Ryan,8842
Omar Epps,8842
Joe Cortese,8842
Christopher Reeve,9531
Jackie Cooper,9531
Richard Pryor,9531
Marc McClure,9531
Annette O'Toole,9531
Robert De Niro,64807
Sylvester Stallone,64807
Alan Arkin,64807
Jon Bernthal,64807
Kevin Hart,64807
Tony Leung Chiu-Wai,12289
Takeshi Kaneshiro,12289
Chang Chen,12289
Hu Jun,12289
Song Jia,12289
Reese Witherspoon,11529
Josh Lucas,11529
Rhona Mitra,11529
Patrick Dempsey,11529
Candice Bergen,11529
Gerard Butler,20943
Katherine Heigl,20943
Eric Winter,20943
Bree Turner,20943
Nick Searcy,20943
Steve Martin,9099
Dan Aykroyd,9099
Phil Hartman,9099
Glenne Headly,9099
Daryl Mitchell,9099
Steve Buscemi,9488
Daryl Sabara,9488
Antonio Banderas,9488
Carla Gugino,9488
Alexa PenaVega,9488
Patrick Stewart,193
Jonathan Frakes,193
Brent Spiner,193
LeVar Burton,193
Michael Dorn,193
Zhang Ziyi,44865
Tony Leung Chiu-Wai,44865
Chang Chen,44865
Song Hye-kyo,44865
Zhao Benshan,44865
Christoph Waltz,55787
Reese Witherspoon,55787
Robert Pattinson,55787
Hal Holbrook,55787
Tatum Etheridge,55787
Carrie-Anne Moss,257932
Lucas Grabeel,257932
Blythe Auffarth,257932
Charlie Schlatter,257932
Simon Jaglom,257932
John Hannah,10400
Liev Schreiber,10400
Denzel Washington,10400
Deborah Kara Unger,10400
Vicellous Reon Shannon,10400
Jennifer Lopez,1957
Juliette Lewis,1957
Fred Ward,1957
Billy Campbell,1957
Dan Futterman,1957
Sigourney Weaver,10833
Jason Lee,10833
Gene Hackman,10833
Ray Liotta,10833
Jennifer Love Hewitt,10833
Kevin James,256961
Neal McDonough,256961
Raini Rodriguez,256961
Eduardo Verástegui,256961
Daniella Alonso,256961
Terrence Howard,5852
Jennifer Lopez,5852
Jim Caviezel,5852
Jeremy Sisto,5852
Sônia Braga,5852
Tim Allen,12312
Jim Belushi,12312
Greg Germann,12312
Julie Bowen,12312
Kelly Lynch,12312
Johnny Depp,622
Frank Langella,622
Lena Olin,622
Emmanuelle Seigner,622
Barbara Jefford,622
Sarah Jessica Parker,11306
Gene Hackman,11306
David Morse,11306
Hugh Grant,11306
Bill Nunn,11306
Mark Wahlberg,12508
Jason Flemyng,12508
Jennifer Aniston,12508
Dominic West,12508
Jason Bonham,12508
Paula Patton,25793
Mo'Nique,25793
Gabourey Sidibe,25793
Mariah Carey,25793
Lenny Kravitz,25793
Jeff Bridges,10534
Jeremy Sisto,10534
Caroline Goodall,10534
John Savage,10534
Scott Wolf,10534
Kurt Russell,1091
Keith David,1091
Wilford Brimley,1091
Donald Moffat,1091
Richard Dysart,1091
Vin Diesel,87421
Karl Urban,87421
Jordi Mollà,87421
Katee Sackhoff,87421
Bokeem Woodbine,87421
Dennis Quaid,10871
Danny Glover,10871
R. Lee Ermey,10871
Claudia Stedelin,10871
Brent Hinkley,10871
Dylan McDermott,13503
Ashton Kutcher,13503
Rachael Leigh Cook,13503
James Van Der Beek,13503
Usher Raymond,13503
Bill Murray,13600
Saoirse Ronan,13600
Martin Landau,13600
Mary Kay Place,13600
Harry Treadaway,13600
Amy Adams,68722
Philip Seymour Hoffman,68722
Joaquin Phoenix,68722
Laura Dern,68722
Jesse Plemons,68722
Hayden Christensen,14324
Ryan Cartwright,14324
Mischa Barton,14324
Jay Villiers,14324
Simone Spinazzè,14324
Dennis Quaid,14325
Charles S. Dutton,14325
Rob Brown,14325
Darrin Henson,14325
Aunjanue Ellis,14325
Nick Robinson,299687
Chloë Grace Moretz,299687
Maika Monroe,299687
Alex Roe,299687
Zackary Arthur,299687
Graham McTavish,312221
Michael B. Jordan,312221
Sylvester Stallone,312221
Tessa Thompson,312221
Phylicia Rashād,312221
Ben Affleck,23168
Blake Lively,23168
Rebecca Hall,23168
Jeremy Renner,23168
Jon Hamm,23168
Brooklyn Decker,76494
Cameron Diaz,76494
Elizabeth Banks,76494
Jennifer Lopez,76494
Anna Kendrick,76494
Brad Pitt,4944
John Malkovich,4944
Frances McDormand,4944
George Clooney,4944
Tilda Swinton,4944
Gerard Butler,10488
Jodie Foster,10488
Abigail Breslin,10488
Michael Carman,10488
Mark Brady,10488
Chris Hemsworth,96721
Olivia Wilde,96721
Daniel Brühl,96721
Alexandra Maria Lara,96721
Natalie Dormer,96721
Tom Cruise,334
John C. Reilly,334
William H. Macy,334
Julianne Moore,334
Philip Baker Hall,334
Tracy Morgan,23742
Bruce Willis,23742
Seann William Scott,23742
Michelle Trachtenberg,23742
Juan Carlos Hernández,23742
Rebel Wilson,259694
Dakota Johnson,259694
Alison Brie,259694
Nicholas Braun,259694
Damon Wayans Jr.,259694
Morgan Freeman,62837
Kris Kristofferson,62837
Harry Connick Jr.,62837
Ashley Judd,62837
Nathan Gamble,62837
Kristen Stewart,8966
Robert Pattinson,8966
Taylor Lautner,8966
Peter Facinelli,8966
Billy Burke,8966
Denzel Washington,8470
Anne Heche,8470
Robert Duvall,8470
Kimberly Elise,8470
Daniel E. Smith,8470
Martin Lawrence,11001
Dave Chappelle,11001
Luke Wilson,11001
Peter Greene,11001
Nicole Ari Parker,11001
Will Poulter,138832
Jason Sudeikis,138832
Jennifer Aniston,138832
Ed Helms,138832
Emma Roberts,138832
Юлия Снигирь,16911
Vasily Stepanov,16911
Pyotr Fyodorov,16911
Fyodor Bondarchuk,16911
Sergey Garmash,16911
M.C. Gainey,2163
Kurt Russell,2163
Kathleen Quinlan,2163
J. T. Walsh,2163
Jack Noseworthy,2163
Sean Connery,36670
Kim Basinger,36670
Klaus Maria Brandauer,36670
Edward Fox,36670
Barbara Carrera,36670
John Cusack,23048
Lizzy Caplan,23048
Rob Corddry,23048
Clark Duke,23048
Craig Robinson,23048
Morgan Freeman,227735
Harry Connick Jr.,227735
Ashley Judd,227735
Nathan Gamble,227735
Cozi Zuehlsdorff,227735
Ben Affleck,2155
Charlize Theron,2155
Donal Logue,2155
Gary Sinise,2155
Dennis Farina,2155
Vin Diesel,8409
Timothy Olyphant,8409
Jacqueline Obradors,8409
Larenz Tate,8409
Geno Silva,8409
Emma Stone,222936
Bill Murray,222936
Bradley Cooper,222936
Rachel McAdams,222936
John Krasinski,222936
Alec Baldwin,31908
James Woods,31908
Craig T. Nelson,31908
Virginia Madsen,31908
Whoopi Goldberg,31908
Rick Yune,10219
Youki Kudoh,10219
Ethan Hawke,10219
Reeve Carney,10219
Anne Suzuki,10219
Alice Braga,48171
Anthony Hopkins,48171
Ciarán Hinds,48171
Colin O'Donoghue,48171
Toby Jones,48171
Jude Law,782
Uma Thurman,782
Alan Arkin,782
Ethan Hawke,782
Gore Vidal,782
Nathan Lane,75531
David Hyde Pierce,75531
Bette Midler,75531
John Cleese,75531
Stockard Channing,75531
Patrick Warburton,11802
Jeff Daniels,11802
Andy Samberg,11802
Kristin Chenoweth,11802
Cheryl Hines,11802
Chris Rock,9776
Bernie Mac,9776
Dylan Baker,9776
Nick Searcy,9776
Lynn Whitfield,9776
Bradley Cooper,18785
Zach Galifianakis,18785
Justin Bartha,18785
Ed Helms,18785
Heather Graham,18785
Donnie Yen,365222
Lynn Hung,365222
Zhang Jin,365222
Patrick Tam,365222
Karena Ng,365222
Mike Myers,817
Heather Graham,817
Michael York,817
Rob Lowe,817
Robert Wagner,817
Michael Keaton,268
Jack Nicholson,268
Michael Gough,268
Kim Basinger,268
Pat Hingle,268
Jordi Mollà,45054
Dougray Scott,45054
Wes Bentley,45054
Rodrigo Santoro,45054
Charlie Cox,45054
Mel Gibson,943
Danny Glover,943
Joe Pesci,943
Rene Russo,943
Stuart Wilson,943
Kathy Bates,22881
Jae Head,22881
Sandra Bullock,22881
Quinton Aaron,22881
Tim McGraw,22881
Daryl Sabara,10054
Antonio Banderas,10054
Carla Gugino,10054
Alan Cumming,10054
Alexa PenaVega,10054
Charlie Day,51540
Colin Farrell,51540
Jason Bateman,51540
Jason Sudeikis,51540
Jennifer Aniston,51540
Josh Brolin,44264
Jeff Bridges,44264
Matt Damon,44264
Hailee Steinfeld,44264
Barry Pepper,44264
Anne Hathaway,350
Stanley Tucci,350
Emily Blunt,350
Meryl Streep,350
Simon Baker,350
Leonard Nimoy,152
William Shatner,152
George Takei,152
DeForest Kelley,152
James Doohan,152
Amanda Peet,109431
Jason Bateman,109431
Jon Favreau,109431
Melissa McCarthy,109431
T.I.,109431
Nick Nolte,1598
Robert De Niro,1598
Jessica Lange,1598
Juliette Lewis,1598
Joe Don Baker,1598
Kevin Spacey,8065
Kate Bosworth,8065
Jim Sturgess,8065
Aaron Yoo,8065
Liza Lapira,8065
Bill Hader,271718
Brie Larson,271718
Amy Schumer,271718
Colin Quinn,271718
Vanessa Bayer,271718
Zoe Saldana,11638
Bernie Mac,11638
Ashton Kutcher,11638
Judith Scott,11638
Hal Williams,11638
Ralph Fiennes,409
Willem Dafoe,409
Naveen Andrews,409
Kristin Scott Thomas,409
Juliette Binoche,409
Kevin Spacey,2118
Guy Pearce,2118
James Cromwell,2118
Danny DeVito,2118
Kim Basinger,2118
Kurt Russell,11459
Kelly Preston,11459
Michael Angarano,11459
Danielle Panabaker,11459
Kevin Heffernan,11459
Joan Cusack,10806
Kevin Kline,10806
Tom Selleck,10806
Matt Dillon,10806
Debbie Reynolds,10806
Alfred Molina,9348
Ben Kingsley,9348
Forest Whitaker,9348
Michael Madsen,9348
Natasha Henstridge,9348
John Saxon,377
Ronee Blakley,377
Heather Langenkamp,377
Amanda Wyss,377
Jsu Garcia,377
Vincent D'Onofrio,8843
Jennifer Lopez,8843
Vince Vaughn,8843
Marianne Jean-Baptiste,8843
Catherine Sutherland,8843
Leonardo DiCaprio,9313
John Malkovich,9313
Gérard Depardieu,9313
Jeremy Irons,9313
Gabriel Byrne,9313
Diane Lane,39486
John Malkovich,39486
Scott Glenn,39486
Dylan Walsh,39486
Fred Dalton Thompson,39486
Chris Evans,1273
Patrick Stewart,1273
Sarah Michelle Gellar,1273
Mako,1273
Kevin Smith,1273
Cuba Gooding Jr.,13920
Alfre Woodard,13920
Ed Harris,13920
Debra Winger,13920
S. Epatha Merkerson,13920
Mila Kunis,50544
Woody Harrelson,50544
Justin Timberlake,50544
Patricia Clarkson,50544
Nolan Gould,50544
Seth Rogen,325133
Chloë Grace Moretz,325133
Rose Byrne,325133
Zac Efron,325133
Kiersey Clemons,325133
Tom Hanks,140823
Emma Thompson,140823
Colin Farrell,140823
Paul Giamatti,140823
Ruth Wilson,140823
Delroy Lindo,1883
Denzel Washington,1883
Angela Bassett,1883
Albert Hall,1883
"Al Freeman, Jr.",1883
Megan Fox,89492
Paul Rudd,89492
Leslie Mann,89492
Jason Segel,89492
Maude Apatow,89492
Robin Williams,22949
John Travolta,22949
Seth Green,22949
Justin Long,22949
Matt Dillon,22949
Bill Nighy,12437
Rhona Mitra,12437
Shane Brolly,12437
Michael Sheen,12437
Steven Mackintosh,12437
Mandy Moore,2959
Robin Williams,2959
John Krasinski,2959
Christine Taylor,2959
Eric Christian Olsen,2959
David Spade,9957
Jon Heder,9957
Tim Meadows,9957
Rob Schneider,9957
Jon Lovitz,9957
Diane Lane,11648
John Cusack,11648
Christopher Plummer,11648
Elizabeth Perkins,11648
Dermot Mulroney,11648
Johnny Depp,9366
Al Pacino,9366
Michael Madsen,9366
Bruno Kirby,9366
James Russo,9366
Michelle Rodriguez,1576
Milla Jovovich,1576
Eric Mabius,1576
Ryan McCluskey,1576
Oscar Pearce,1576
Craig T. Nelson,609
JoBeth Williams,609
Beatrice Straight,609
Heather O'Rourke,609
Dominique Dunne,609
Tom Hanks,5516
Marlon Wayans,5516
J.K. Simmons,5516
Irma P. Hall,5516
Tzi Ma,5516
Mark Wahlberg,13051
Mila Kunis,13051
Ludacris,13051
Chris O'Donnell,13051
Beau Bridges,13051
Olivia Wilde,49530
Amanda Seyfried,49530
Cillian Murphy,49530
Justin Timberlake,49530
Alex Pettyfer,49530
Jennifer Lopez,34806
Anthony Anderson,34806
Eric Christian Olsen,34806
Alex O'Loughlin,34806
Danneel Ackles,34806
John Krasinski,49022
Kate Hudson,49022
Ginnifer Goodwin,49022
Colin Egglesfield,49022
Ashley Williams,49022
Martin Lawrence,11469
Marsha Thomason,11469
Vincent Regan,11469
Tom Wilkinson,11469
Daryl Mitchell,11469
Walter Matthau,23479
Tatum O'Neal,23479
Ben Piazza,23479
Vic Morrow,23479
Erin Blunt,23479
Ming-Na Wen,11667
Jean-Claude Van Damme,11667
Raúl Juliá,11667
Damian Chapa,11667
Kylie Minogue,11667
Adrien Brody,423
Thomas Kretschmann,423
Frank Finlay,423
Maureen Lipman,423
Emilia Fox,423
Oscar Isaac,2447
Shaun Toub,2447
Ciarán Hinds,2447
Keisha Castle-Hughes,2447
Hiam Abbass,2447
Elisha Cuthbert,10066
Paris Hilton,10066
Brian Van Holt,10066
Jared Padalecki,10066
Chad Michael Murray,10066
Natalie Portman,2288
Jude Law,2288
Julia Roberts,2288
Clive Owen,2288
Colin Stinton,2288
Armie Hammer,88794
Naomi Watts,88794
Leonardo DiCaprio,88794
Geoff Pierson,88794
Josh Hamilton,88794
Kiefer Sutherland,13515
Paula Patton,13515
Amy Smart,13515
Cameron Boyce,13515
Erica Gluck,13515
Stuart Townsend,11979
Aaliyah,11979
Marguerite Moreau,11979
Vincent Pérez,11979
Paul McGann,11979
Danny Glover,169
Rubén Blades,169
Kevin Peter Hall,169
Gary Busey,169
María Conchita Alonso,169
Diane Lane,8090
Colin Hanks,8090
Billy Burke,8090
Joseph Cross,8090
Mary Beth Hurt,8090
Brendan Fraser,11622
Alicia Silverstone,11622
Christopher Walken,11622
Sissy Spacek,11622
Nathan Fillion,11622
Max von Sydow,3604
Sam J. Jones,3604
Melody Anderson,3604
Chaim Topol,3604
Ornella Muti,3604
Ben Affleck,9541
Liv Tyler,9541
Jennifer Lopez,9541
George Carlin,9541
Raquel Castro,9541
Jean Reno,94348
Matthew Fox,94348
Giancarlo Esposito,94348
Tyler Perry,94348
Rachel Nichols,94348
Kevin Spacey,8197
John Cusack,8197
Jude Law,8197
Alison Eastwood,8197
Jack Thompson,8197
Kate Bosworth,336004
Dave Bautista,336004
Jeffrey Dean Morgan,336004
Robert De Niro,336004
Gina Carano,336004
Ralph Fiennes,35019
Emma Thompson,35019
Maggie Gyllenhaal,35019
Asa Butterfield,35019
Maggie Smith,35019
John C. Reilly,10410
Jack Nicholson,10410
Armand Assante,10410
Danny DeVito,10410
J. T. Walsh,10410
Billy Connolly,8836
Amanda Peet,8836
David Duchovny,8836
Gillian Anderson,8836
Xzibit,8836
Anne Hathaway,14442
Cary Elwes,14442
Hugh Dancy,14442
Vivica A. Fox,14442
Joanna Lumley,14442
Will Smith,321741
Alec Baldwin,321741
Albert Brooks,321741
David Morse,321741
Gugu Mbatha-Raw,321741
Alfred Molina,59965
Maria Bello,59965
Taylor Lautner,59965
Jason Isaacs,59965
Lily Collins,59965
Ewan McGregor,14175
Hugh Laurie,14175
Jim Broadbent,14175
Ricky Gervais,14175
Tim Curry,14175
Tobey Maguire,11004
Frances McDormand,11004
Katie Holmes,11004
Rip Torn,11004
Michael Douglas,11004
Jeffrey Tambor,11918
Leslie Nielsen,11918
Christopher McDonald,11918
Drake Bell,11918
Sara Paxton,11918
Russell Crowe,98357
Mark Wahlberg,98357
Jeffrey Wright,98357
Catherine Zeta-Jones,98357
Barry Pepper,98357
Jesse Eisenberg,10012
Christina Ricci,10012
Portia de Rossi,10012
Milo Ventimiglia,10012
Judy Greer,10012
Michael Shannon,49526
Joseph Gordon-Levitt,49526
Jamie Chung,49526
Dania Ramirez,49526
Wolé Parks,49526
Reese Witherspoon,268920
Sofía Vergara,268920
Richard T. Jones,268920
John Carroll Lynch,268920
Michael Mosley,268920
Djimon Hounsou,9093
Heath Ledger,9093
Wes Bentley,9093
Kate Hudson,9093
Michael Sheen,9093
Nick Nolte,119283
Jennifer Lopez,119283
Michael Chiklis,119283
Jason Statham,119283
Clifton Collins Jr,119283
Kirsten Dunst,11823
James McAvoy,11823
Paul Bettany,11823
Sam Neill,11823
Bernard Hill,11823
Ken Jeong,35169
Brendan Fraser,35169
Brooke Shields,35169
Angela Kinsey,35169
Rob Riggle,35169
Julian McMahon,118957
Sharni Vinson,118957
Phoebe Tonkin,118957
Xavier Samuel,118957
Cariba Heine,118957
Alun Armstrong,849
Francesca Annis,849
Ken Marshall,849
Lysette Anthony,849
David Battley,849
Andrew Garfield,4515
Tom Cruise,4515
Robert Redford,4515
Michael Peña,4515
Meryl Streep,4515
Willem Dafoe,18886
Danny Glover,18886
Tom Sizemore,18886
Brad Johnson,18886
Rosanna Arquette,18886
John C. Reilly,6575
Kristen Wiig,6575
Raymond J. Barry,6575
Tim Meadows,6575
Jenna Fischer,6575
Kevin Spacey,6440
Cate Blanchett,6440
Judi Dench,6440
Julianne Moore,6440
Pete Postlethwaite,6440
Colin Farrell,13496
Gabriel Macht,13496
Scott Caan,13496
Ali Larter,13496
Gregory Smith,13496
Mark Strong,18320
Emily Blunt,18320
Paul Bettany,18320
Jim Broadbent,18320
Miranda Richardson,18320
Kate Beckinsale,22787
Tom Skerritt,22787
Gabriel Macht,22787
Columbus Short,22787
Shawn Doyle,22787
Brad Pitt,8967
Jessica Chastain,8967
Sean Penn,8967
Hunter McCracken,8967
Finnegan Williams,8967
Rob Schneider,37498
Jean-Claude Van Damme,37498
Lela Rochon,37498
Paul Sorvino,37498
Mark Houghton,37498
Sam Worthington,144336
Mireille Enos,144336
Arnold Schwarzenegger,144336
Harold Perrineau,144336
Joe Manganiello,144336
Heath Ledger,9616
Mark Addy,9616
Shannyn Sossamon,9616
Benno Fürmann,9616
Peter Weller,9616
Ray Stevenson,13056
Colin Salmon,13056
Dominic West,13056
Julie Benz,13056
Doug Hutchison,13056
Tim Allen,14113
Spencer Breslin,14113
Courteney Cox,14113
Kevin Zegers,14113
Chevy Chase,14113
James Badge Dale,285783
Ben Kingsley,285783
Joseph Gordon-Levitt,285783
Charlotte Le Bon,285783
Ben Schwartz,285783
Angus Macfadyen,49478
Mario Yedidia,49478
Marley Shelton,49478
Chao Li Chi,49478
Russell Crowe,9726
Abbie Cornish,9726
Marion Cotillard,9726
Albert Finney,9726
Tom Hollander,9726
Elijah Wood,20763
John Heard,20763
Lorraine Bracco,20763
Adam Baldwin,20763
Joseph Mazzello,20763
Benjamin Bratt,9702
Damian Chapa,9702
Jesse Borrego,9702
Enrique Castillo,9702
Victor Rivers,9702
Julia Ormond,9311
Richard Harris,9311
Jim Broadbent,9311
Gabriel Byrne,9311
Tom Wilkinson,9311
Antonio Banderas,9280
Peter Coyote,9280
Rebecca Romijn,9280
Gregg Henry,9280
Rie Rasmussen,9280
Oliver Reed,26843
Irene Papas,26843
Rod Steiger,26843
Anthony Quinn,26843
Raf Vallone,26843
Gérard Depardieu,11876
Olivier Martinez,11876
François Cluzet,11876
Juliette Binoche,11876
Pierre Arditi,11876
Tobey Maguire,22267
Jeffrey Wright,22267
Jonathan Rhys Meyers,22267
Skeet Ulrich,22267
Jewel,22267
Javier Bardem,45958
Maricel Álvarez,45958
Hanaa Bouchaib,45958
Guillermo Estrella,45958
Eduard Fernández,45958
Penélope Cruz,1969
Salma Hayek,1969
Steve Zahn,1969
Dwight Yoakam,1969
Denis Arndt,1969
Karl Urban,310706
Laurence Fishburne,310706
Brittany Snow,310706
Aisha Tyler,310706
Beverly D'Angelo,310706
Dylan O'Brien,198663
Kaya Scodelario,198663
Ki Hong Lee,198663
Aml Ameen,198663
Blake Cooper,198663
James Marsden,239573
Sienna Miller,239573
Vince Vaughn,239573
Dave Franco,239573
June Diane Raphael,239573
Michelle Pfeiffer,10436
Daniel Day-Lewis,10436
Winona Ryder,10436
Alexis Smith,10436
Geraldine Chaplin,10436
Hugh Jackman,1381
Rachel Weisz,1381
Ellen Burstyn,1381
Mark Margolis,1381
Stephen McHattie,1381
Cuba Gooding Jr.,2162
Peter Firth,2162
Skeet Ulrich,2162
David Paymer,2162
Daniel Hugh Kelly,2162
Nicolas Cage,127493
Josh Lucas,127493
Danny Huston,127493
Malin Åkerman,127493
Sami Gayle,127493
Yuria Nara,12429
Hiroki Doi,12429
George Tokoro,12429
Tomoko Yamaguchi,12429
Yuki Amami,12429
Britt Robertson,228205
Jack Huston,228205
Scott Eastwood,228205
Lolita Davidovich,228205
Melissa Benoist,228205
Johnny Depp,2900
Charlize Theron,2900
Joe Morton,2900
Clea DuVall,2900
Nick Cassavetes,2900
Daniel Craig,21311
Liam Aiken,21311
Kim Basinger,21311
Vincent Pérez,21311
Eva Marie Saint,21311
Gerard Butler,77875
Jessica Biel,77875
Uma Thurman,77875
Catherine Zeta-Jones,77875
Iqbal Theba,77875
Naomie Harris,192136
Idris Elba,192136
Tony Kgoroge,192136
Riaad Moosa,192136
Fana Mokoena,192136
Jack Nicholson,18254
Warren Beatty,18254
Diane Keaton,18254
Edward Herrmann,18254
Jerzy Kosinski,18254
Tom Cruise,881
Kevin Bacon,881
Jack Nicholson,881
Demi Moore,881
Kevin Pollak,881
Isaiah Washington,10877
Anthony Anderson,10877
Steven Seagal,10877
DMX,10877
Bill Duke,10877
Terrence Howard,9600
Paul Giamatti,9600
Martin Lawrence,9600
Nia Long,9600
Jascha Washington,9600
Brianne Siddall,202575
Joey Camen,202575
Elisa Gabrielli,202575
Robin Atkin Downes,202575
Shanelle Workman,202575
Joel Kinnaman,71469
Rachael Taylor,71469
Emile Hirsch,71469
Olivia Thirlby,71469
Max Minghella,71469
Kathryn McCormick,85446
Ryan Guzman,85446
Stephen Boss,85446
Megan Boone,85446
Jessica Guadix,85446
Samuel L. Jackson,326
Kenan Thompson,326
Julianna Margulies,326
Nathan Phillips,326
Rachel Blanchard,326
Keanu Reeves,10685
James Spader,10685
Marisa Tomei,10685
Ernie Hudson,10685
Chris Ellis,10685
John Travolta,7220
Will Patton,7220
Roy Scheider,7220
Thomas Jane,7220
Laura Harring,7220
Anna Friel,9763
Alessandro Nivola,9763
Stephen Dillane,9763
Kuno Becker,9763
Gary Lewis,9763
Jason Statham,72387
Chris Sarandon,72387
James Hong,72387
Catherine Chan,72387
Robert John Burke,72387
Cate Blanchett,12596
John Cusack,12596
Angelina Jolie,12596
Billy Bob Thornton,12596
Gene Dinovi,12596
Harrison Ford,1892
Mark Hamill,1892
Carrie Fisher,1892
Billy Dee Williams,1892
Anthony Daniels,1892
Malcolm McDowell,13460
Rhona Mitra,13460
Bob Hoskins,13460
Alexander Siddig,13460
David O'Hara,13460
Kate Winslet,8055
Ralph Fiennes,8055
Bruno Ganz,8055
David Kross,8055
Jeanette Hain,8055
Paul Rudd,50647
Malin Åkerman,50647
Lauren Ambrose,50647
Jennifer Aniston,50647
Justin Theroux,50647
Will Ferrell,10719
James Caan,10719
Zooey Deschanel,10719
Mary Steenburgen,10719
Daniel Tay,10719
John Travolta,9294
Robert Duvall,9294
Forest Whitaker,9294
Kyra Sedgwick,9294
Jeffrey DeMunn,9294
M. Emmet Walsh,11888
Cuba Gooding Jr.,11888
James Coburn,11888
Jim Belushi,11888
Sisqó,11888
Karen Allen,9647
Bill Murray,9647
John Forsythe,9647
Bobcat Goldthwait,9647
Carol Kane,9647
Jack Black,9353
Ana de la Reguera,9353
Héctor Jiménez,9353
Darius Rose,9353
Moisés Arias,9353
Rose Byrne,55721
Ellie Kemper,55721
Kristen Wiig,55721
Maya Rudolph,55721
Wendi McLendon-Covey,55721
James Franco,109414
Seth Rogen,109414
Jay Baruchel,109414
Jonah Hill,109414
Danny McBride,109414
Jonathan Pryce,10307
Gabriel Byrne,10307
Patricia Arquette,10307
Nia Long,10307
Thomas Kopache,10307
Charlize Theron,11978
Cuba Gooding Jr.,11978
Robert De Niro,11978
Hal Holbrook,11978
Aunjanue Ellis,11978
Idris Elba,22907
Hayden Christensen,22907
Michael Ealy,22907
Matt Dillon,22907
Chris Brown,22907
Topher Grace,87567
Amanda Seyfried,87567
Diane Keaton,87567
Robert De Niro,87567
Katherine Heigl,87567
Martin Lawrence,38322
Brandon T. Jackson,38322
Faizon Love,38322
Portia Doubleday,38322
Mari Morrow,38322
Jake Gyllenhaal,45612
Michelle Monaghan,45612
Vera Farmiga,45612
Russell Peters,45612
Michael Arden,45612
Ethan Hawke,7305
Josh Hamilton,7305
Vincent Spano,7305
Bruce Ramsay,7305
John Newton,7305
Lynn Collins,3594
Jim Carrey,3594
Danny Huston,3594
Logan Lerman,3594
Virginia Madsen,3594
Helena Bonham Carter,157841
Judy Davis,157841
Kyle Catlett,157841
Callum Keith Rennie,157841
Niamh Wilson,157841
Ned Beatty,11519
Dan Aykroyd,11519
John Belushi,11519
Lorraine Gary,11519
Murray Hamilton,11519
Kurt Russell,12920
Dakota Fanning,12920
Kris Kristofferson,12920
Elisabeth Shue,12920
David Morse,12920
William Hurt,59
Maria Bello,59
Viggo Mortensen,59
Heidi Hayes,59
Ashton Holmes,59
Jason Statham,9335
Amber Valletta,9335
Kate Nauta,9335
Alessandro Gassman,9335
François Berléand,9335
Russell Crowe,12106
Leonardo DiCaprio,12106
Sharon Stone,12106
Gene Hackman,12106
Tobin Bell,12106
Frances Fisher,11141
Parker Posey,11141
Pierce Brosnan,11141
Julianne Moore,11141
Michael Sheen,11141
John Goodman,8649
Nicolas Cage,8649
Ving Rhames,8649
Tom Sizemore,8649
Patricia Arquette,8649
Alice Braga,31867
Liev Schreiber,31867
Jude Law,31867
Carice van Houten,31867
Forest Whitaker,31867
Robert Forster,10253
Chris Mulkey,10253
Jason Behr,10253
Aimee Garcia,10253
Elizabeth Peña,10253
Gérard Depardieu,3587
Haley Joel Osment,3587
Whoopi Goldberg,3587
Ute Lemper,3587
Andrea Martin,3587
Steve Buscemi,124459
Olivia Wilde,124459
Jim Carrey,124459
Steve Carell,124459
James Gandolfini,124459
Scott Bakula,24662
Jasmine Guy,24662
Natalie Cole,24662
Ashley Peldon,24662
Lindsay Ridgeway,24662
Joan Cusack,32274
John Cusack,32274
Bill Murray,32274
Hank Azaria,32274
Rubén Blades,32274
Tobey Maguire,182
Cate Blanchett,182
George Clooney,182
Tony Curran,182
Leland Orser,182
Michael Clarke Duncan,5494
Piper Perabo,5494
Patrick Swayze,5494
James Purefoy,5494
Bill Treacher,5494
Martin Sheen,28
Robert Duvall,28
Marlon Brando,28
Frederic Forrest,28
Sam Bottoms,28
Charlie Day,38073
Drew Barrymore,38073
Justin Long,38073
Jason Sudeikis,38073
Christina Applegate,38073
Richard Dreyfuss,2054
William H. Macy,2054
Glenne Headly,2054
Jay Thomas,2054
Olympia Dukakis,2054
Gary Oldman,302156
Tommy Lee Jones,302156
Ryan Reynolds,302156
Kevin Costner,302156
Jordi Mollà,302156
Robert Redford,606
Meryl Streep,606
Klaus Maria Brandauer,606
Michael Kitchen,606
Malick Bowens,606
Don Cheadle,87502
John Goodman,87502
Bruce Greenwood,87502
Kelly Reilly,87502
Denzel Washington,87502
Michael Lonsdale,698
Roger Moore,698
Lois Chiles,698
Corinne Cléry,698
Richard Kiel,698
Mathieu Amalric,120467
Adrien Brody,120467
Ralph Fiennes,120467
F. Murray Abraham,120467
Tony Revolori,120467
Anton Yelchin,11313
Anthony Hopkins,11313
David Morse,11313
Hope Davis,11313
Mika Boorem,11313
Jeff Daniels,6488
Julian Sands,6488
Harley Jane Kozak,6488
Garette Ratliff Henson,6488
Marlene Katz,6488
Dennis Quaid,10559
Noah Emmerich,10559
Jim Caviezel,10559
Elizabeth Mitchell,10559
Andre Braugher,10559
Chris Hemsworth,296099
Christina Applegate,296099
Ed Helms,296099
Skyler Gisondo,296099
Steele Stebbins,296099
John Travolta,8012
Rene Russo,8012
Gene Hackman,8012
Danny DeVito,8012
Dennis Farina,8012
Renée Zellweger,1574
Christine Baranski,1574
Catherine Zeta-Jones,1574
Queen Latifah,1574
Richard Gere,1574
Adam Sandler,9032
Joey Lauren Adams,9032
Jon Stewart,9032
Kristy Swanson,9032
Cole Sprouse,9032
Seann William Scott,2770
Chris Klein,2770
Jason Biggs,2770
Eddie Kaye Thomas,2770
Thomas Ian Nicholas,2770
Tom Hanks,862
Tim Allen,862
Don Rickles,862
Wallace Shawn,862
Jim Varney,862
Keanu Reeves,1637
Sandra Bullock,1637
Jeff Daniels,1637
Joe Morton,1637
Dennis Hopper,1637
Channing Tatum,72570
Sam Neill,72570
Rachel McAdams,72570
Jessica Lange,72570
Scott Speedman,72570
Harrison Ford,27569
Brendan Fraser,27569
Keri Russell,27569
Courtney B. Vance,27569
Meredith Droeger,27569
Will Patton,10637
Hayden Panettiere,10637
Denzel Washington,10637
Wood Harris,10637
Ryan Hurst,10637
Alec Baldwin,1669
Scott Glenn,1669
Sam Neill,1669
James Earl Jones,1669
Sean Connery,1669
Forest Whitaker,132363
Mariah Carey,132363
David Banner,132363
Michael Rainey Jr.,132363
LaJessie Smith,132363
Ben Stiller,9472
Rip Torn,9472
Vince Vaughn,9472
Justin Long,9472
Christine Taylor,9472
Christina Ricci,2907
Christopher Lloyd,2907
Anjelica Huston,2907
Raúl Juliá,2907
Carel Struycken,2907
Jim Carrey,9273
Bob Gunton,9273
Ian McNeice,9273
Simon Callow,9273
Maynard Eziashi,9273
Anne Hathaway,9880
Julie Andrews,9880
Héctor Elizondo,9880
Heather Matarazzo,9880
Robert Schwartzman,9880
Diane Keaton,2925
Goldie Hawn,2925
Bette Midler,2925
Dan Hedaya,2925
Maggie Smith,2925
Kevin Spacey,807
Gwyneth Paltrow,807
Brad Pitt,807
Morgan Freeman,807
John C. McGinley,807
Sharlto Copley,17654
Jason Cope,17654
Nathalie Boltt,17654
Sylvaine Strike,17654
Elizabeth Mkandawie,17654
Clancy Brown,11836
Tom Kenny,11836
Bill Fagerbakke,11836
Rodger Bumpass,11836
Carolyn Lawrence,11836
Tim Robbins,322
Kevin Bacon,322
Laurence Fishburne,322
Sean Penn,322
Marcia Gay Harden,322
Jay Baruchel,70
Morgan Freeman,70
Hilary Swank,70
Clint Eastwood,70
Mike Colter,70
Billy Crystal,9535
Robert De Niro,9535
Lisa Kudrow,9535
Joe Viterelli,9535
Chazz Palminteri,9535
Sam Shepard,11036
Rachel McAdams,11036
James Garner,11036
Ryan Gosling,11036
Gena Rowlands,11036
James Marsden,6557
Malin Åkerman,6557
Edward Burns,6557
Katherine Heigl,6557
Judy Greer,6557
Miley Cyrus,18126
Billy Ray Cyrus,18126
Emily Osment,18126
Jason Earles,18126
Taylor Swift,18126
E.G. Daily,16340
Susan Sarandon,16340
John Lithgow,16340
Tara Strong,16340
Cheryl Chase,16340
Nick Nolte,10333
Barbra Streisand,10333
Kate Nelligan,10333
Blythe Danner,10333
Jeroen Krabbé,10333
Brad Pitt,4476
Julia Ormond,4476
Anthony Hopkins,4476
Henry Thomas,4476
Aidan Quinn,4476
George Clooney,22947
Jason Bateman,22947
Vera Farmiga,22947
Anna Kendrick,22947
Melanie Lynskey,22947
Kathy Bates,2755
Jack Nicholson,2755
Dermot Mulroney,2755
Hope Davis,2755
June Squibb,2755
Nicholas Hoult,82654
Teresa Palmer,82654
Dave Franco,82654
Rob Corddry,82654
Analeigh Tipton,82654
Emily Blunt,59967
Joseph Gordon-Levitt,59967
Bruce Willis,59967
Paul Dano,59967
Noah Segan,59967
Chris Rock,16300
Regina King,16300
Eugene Levy,16300
Chazz Palminteri,16300
Frankie Faison,16300
Hugo Weaving,9598
Miriam Margolyes,9598
Christine Cavanaugh,9598
Danny Mann,9598
Miriam Flynn,9598
Tommy Lee Jones,82696
Steve Carell,82696
Meryl Streep,82696
Jean Smart,82696
Marin Ireland,82696
Mila Kunis,9870
Bill Hader,9870
Kristen Bell,9870
Jason Segel,9870
Russell Brand,9870
Mark Wahlberg,8292
Garrett Hedlund,8292
Tyrese Gibson,8292
Terrence Howard,8292
André Benjamin,8292
Sigourney Weaver,8780
Amy Poehler,8780
Tina Fey,8780
Greg Kinnear,8780
Dax Shepard,8780
Sandra Bullock,9715
Harry Connick Jr.,9715
Gena Rowlands,9715
Mae Whitman,9715
Michael Paré,9715
Chris Pratt,10521
Anne Hathaway,10521
Kate Hudson,10521
Bryan Greenberg,10521
Steve Howey,10521
Seth Green,10762
Matthew Lillard,10762
Dax Shepard,10762
Antony Starr,10762
Andrew Hampton,10762
Mark Ruffalo,10096
Andy Serkis,10096
Jennifer Garner,10096
Judy Greer,10096
Kathy Baker,10096
Owen Wilson,59436
Rachel McAdams,59436
Michael Sheen,59436
Kurt Fuller,59436
Mimi Kennedy,59436
Stephen Lang,227783
Liam Neeson,227783
Brendan Fraser,227783
Will Arnett,227783
Katherine Heigl,227783
Johnny Depp,4133
Penélope Cruz,4133
Ethan Suplee,4133
Franka Potente,4133
Ray Liotta,4133
Kevin Costner,10207
Robin Wright,10207
Paul Newman,10207
John Savage,10207
Illeana Douglas,10207
Leonard Nimoy,172
William Shatner,172
George Takei,172
DeForest Kelley,172
James Doohan,172
Jonathan Lipnicki,21972
Shad Moss,21972
Morris Chestnut,21972
Jesse Plemons,21972
Brenda Song,21972
Leslie Nielsen,36593
Fred Ward,36593
Priscilla Presley,36593
George Kennedy,36593
O.J. Simpson,36593
Christopher Walken,707
Grace Jones,707
Roger Moore,707
Tanya Roberts,707
Patrick Macnee,707
Ralph Fiennes,533
Helena Bonham Carter,533
Peter Sallis,533
Nicholas Smith,533
Liz Smith,533
Gerard Butler,6023
Hilary Swank,6023
Gina Gershon,6023
Lisa Kudrow,6023
Harry Connick Jr.,6023
Mandy Moore,6439
Bruce Greenwood,6439
Hayden Panettiere,6439
Wendie Malick,6439
Frankie Muniz,6439
Keira Knightley,4347
James McAvoy,4347
Saoirse Ronan,4347
Romola Garai,4347
Brenda Blethyn,4347
Amanda Seyfried,37056
Vanessa Redgrave,37056
Franco Nero,37056
Christopher Egan,37056
Gael García Bernal,37056
Michael Douglas,4105
Andy García,4105
John Spencer,4105
Kate Capshaw,4105
Shigeru Kôyama,4105
Jane Lynch,76489
Sofía Vergara,76489
Sean Hayes,76489
Will Sasso,76489
Chris Diamantopoulos,76489
Johnny Depp,3933
Helena Bonham Carter,3933
Emily Watson,3933
Tracey Ullman,3933
Paul Whitehouse,3933
Josh Lucas,9918
Jon Voight,9918
Derek Luke,9918
Austin Nichols,9918
Evan Jones,9918
Josh Brolin,273481
Emily Blunt,273481
Benicio del Toro,273481
Jon Bernthal,273481
Victor Garber,273481
Jake Gyllenhaal,307081
Rachel McAdams,307081
Forest Whitaker,307081
50 Cent,307081
Oona Laurence,307081
Justin Long,16871
David Paymer,16871
Alison Lohman,16871
Lorna Raver,16871
Dileep Rao,16871
Blake Lively,293863
Harrison Ford,293863
Ellen Burstyn,293863
Kathy Baker,293863
Michiel Huisman,293863
Michael Caine,13156
Josh Lucas,13156
Haley Joel Osment,13156
Robert Duvall,13156
Kyra Sedgwick,13156
Sharni Vinson,41233
Rick Malambri,41233
Adam G. Sevani,41233
Joe Slaughter,41233
Alyson Stoner,41233
Kate Bosworth,9266
Michelle Rodriguez,9266
Mika Boorem,9266
Matthew Davis,9266
Sanoe Lake,9266
Emma Thompson,1262
Maggie Gyllenhaal,1262
Dustin Hoffman,1262
Will Ferrell,1262
Queen Latifah,1262
Josh Hartnett,4513
Ben Foster,4513
Danny Huston,4513
Melissa George,4513
Mark Boone Junior,4513
Chris Hemsworth,22970
Kristen Connolly,22970
Anna Hutchison,22970
Fran Kranz,22970
Jesse Williams,22970
Sean Maguire,7278
Carmen Electra,7278
Ken Davitian,7278
Kevin Sorbo,7278
Diedrich Bader,7278
Robert De Niro,9013
Charles Grodin,9013
Dennis Farina,9013
Yaphet Kotto,9013
John Ashton,9013
Arnold Schwarzenegger,865
María Conchita Alonso,865
Yaphet Kotto,865
Richard Dawson,865
Jim Brown,865
Steve Martin,10776
Rick Moranis,10776
Ellen Greene,10776
Vincent Gardenia,10776
Tisha Campbell-Martin,10776
Cate Blanchett,50456
Eric Bana,50456
Saoirse Ronan,50456
Tom Hollander,50456
Vicky Krieps,50456
James Remar,9823
Talisa Soto,9823
Robin Shou,9823
Sandra Hess,9823
Lynn 'Red' Williams,9823
Tom Hanks,59861
Cedric the Entertainer,59861
Bryan Cranston,59861
Julia Roberts,59861
Pam Grier,59861
Chloë Grace Moretz,133805
Julianne Moore,133805
Judy Greer,133805
Portia Doubleday,133805
Alex Russell,133805
Yaya DaCosta,12763
Antonio Banderas,12763
Alfre Woodard,12763
Rob Brown,12763
John Ortiz,12763
Dwayne Johnson,9766
Kevin Dunn,9766
Xzibit,9766
L. Scott Caldwell,9766
Leon Rippy,9766
Martin Lawrence,14034
John Leguizamo,14034
Danny DeVito,14034
Glenne Headly,14034
Carmen Ejogo,14034
Crispin Glover,12244
Christopher Plummer,12244
John C. Reilly,12244
Jennifer Connelly,12244
Martin Landau,12244
Channing Tatum,109421
Rooney Mara,109421
Jude Law,109421
Catherine Zeta-Jones,109421
Vinessa Shaw,109421
Julia Stiles,11137
Miranda Richardson,11137
James Fox,11137
Ben Miller,11137
Luke Mably,11137
Craig Ferguson,51162
Jim Cummings,51162
Tom Kenny,51162
Travis Oates,51162
Bud Luckey,51162
Luis Guzmán,10152
Mimi Rogers,10152
Eugene Levy,10152
Eric Christian Olsen,10152
Rachel Nichols,10152
Halle Berry,9452
Christine Baranski,9452
Warren Beatty,9452
Sean Astin,9452
Adilah Barnes,9452
Viola Davis,239566
Lennie James,239566
Dan Aykroyd,239566
Nelsan Ellis,239566
Chadwick Boseman,239566
William Hurt,53113
Lauren Graham,53113
Renée Zellweger,53113
Meryl Streep,53113
Tom Everett Scott,53113
Russell Crowe,9271
Denzel Washington,9271
Kelly Lynch,9271
William Forsythe,9271
Stephen Spinella,9271
Rainn Wilson,4474
Uma Thurman,4474
Anna Faris,4474
Luke Wilson,4474
Eddie Izzard,4474
Edgar Ramírez,184346
Eric Bana,184346
Olivia Munn,184346
Joel McHale,184346
Sean Harris,184346
Richard Roxburgh,48340
Ioan Gruffudd,48340
Alice Parkinson,48340
Daniel Wyllie,48340
Allison Cratchley,48340
Kathy Bates,14846
Holly Hunter,14846
Brittany Murphy,14846
Ron Livingston,14846
Kevin Sussman,14846
Rhys Ifans,72207
Chris Pratt,72207
Emily Blunt,72207
Jason Segel,72207
Alison Brie,72207
Bernie Mac,16232
Angela Bassett,16232
Michael Rispoli,16232
Brian J. White,16232
Dondre Whitfield,16232
Russell Crowe,43539
Elizabeth Banks,43539
Brian Dennehy,43539
RZA,43539
Moran Atias,43539
Milla Jovovich,9920
Nick Chinlund,9920
Cameron Bright,9920
Sebastien Andrieu,9920
Ida Martin,9920
Maria Bello,8978
Laurence Fishburne,8978
Gabriel Byrne,8978
Ethan Hawke,8978
Drea de Matteo,8978
Chow Yun-fat,11702
Michael Rooker,11702
Mira Sorvino,11702
Kenneth Tsang,11702
Jürgen Prochnow,11702
Salma Hayek,18550
Laurence Fishburne,18550
Will Patton,18550
Stephen Baldwin,18550
Robert John Burke,18550
Scarlett Johansson,8869
David Arquette,8869
Kari Wuhrer,8869
Scott Terra,8869
Doug E. Doug,8869
Anne Hathaway,43347
Jake Gyllenhaal,43347
Oliver Platt,43347
Hank Azaria,43347
Gabriel Macht,43347
Al Pacino,3489
Amy Brenneman,3489
Alicia Witt,3489
Leelee Sobieski,3489
William Forsythe,3489
Frances McDormand,9701
Sean Bean,9701
Charlize Theron,9701
Elle Peterson,9701
Thomas Curtis,9701
Amanda Peet,2122
Bruce Willis,2122
Kevin Pollak,2122
Matthew Perry,2122
Frank Collison,2122
Adrien Brody,37707
Sarah Polley,37707
Delphine Chanéac,37707
David Hewlett,37707
Abigail Chu,37707
Tim Robbins,10658
Lea Thompson,10658
Jeffrey Jones,10658
Ed Gale,10658
Holly Robinson Peete,10658
Jon Voight,13150
Colin Farrell,13150
Edward Norton,13150
Noah Emmerich,13150
Jennifer Ehle,13150
Lena Headey,9042
Cole Hauser,9042
Piper Perabo,9042
Morris Chestnut,9042
Eddie Cibrian,9042
Sophie Marceau,17813
Kate Hudson,17813
David Paymer,17813
Luke Wilson,17813
Paul Wilson,17813
Josh Hartnett,11208
Rose Byrne,11208
Diane Kruger,11208
Matthew Lillard,11208
Christopher Cousins,11208
Anton Yelchin,58151
Colin Farrell,58151
Toni Collette,58151
Christopher Mintz-Plasse,58151
David Tennant,58151
Christian Bale,11400
Christopher Plummer,11400
Colin Farrell,11400
Q'orianka Kilcher,11400
August Schellenberg,11400
Tchéky Karyo,10350
Freddie Prinze Jr.,10350
Matthew Lillard,10350
Saffron Burrows,10350
Jürgen Prochnow,10350
Robert Downey Jr.,28902
Annette Bening,28902
Stephen Rea,28902
Aidan Quinn,28902
Paul Guilfoyle,28902
Chow Yun-fat,14164
Jamie Chung,14164
Emmy Rossum,14164
Justin Chatwin,14164
Joon Park,14164
Arnold Schwarzenegger,76640
Johnny Knoxville,76640
Rodrigo Santoro,76640
Forest Whitaker,76640
Jaimie Alexander,76640
Robert De Niro,11058
Greg Kinnear,11058
Rebecca Romijn,11058
Cameron Bright,11058
Zoie Palmer,11058
Mandy Moore,14844
Annabella Sciorra,14844
Jeremy Piven,14844
Stark Sands,14844
Tony Jayawardena,14844
Joan Cusack,57089
Bill Hader,57089
Patrick Warburton,57089
Hayden Panettiere,57089
Glenn Close,57089
Robert Redford,1947
Josh Lucas,1947
Jennifer Lopez,1947
Morgan Freeman,1947
Becca Gardner,1947
Johnny Depp,8054
Heath Ledger,8054
Christopher Plummer,8054
Colin Farrell,8054
Jude Law,8054
Dustin Hoffman,46829
Rosamund Pike,46829
Paul Giamatti,46829
Minnie Driver,46829
Rachelle Lefevre,46829
Ben Affleck,146238
Anthony Mackie,146238
Gemma Arterton,146238
Justin Timberlake,146238
David Costabile,146238
Tim Robbins,9989
Claire Forlani,9989
Richard Roundtree,9989
Ryan Phillippe,9989
Rachael Leigh Cook,9989
Matthew Broderick,9665
Morgan Freeman,9665
Denzel Washington,9665
Cary Elwes,9665
Jihmi Kennedy,9665
Joe Pesci,311
Robert De Niro,311
James Woods,311
Burt Young,311
Elizabeth McGovern,311
Terrence Howard,102362
Dominic Cooper,102362
Colin Farrell,102362
Noomi Rapace,102362
Isabelle Huppert,102362
Lynn Collins,11162
Jeremy Irons,11162
Al Pacino,11162
Joseph Fiennes,11162
Zuleikha Robinson,11162
Nick Nolte,6016
Tchéky Karyo,6016
Nutsa Kukhianidze,6016
Marc Lavoine,6016
Saïd Taghmaoui,6016
Channing Tatum,17186
Cameron Richardson,17186
Steve Howey,17186
Mike Vogel,17186
Sophia Bush,17186
Ewan McGregor,13967
Renée Zellweger,13967
Emily Watson,13967
Barbara Flynn,13967
Bill Paterson,13967
Liu Ye,2008
Jang Dong-gun,2008
Cecilia Cheung,2008
Hong Chen,2008
Cheng Qian,2008
Devon Aoki,9053
Jaime Pressly,9053
Holly Valance,9053
Sarah Carter,9053
Natassia Malthe,9053
Brad Pitt,4512
Casey Affleck,4512
Sam Shepard,4512
Mary-Louise Parker,4512
Paul Schneider,4512
Jackie Chan,76349
Li Bingbing,76349
Joan Chen,76349
Jaycee Chan,76349
Sun Chun,76349
Maxime Godart,31203
Valérie Lemercier,31203
Kad Merad,31203
Sandrine Kiberlain,31203
François-Xavier Demaison,31203
Jason Statham,265208
Anne Heche,265208
Michael Angarano,265208
Milo Ventimiglia,265208
Dominik García-Lorido,265208
Gerard Butler,45610
Michelle Monaghan,45610
Kathy Baker,45610
Richard Goteri,45610
Peter Carey,45610
Christoph Maria Herbst,50135
Ralf Schmitz,50135
Thomas Fritsch,50135
Bastian Pastewka,50135
Oliver Kalkofe,50135
Diane Kruger,1874
Joseph Fiennes,1874
Dennis Haysbert,1874
Shiloh Henderson,1874
Patrick Lyster,1874
Thomas Kretschmann,271331
Tim Roth,271331
Gérard Depardieu,271331
Sam Neill,271331
Jemima West,271331
Nicole Kidman,215211
Parker Posey,215211
Tim Roth,215211
Paz Vega,215211
Milo Ventimiglia,215211
Fyodor Bondarchuk,367961
Maksim Chukharyov,367961
Konstantin Khabenskiy,367961
Mikhail Galustyan,367961
Natalya Ionova,367961
John Malkovich,10955
Ray Winstone,10955
Hanns Zischler,10955
Uwe Mansshardt,10955
Paolo Paoloni,10955
Seth Rogen,223702
Bill Hader,223702
Jonah Hill,223702
Kristen Wiig,223702
Michael Cera,223702
Rebel Wilson,254470
Hailee Steinfeld,254470
Anna Kendrick,254470
Brittany Snow,254470
Skylar Astin,254470
Reese Witherspoon,69
Robert Patrick,69
Joaquin Phoenix,69
Ginnifer Goodwin,69
Tyler Hilton,69
Ben Stiller,4967
Edward Norton,4967
Eli Wallach,4967
Jenna Elfman,4967
Anne Bancroft,4967
John Goodman,9449
Tom Felton,9449
Hugh Laurie,9449
Jim Broadbent,9449
Celia Imrie,9449
Kevin Bacon,11499
Sam Rockwell,11499
Frank Langella,11499
Michael Sheen,11499
Mark Simich,11499
Brad Pitt,4912
Sam Rockwell,4912
Drew Barrymore,4912
Julia Roberts,4912
Rutger Hauer,4912
Cedric the Entertainer,12771
Elizabeth Hurley,12771
Bruce Campbell,12771
Matthew Perry,12771
Vincent Pastore,12771
Kathy Bates,323676
Kristen Bell,323676
Melissa McCarthy,323676
Peter Dinklage,323676
Kristen Schaal,323676
Kevin Kline,12506
Denzel Washington,12506
Penelope Wilton,12506
Kate Hardie,12506
John Matshikiza,12506
Alfre Woodard,24071
Zooey Deschanel,24071
Jason Lee,24071
Hope Davis,24071
Loren Dean,24071
Billy Boyd,11249
Jennifer Tilly,11249
Brad Dourif,11249
Redman,11249
Hannah Spearritt,11249
Keira Knightley,9667
Adrien Brody,9667
Kris Kristofferson,9667
Jennifer Jason Leigh,9667
Kelly Lynch,9667
Robin Williams,812
Scott Weinger,812
Linda Larkin,812
Jonathan Freeman,812
Frank Welker,812
O'Shea Jackson Jr.,277216
Corey Hawkins,277216
Jason Mitchell,277216
Neil Brown Jr.,277216
Aldis Hodge,277216
Harrison Ford,87
Kate Capshaw,87
Jonathan Ke Quan,87
Amrish Puri,87
Roshan Seth,87
E.G. Daily,14444
David Spade,14444
Whoopi Goldberg,14444
Tara Strong,14444
Christine Cavanaugh,14444
Morgan Freeman,2043
Michael Wincott,2043
Dylan Baker,2043
Mika Boorem,2043
Monica Potter,2043
Rebecca Ferguson,315664
Meryl Streep,315664
Hugh Grant,315664
Simon Helberg,315664
Nina Arianda,315664
Johnny Depp,1428
Salma Hayek,1428
Mickey Rourke,1428
Antonio Banderas,1428
Eva Mendes,1428
Alan Rickman,562
Bruce Willis,562
Bonnie Bedelia,562
Reginald VelJohnson,562
Alexander Godunov,562
Paul Rudd,15373
Elizabeth Banks,15373
Seann William Scott,15373
Christopher Mintz-Plasse,15373
Bobb'e J. Thompson,15373
Christian Bale,318846
Brad Pitt,318846
Steve Carell,318846
Melissa Leo,318846
Ryan Gosling,318846
Liev Schreiber,26320
Jonathan Groff,26320
Henry Goodman,26320
Imelda Staunton,26320
Demetri Martin,26320
Kurt Russell,14292
Noah Emmerich,14292
Patricia Clarkson,14292
Sean McCann,14292
Kenneth Welsh,14292
Ving Rhames,924
Ty Burrell,924
Mekhi Phifer,924
Sarah Polley,924
Jake Weber,924
Matthew McConaughey,2018
Jennifer Lopez,2018
Justin Chambers,2018
Joanna Gleason,2018
Lou Myers,2018
Shun Oguri,192577
Haruma Miura,192577
Yu Aoi,192577
Arata Furuta,192577
Ayano Fukuda,192577
Gwyneth Paltrow,9428
Ben Stiller,9428
Gene Hackman,9428
Anjelica Huston,9428
Luke Wilson,9428
Alfred Molina,2832
John Cusack,2832
Amanda Peet,2832
John Hawkes,2832
Ray Liotta,2832
Kevin Kline,137093
Michael Douglas,137093
Morgan Freeman,137093
Robert De Niro,137093
Mary Steenburgen,137093
Chaim Topol,699
Roger Moore,699
Carole Bouquet,699
Lynn-Holly Johnson,699
Julian Glover,699
John Cusack,9778
Kate Beckinsale,9778
Bridget Moynahan,9778
Eugene Levy,9778
Jeremy Piven,9778
Ron Silver,8831
Bruce McGill,8831
Jean-Claude Van Damme,8831
Mia Sara,8831
Gloria Reuben,8831
Owen Wilson,9398
Ben Stiller,9398
Will Ferrell,9398
Milla Jovovich,9398
Christine Taylor,9398
Josh Duhamel,112949
Julianne Hough,112949
Cobie Smulders,112949
David Lyons,112949
Mike Pniewski,112949
Bette Midler,10439
Sarah Jessica Parker,10439
Thora Birch,10439
Kathy Najimy,10439
Omri Katz,10439
Aaron Eckhart,3638
Catherine Zeta-Jones,3638
Abigail Breslin,3638
Patricia Clarkson,3638
Jenny Wade,3638
Mark Strong,23483
Chloë Grace Moretz,23483
Nicolas Cage,23483
Aaron Taylor-Johnson,23483
Christopher Mintz-Plasse,23483
Jesse Eisenberg,62206
Aziz Ansari,62206
Danny McBride,62206
Nick Swardson,62206
Bianca Kajlich,62206
Christopher Plummer,10577
Gerard Butler,10577
Jonny Lee Miller,10577
Justine Waddell,10577
Jennifer Esposito,10577
Steve Carell,218778
Jennifer Garner,218778
Dylan Minnette,218778
Ed Oxenbould,218778
Kerris Dorsey,218778
Keira Knightley,4348
Rosamund Pike,4348
Donald Sutherland,4348
Matthew Macfadyen,4348
Simon Woods,4348
Harrison Ford,78
M. Emmet Walsh,78
Edward James Olmos,78
Rutger Hauer,78
Sean Young,78
Liam Neeson,11780
Tim Roth,11780
John Hurt,11780
Jessica Lange,11780
Eric Stoltz,11780
Kevin Costner,192102
Hailee Steinfeld,192102
Connie Nielsen,192102
Amber Heard,192102
Tómas Lemarquis,192102
Mark Wahlberg,2001
Eva Mendes,2001
Joaquin Phoenix,2001
Robert Duvall,2001
Alex Veadov,2001
John Hurt,10383
Sarah Wynter,10383
Philip Baker Hall,10383
Winona Ryder,10383
Ben Chaplin,10383
Jacques Perrin,11516
Philippe Labro,11516
Chris Pine,10025
Lindsay Lohan,10025
Samaire Armstrong,10025
Missi Pyle,10025
Makenzie Vega Norfolk,10025
Russell Crowe,15198
Hank Azaria,15198
Burt Reynolds,15198
Colm Meaney,15198
Mary McCormack,15198
Jackie Chan,23172
Amber Valletta,23172
George Lopez,23172
Billy Ray Cyrus,23172
Lucas Till,23172
Robert Pastorelli,17834
Kathleen Turner,17834
Martin Short,17834
Mara Wilson,17834
Deborah Odell,17834
Jason Statham,10016
Ice Cube,10016
Pam Grier,10016
Natasha Henstridge,10016
Clea DuVall,10016
Anthony Mackie,10317
Billy Bob Thornton,10317
Sandra Bullock,10317
Scoot McNairy,10317
Zoe Kazan,10317
Douglas Booth,58431
Sam Riley,58431
Lily James,58431
Jack Huston,58431
Bella Heathcote,58431
Tenzin Thuthob Tsarong,9746
Tencho Gyalpo,9746
Tsewang Migyur Khangsar,9746
Gyurme Tethong,9746
Robert Lin,9746
Megan Fox,13092
Simon Pegg,13092
Gillian Anderson,13092
Kelan Pannell,13092
Janette Scott,13092
Jim Carrey,59859
Chloë Grace Moretz,59859
Aaron Taylor-Johnson,59859
Christopher Mintz-Plasse,59859
Clark Duke,59859
Viggo Mortensen,13495
Unax Ugalde,13495
Eduard Fernández,13495
Elena Anaya,13495
Eduardo Noriega,13495
Paul Walker,254473
RZA,254473
David Belle,254473
Robert Maillet,254473
Carlo Rota,254473
Roger Moore,700
Maud Adams,700
Louis Jourdan,700
Kristina Wayborn,700
Kabir Bedi,700
Seth Rogen,4964
Paul Rudd,4964
Leslie Mann,4964
Jason Segel,4964
Katherine Heigl,4964
Joan Cusack,10024
Cameron Diaz,10024
Alec Baldwin,10024
Abigail Breslin,10024
Sofia Vassilieva,10024
Cedric the Entertainer,13490
Martin Lawrence,13490
James Earl Jones,13490
Joy Bryant,13490
Margaret Avery,13490
James Fox,15927
Judy Davis,15927
Alec Guinness,15927
Peggy Ashcroft,15927
Victor Banerjee,15927
Cate Blanchett,1259
Judi Dench,1259
Bill Nighy,1259
Juno Temple,1259
Max Lewis,1259
Jake Gyllenhaal,5125
Reese Witherspoon,5125
Omar Metwally,5125
Moa Khouas,5125
Zineb Oukach,5125
Leonard Nimoy,174
William Shatner,174
George Takei,174
DeForest Kelley,174
James Doohan,174
Sandra Bullock,9583
James Garner,9583
Cherry Jones,9583
Fionnula Flanagan,9583
Ellen Burstyn,9583
Morgan Freeman,9437
Cary Elwes,9437
Tony Goldwyn,9437
Ashley Judd,9437
Alex McArthur,9437
Dan Aykroyd,525
John Belushi,525
James Brown,525
Cab Calloway,525
Ray Charles,525
Blake Lively,10188
America Ferrera,10188
Rachel Nichols,10188
Alexis Bledel,10188
Amber Tamblyn,10188
Queen Latifah,63574
Courtney B. Vance,63574
Dolly Parton,63574
Keke Palmer,63574
Jeremy Jordan,63574
Rachel Weisz,245
Nicholas Hoult,245
Hugh Grant,245
Toni Collette,245
Sharon Small,245
Oliver Platt,9825
Brendan Gleeson,9825
Bill Pullman,9825
Bridget Fonda,9825
Betty White,9825
Ben Kingsley,186
Josh Hartnett,186
Bruce Willis,186
Lucy Liu,186
Morgan Freeman,186
Dennis Quaid,9549
Sam Shepard,9549
Scott Glenn,9549
Ed Harris,9549
Fred Ward,9549
Rhys Ifans,61891
David Thewlis,61891
Joely Richardson,61891
Vanessa Redgrave,61891
Jamie Campbell Bower,61891
Gerald McRaney,34584
Barret Oliver,34584
Noah Hathaway,34584
Drum Garrett,34584
Darryl Cooksey,34584
William Hurt,2666
Kiefer Sutherland,2666
Jennifer Connelly,2666
Rufus Sewell,2666
Richard O'Brien,2666
Keira Knightley,12783
Ralph Fiennes,12783
Charlotte Rampling,12783
Simon McBurney,12783
Aidan McArdle,12783
Nicol Williamson,13155
Fairuza Balk,13155
Jean Marsh,13155
Piper Laurie,13155
Matt Clark,13155
Vincent D'Onofrio,42807
Matthew McConaughey,42807
Skeet Ulrich,42807
Ethan Hawke,42807
Gail Cronauer,42807
Ian McShane,28355
Renée Zellweger,28355
Jodelle Ferland,28355
Callum Keith Rennie,28355
Kerry O'Malley,28355
Ben Kingsley,8080
Aaron Eckhart,8080
Carrie-Anne Moss,8080
Harry Lennix,8080
Kevin Chamberlin,8080
Joan Cusack,5126
John Cusack,5126
Amanda Peet,5126
Oliver Platt,5126
Bobby Coleman,5126
Jessica Alba,56288
Jeremy Piven,56288
Joel McHale,56288
Mason Cook,56288
Rowan Blanchard,56288
George Clooney,303858
Julia Roberts,303858
Jack O'Connell,303858
Dominic West,303858
Caitriona Balfe,303858
Rhys Ifans,1613
Emily Mortimer,1613
Samuel L. Jackson,1613
Robert Carlyle,1613
Meat Loaf,1613
Philip Seymour Hoffman,31582
Robert De Niro,31582
Chris Bauer,31582
Barry Miller,31582
Skipp Sudduth,31582
Jonny Lee Miller,16617
LL Cool J,16617
Clifton Collins Jr,16617
Kathryn Morris,16617
Patricia Velásquez,16617
Stanley Tucci,8944
Bruce Willis,8944
Robin Wright,8944
Robert De Niro,8944
Sean Penn,8944
Michael Caine,41488
Tilda Swinton,41488
Jeremy Northam,41488
Charlotte Rampling,41488
Alan Bates,41488
Joseph Kaiser,37028
Amy Carson,37028
René Pape,37028
Lyubov Petrova,37028
Benjamin Jay Davis,37028
Jayma Mays,14560
Kevin James,14560
Raini Rodriguez,14560
Keir O'Donnell,14560
Shirley Knight,14560
Jamie Lee Curtis,10330
Lindsay Lohan,10330
Mark Harmon,10330
Harold Gould,10330
Haley Hudson,10330
Seth Rogen,6957
Paul Rudd,6957
Steve Carell,6957
Catherine Keener,6957
Romany Malco,6957
Judi Dench,1934
Gwyneth Paltrow,1934
Geoffrey Rush,1934
Joseph Fiennes,1934
Tom Wilkinson,1934
Liam Neeson,169917
David Harbour,169917
Boyd Holbrook,169917
Dan Stevens,169917
Adam David Thompson,169917
Arnold Schwarzenegger,951
Pamela Reed,951
Penelope Ann Miller,951
Linda Hunt,951
Richard Tyson,951
James Franco,10189
Seth Rogen,10189
Danny McBride,10189
Rosie Perez,10189
Gary Cole,10189
Dougray Scott,9454
Drew Barrymore,9454
Anjelica Huston,9454
Melanie Lynskey,9454
Megan Dodds,9454
Michael Gambon,2055
Kevin Costner,2055
Michael Jeter,2055
Diego Luna,2055
Robert Duvall,2055
Oliver Platt,1551
Kiefer Sutherland,1551
Kevin Bacon,1551
Julia Roberts,1551
William Baldwin,1551
Michael Caine,5902
James Caan,5902
Sean Connery,5902
Edward Fox,5902
Dirk Bogarde,5902
Brian Cox,11460
Jayma Mays,11460
Cillian Murphy,11460
Rachel McAdams,11460
Jack Scalia,11460
Ali Larter,9358
A.J. Cook,9358
Michael Landes,9358
Tony Todd,9358
Keegan Connor Tracy,9358
John Goodman,134
John Turturro,134
George Clooney,134
Tim Blake Nelson,134
Holly Hunter,134
Dennis Quaid,22894
Paul Bettany,22894
Kevin Durand,22894
Doug Jones,22894
Kate Walsh,22894
Mark Wahlberg,134374
Dwayne Johnson,134374
Anthony Mackie,134374
Ed Harris,134374
Tony Shalhoub,134374
Scarlett Johansson,1901
Topher Grace,1901
Dennis Quaid,1901
Marg Helgenberger,1901
David Paymer,1901
Michael Biehn,15028
Jesse Bradford,15028
Paula Garcés,15028
Robin Thomas,15028
French Stewart,15028
Kevin Costner,11509
Kevin Kline,11509
Brian Dennehy,11509
Danny Glover,11509
Scott Glenn,11509
Tobey Maguire,7445
Jake Gyllenhaal,7445
Natalie Portman,7445
Sam Shepard,7445
Mare Winningham,7445
Anthony Anderson,17047
Frankie Muniz,17047
Hannah Spearritt,17047
Alfie Allen,17047
Cynthia Stevenson,17047
Carla Gugino,62838
Robert De Niro,62838
Ashton Kutcher,62838
Katherine Heigl,62838
Lea Michele,62838
Angelina Jolie,2057
Antonio Banderas,2057
Jack Thompson,2057
Gregory Itzin,2057
Allison Mackie,2057
Kevin McNally,70436
John Cusack,70436
Brendan Gleeson,70436
Luke Evans,70436
Alice Eve,70436
Ray Romano,16784
Gene Hackman,16784
Marcia Gay Harden,16784
Maura Tierney,16784
June Squibb,16784
Mario Van Peebles,8011
Mako,8011
Deborah Kara Unger,8011
Christopher Lambert,8011
Martin Neufeld,8011
Michael Caine,31640
Jennifer Lopez,31640
Jack Nicholson,31640
Stephen Dorff,31640
Judy Davis,31640
Sigourney Weaver,9092
Sam Neill,9092
Monica Keena,9092
Gil Bellows,9092
Brian Glover,9092
Charlize Theron,2779
Helen Hunt,2779
David Ogden Stiers,2779
Dan Aykroyd,2779
Woody Allen,2779
James Marsden,316002
Jake Gyllenhaal,316002
Jessica Biel,316002
Catherine Keener,316002
Paul Reubens,316002
Elijah Wood,36355
Paul Hogan,36355
Jonathan Banks,36355
Jason Fuchs,36355
Robert Deacon,36355
Ryan Reynolds,238615
Ben Kingsley,238615
Natalie Martinez,238615
Michelle Dockery,238615
Matthew Goode,238615
Rachel Weisz,1985
Ralph Fiennes,1985
Bill Nighy,1985
Danny Huston,1985
Donald Sumpter,1985
Monica Bellucci,615
Jim Caviezel,615
Maia Morgenstern,615
Rosalinda Celentano,615
Sergio Rubini,615
Robin Williams,788
Pierce Brosnan,788
Sally Field,788
Harvey Fierstein,788
Polly Holliday,788
Tom Cruise,380
Dustin Hoffman,380
Valeria Golino,380
Gerald R. Molen,380
Jack Murdock,380
Clint Eastwood,13223
Brian Haley,13223
Christopher Carley,13223
Bee Vang,13223
Ahney Her,13223
Josh Brolin,10523
Thandie Newton,10523
Elizabeth Banks,10523
Ioan Gruffudd,10523
Ellen Burstyn,10523
Famke Janssen,8681
Liam Neeson,8681
Maggie Grace,8681
Holly Valance,8681
Katie Cassidy,8681
James Marsden,239571
Luke Bracey,239571
Michelle Monaghan,239571
Gerald McRaney,239571
Liana Liberato,239571
Kevin Costner,619
Whitney Houston,619
Michele Lamar Richards,619
Ralph Waite,619
Gary Kemp,619
Ralph Fiennes,424
Ben Kingsley,424
Liam Neeson,424
Caroline Goodall,424
Jonathan Sagall,424
Emma Stone,50014
Bryce Dallas Howard,50014
Viola Davis,50014
Jessica Chastain,50014
Octavia Spencer,50014
Anthony Mackie,162903
David Thewlis,162903
Alicia Vikander,162903
Benedict Cumberbatch,162903
Daniel Brühl,162903
Seth Green,11024
Freddie Prinze Jr.,11024
Sarah Michelle Gellar,11024
Matthew Lillard,11024
Linda Cardellini,11024
Jason Flemyng,208763
Aleksey Chadov,208763
Agniya Ditkovskite,208763
Yuriy Tsurilo,208763
Olga Zaytseva,208763
Monica Keena,6466
Lochlyn Munro,6466
Robert Englund,6466
Ken Kirzinger,6466
Jason Ritter,6466
Kate Beckinsale,254024
Daniel Brühl,254024
Cara Delevingne,254024
Ava Acres,254024
Corrado Invernizzi,254024
Patrick Stewart,12589
Debi Derryberry,12589
Megan Cavanagh,12589
Mark DeCarlo,12589
Jeffrey Garcia,12589
Jessica Lucas,7191
Lizzy Caplan,7191
Mike Vogel,7191
Odette Annable,7191
Michael Stahl-David,7191
Paige Turco,1497
David Warner,1497
Michelan Sisti,1497
Leif Tilden,1497
Kenn Scott,1497
Kevin Costner,117
Andy García,117
Robert De Niro,117
Sean Connery,117
Charles Martin Smith,117
Tommy Lee Jones,6977
Josh Brolin,6977
Javier Bardem,6977
Kelly Macdonald,6977
Woody Harrelson,6977
John Leguizamo,168530
Kevin Hart,168530
Bruce McGill,168530
Ice Cube,168530
Tika Sumpter,168530
Renée Zellweger,634
Jim Broadbent,634
Colin Firth,634
Hugh Grant,634
Gemma Jones,634
Johnny Depp,392
Judi Dench,392
Alfred Molina,392
Juliette Binoche,392
Leslie Caron,392
Reese Witherspoon,10327
Regina King,10327
Sally Field,10327
Jennifer Coolidge,10327
James Newman,10327
Billy Crystal,88042
Bette Midler,88042
Marisa Tomei,88042
Tom Everett Scott,88042
Bailee Madison,88042
Kevin Kline,41630
Natalie Portman,41630
Cary Elwes,41630
Ashton Kutcher,41630
Greta Gerwig,41630
Sam Elliott,11969
Bill Paxton,11969
Kurt Russell,11969
Val Kilmer,11969
Powers Boothe,11969
Jet Li,2085
Isaiah Washington,2085
Aaliyah,2085
DMX,2085
Russell Wong,2085
David Warner,794
Gregory Peck,794
Lee Remick,794
Billie Whitelaw,794
Harvey Stephens,794
Mary Elizabeth Winstead,9286
Ryan Merriman,9286
Kris Lemche,9286
Alexz Johnson,9286
Sam Easton,9286
Blythe Danner,77877
Zac Efron,77877
Taylor Schilling,77877
Jay R. Ferguson,77877
Riley Thomas Stewart,77877
Josh Hutcherson,1265
AnnaSophia Robb,1265
Robert Patrick,1265
Zooey Deschanel,1265
Bailee Madison,1265
Johnny Depp,866
Kate Winslet,866
Freddie Highmore,866
Dustin Hoffman,866
Julie Christie,866
Tyler Perry,175555
Tika Sumpter,175555
Chad Michael Murray,175555
Anna Maria Horsford,175555
Eric Lively,175555
Liam Neeson,75174
Dallas Roberts,75174
Dermot Mulroney,75174
Joe Anderson,75174
Frank Grillo,75174
Famke Janssen,11096
Dakota Fanning,11096
Robert De Niro,11096
Elisabeth Shue,11096
Amy Irving,11096
Paul Rudd,8699
Steve Carell,8699
Will Ferrell,8699
Christina Applegate,8699
David Koechner,8699
Joe Pesci,769
Robert De Niro,769
Ray Liotta,769
Lorraine Bracco,769
Paul Sorvino,769
Angie Harmon,10923
Keith David,10923
Hilary Duff,10923
Frankie Muniz,10923
Cynthia Stevenson,10923
Emma Thompson,11283
Kelly Macdonald,11283
Colin Firth,11283
Thomas Brodie-Sangster,11283
Eliza Bennett,11283
Michelle Pfeiffer,111
Al Pacino,111
Mary Elizabeth Mastrantonio,111
Robert Loggia,111
Steven Bauer,111
Tim Robbins,11676
Martin Lawrence,11676
Kelly Preston,11676
John C. McGinley,11676
Irma P. Hall,11676
Joan Chen,746
John Lone,746
Peter O'Toole,746
Dennis Dun,746
Ryuichi Sakamoto,746
Mark Wahlberg,77866
Ben Foster,77866
J.K. Simmons,77866
Kate Beckinsale,77866
Giovanni Ribisi,77866
Chris Tucker,9416
Heather Locklear,9416
Charlie Sheen,9416
Paul Sorvino,9416
Elise Neal,9416
Daniel Day-Lewis,7345
Ciarán Hinds,7345
Paul Dano,7345
Kevin J. O'Connor,7345
Dillon Freasier,7345
Tim Curry,14317
Lacey Chabert,14317
Tom Kane,14317
Cree Summer,14317
Lynn Redgrave,14317
E.G. Daily,20694
Nancy Cartwright,20694
Tim Curry,20694
Kath Soucie,20694
Dionne Quan,20694
Denise Richards,12277
Chi McBride,12277
Chris Kattan,12277
Aunjanue Ellis,12277
Eddie Griffin,12277
Blake Lively,9779
America Ferrera,9779
Alexis Bledel,9779
Amber Tamblyn,9779
Jenna Boyd,9779
Jet Li,2140
Tchéky Karyo,2140
Bridget Fonda,2140
Max Ryan,2140
Ric Young,2140
Emma Stone,12620
Anna Faris,12620
Kat Dennings,12620
Katharine McPhee,12620
Rumer Willis,12620
Alfre Woodard,14177
Alicia Silverstone,14177
Andie MacDowell,14177
Queen Latifah,14177
Mena Suvari,14177
Bill Paxton,198185
Suraj Sharma,198185
Lake Bell,198185
Jon Hamm,198185
Aasif Mandvi,198185
Alexander Skarsgård,227156
Jeff Bridges,227156
Brenton Thwaites,227156
Meryl Streep,227156
Odeya Rush,227156
Jonathan Pryce,10735
Kelly Preston,10735
Colin Firth,10735
Amanda Bynes,10735
Oliver James,10735
Ray Wise,11351
Jonathan Breck,11351
Garikayi Mutambirwa,11351
Eric Nenninger,11351
Josh Hammond,11351
Dan Fogler,10030
Jessica Alba,10030
Dane Cook,10030
Ellia English,10030
Lonny Ross,10030
Jet Li,10623
Tom Arnold,10623
Kelly Hu,10623
Anthony Anderson,10623
DMX,10623
Nicole Kidman,590
Julianne Moore,590
Stephen Dillane,590
Meryl Streep,590
Miranda Richardson,590
Channing Tatum,9655
David Cross,9655
Vinnie Jones,9655
Amanda Bynes,9655
Laura Ramsey,9655
Willem Dafoe,1268
Rowan Atkinson,1268
Karel Roden,1268
Max Baldry,1268
Emma de Caunes,1268
Johnny Messner,11237
KaDee Strickland,11237
Matthew Marsden,11237
Nicholas Gonzalez,11237
Eugene Byrd,11237
Zoe Saldana,190955
Mila Kunis,190955
Billy Crudup,190955
Marion Cotillard,190955
Clive Owen,190955
Terrence Howard,5123
Keri Russell,5123
Jonathan Rhys Meyers,5123
Freddie Highmore,5123
Robin Williams,5123
Cate Blanchett,4518
Geoffrey Rush,4518
Christopher Eccleston,4518
Joseph Fiennes,4518
Richard Attenborough,4518
Jennifer Tilly,11932
Katherine Heigl,11932
Brad Dourif,11932
Ed Gale,11932
Nick Stabile,11932
Martin Balsam,11165
Sô Yamamura,11165
Joseph Cotten,11165
Tatsuya Mihashi,11165
E.G. Marshall,11165
Victoria Beckham,6116
Melanie Brown,6116
Emma Bunton,6116
Melanie Chisholm,6116
Geri Halliwell,6116
Jonah Hill,57431
Sam Rockwell,57431
Max Records,57431
Ari Graynor,57431
J.B. Smoove,57431
David Alan Grier,21724
Damon Wayans Jr.,21724
Shoshana Bush,21724
Essence Atkins,21724
Chris Elliott,21724
Tim Robbins,278
Morgan Freeman,278
Clancy Brown,278
Bob Gunton,278
Mark Rolston,278
Paul Hogan,9290
Jonathan Banks,9290
Linda Kozlowski,9290
Jere Burns,9290
Alec Wilson,9290
Bill Murray,11543
Woody Harrelson,11543
Randy Quaid,11543
Chris Elliott,11543
Vanessa Angel,11543
John Goodman,284536
Mark Wahlberg,284536
Jessica Lange,284536
Brie Larson,284536
Michael Kenneth Williams,284536
Ewan McGregor,152737
Julia Roberts,152737
Chris Cooper,152737
Meryl Streep,152737
Margo Martindale,152737
Joan Cusack,13374
Hayden Panettiere,13374
Kim Cattrall,13374
Michelle Trachtenberg,13374
Amy Stewart,13374
Amanda Peet,8976
Ashton Kutcher,8976
Ali Larter,8976
Aimee Garcia,8976
Taryn Manning,8976
Hugh Jackman,319888
Christopher Walken,319888
Taron Egerton,319888
Ania Sowinski,319888
Mads Sjøgård Pettersen,319888
Denzel Washington,9469
Rosario Dawson,9469
Milla Jovovich,9469
Ray Allen,9469
Hill Harper,9469
Johnny Depp,1909
Marlon Brando,1909
Faye Dunaway,1909
Géraldine Pailhas,1909
Bob Dishy,1909
Channing Tatum,22971
Richard Jenkins,22971
Amanda Seyfried,22971
Scott Porter,22971
Henry Thomas,22971
Zoe Saldana,34813
Chris Evans,34813
Idris Elba,34813
Jeffrey Dean Morgan,34813
Columbus Short,34813
Guy Pearce,46261
Katie Holmes,46261
Jack Thompson,46261
Bailee Madison,46261
Alan Dale,46261
Jet Li,10431
Luis Guzmán,10431
Jason Statham,10431
Devon Aoki,10431
John Lone,10431
Philip Seymour Hoffman,8051
Luis Guzmán,8051
Adam Sandler,8051
Emily Watson,8051
Mary Lynn Rajskub,8051
Michelle Trachtenberg,9352
Vinnie Jones,9352
Scott Mechlowicz,9352
Jacob Pitts,9352
Travis Wester,9352
Claudia Christian,10167
Morris Chestnut,10167
Steven Seagal,10167
Ja Rule,10167
Nia Peeples,10167
Lewis Black,18147
Wilmer Valderrama,18147
Tyler James Williams,18147
Dyllan Christopher,18147
Brett Kelly,18147
Kiefer Sutherland,17170
Michael J. Fox,17170
Dianne Wiest,17170
Phoebe Cates,17170
Jason Robards,17170
Jonathan Taylor Thomas,18975
Martin Landau,18975
Udo Kier,18975
Geneviève Bujold,18975
Bebe Neuwirth,18975
Shia LaBeouf,15487
Stephen Dillane,15487
Peter Firth,15487
Josh Flitter,15487
Peyton List,15487
James Marsden,22825
Cameron Diaz,22825
Frank Langella,22825
James Rebhorn,22825
Michael Zegen,22825
Jena Malone,11152
Joe Anderson,11152
Laura Ramsey,11152
Shawn Ashmore,11152
Jonathan Tucker,11152
Benjamin Bratt,1831
Rupert Everett,1831
Madonna,1831
Malcolm Stumpf,1831
Josef Sommer,1831
Max Thieriot,43931
John Magaro,43931
Denzel Whitaker,43931
Zena Grey,43931
Nick Lashaway,43931
Emile Hirsch,10591
Timothy Olyphant,10591
James Remar,10591
Chris Marquette,10591
Elisha Cuthbert,10591
Jean-Claude Van Damme,10861
Natasha Henstridge,10861
Jean-Hugues Anglade,10861
Zach Grenier,10861
Paul Ben-Victor,10861
Leslie Mann,12770
Jason Lee,12770
John C. McGinley,12770
Dennis Farina,12770
Tom Green,12770
Tom Hardy,276907
Christopher Eccleston,276907
David Thewlis,276907
Emily Browning,276907
Taron Egerton,276907
Bill Hader,10074
Isla Fisher,10074
Danny McBride,10074
Sissy Spacek,10074
Andy Samberg,10074
Sara Paxton,65055
Chris Carmack,65055
Joel David Moore,65055
Chris Zylka,65055
Dustin Milligan,65055
Robert Carlyle,10397
Emily Watson,10397
Joe Breen,10397
Michael Legge,10397
Ciaran Owens,10397
Kevin Costner,200505
Sam Elliott,200505
Jennifer Garner,200505
Tom Welling,200505
Terry Crews,200505
Patrick Stewart,11954
Peter Firth,11954
Frank Finlay,11954
Steve Railsback,11954
Mathilda May,11954
James McAvoy,60309
Kevin Kline,60309
Robin Wright,60309
Evan Rachel Wood,60309
Alexis Bledel,60309
Emile Hirsch,9787
Michael Angarano,9787
Victor Rasuk,9787
Rebecca De Mornay,9787
John Robinson,9787
Antonio Banderas,293646
Rodrigo Santoro,293646
Lou Diamond Phillips,293646
James Brolin,293646
Juliette Binoche,293646
Kurt Russell,6978
Kim Cattrall,6978
James Hong,6978
Dennis Dun,6978
Victor Wong,6978
Diane Kruger,133698
Dany Boon,133698
Alice Pol,133698
Robert Plagnol,133698
Jonathan Cohen,133698
Tom Hardy,59440
Joel Edgerton,59440
Nick Nolte,59440
Frank Grillo,59440
Jennifer Morrison,59440
Liam Neeson,1770
Alan Rickman,1770
Julia Roberts,1770
Stephen Rea,1770
Aidan Quinn,1770
Stephen Lang,10655
Sam Elliott,10655
Jeff Daniels,10655
Martin Sheen,10655
Tom Berenger,10655
Channing Tatum,8988
Joseph Gordon-Levitt,8988
Abbie Cornish,8988
Ryan Phillippe,8988
Josef Sommer,8988
Charlie Hunnam,15992
Katie Holmes,15992
Benjamin Bratt,15992
Zooey Deschanel,15992
Fred Ward,15992
Bill Pullman,17707
Claire Danes,17707
Kate Beckinsale,17707
Lou Diamond Phillips,17707
Jacqueline Kim,17707
Jeffrey Dean Morgan,77883
Kyra Sedgwick,77883
Natasha Calis,77883
Madison Davenport,77883
Rob LaBelle,77883
Brendan Fraser,40001
Shirley MacLaine,40001
Jane Krakowski,40001
Loren Dean,40001
Ricki Lake,40001
Kate Bosworth,64639
Alexander Skarsgård,64639
James Marsden,64639
Dominic Purcell,64639
Laz Alonso,64639
Alfred Molina,9903
Marcia Gay Harden,9903
Richard Gere,9903
Hope Davis,9903
Julie Delpy,9903
William Forsythe,21338
Brian Bosworth,21338
Lance Henriksen,21338
Arabella Holzbog,21338
Sam McMurray,21338
Guy Pearce,20766
Charlize Theron,20766
Viggo Mortensen,20766
Robert Duvall,20766
Kodi Smit-McPhee,20766
Tanya Roberts,24264
Ted Wass,24264
Donovan Scott,24264
Elizabeth of Toro,24264
France Zobda,24264
Roselyn Sánchez,19803
Kelly Hu,19803
Cheech Marin,19803
Shawn Ashmore,19803
Nick Cannon,19803
Richard Jenkins,20309
Heather Graham,20309
Chris Klein,20309
Sally Field,20309
Orlando Jones,20309
Anthony Hopkins,9912
Iain Rea,9912
Tessa Mitchell,9912
Aaron Murphy,9912
Tim Shadbolt,9912
Naomi Watts,9067
Malcolm McDowell,9067
Lori Petty,9067
Ice-T,9067
Iggy Pop,9067
Jay Mohr,27360
Anthony Anderson,27360
Kellita Smith,27360
Brooke D'Orsay,27360
Donald Faison,27360
Mark Ruffalo,8338
Alice Braga,8338
Danny Glover,8338
Julianne Moore,8338
Gael García Bernal,8338
Michelle Rodriguez,168705
Ben Kingsley,168705
Kristanna Loken,168705
Michael Madsen,168705
Matthew Davis,168705
Christoph Waltz,72113
Kate Winslet,72113
John C. Reilly,72113
Jodie Foster,72113
Elvis Polanski,72113
Kevin Bacon,9729
Colin Firth,9729
Rachel Blanchard,9729
Alison Lohman,9729
David Hayman,9729
Erica Linz,94352
Igor Zaripov,94352
Matt Gillanders,94352
Jason Berrent,94352
Dallas Barnett,94352
Billy Crudup,22256
Donald Sutherland,22256
Matthew Lillard,22256
Jeremy Sisto,22256
Monica Potter,22256
Claire Danes,12404
Imogen Poots,12404
Zac Efron,12404
Zoe Kazan,12404
Christian McKay,12404
Geoffrey Rush,152742
Donald Sutherland,152742
Jim Sturgess,152742
Sylvia Hoeks,152742
Maximilian Dirr,152742
Nicolas Cage,11699
Val Kilmer,11699
Eva Mendes,11699
Fairuza Balk,11699
Shawn Hatosy,11699
Gemma Arterton,49953
Tim Curry,49953
Yuri Lowenthal,49953
Isabelle Fuhrman,49953
Melanie Griffith,49953
Marion Cotillard,48034
François Cluzet,48034
Benoît Magimel,48034
Gilles Lellouche,48034
Jean Dujardin,48034
Helen Mirren,39845
Joe Pesci,39845
Gina Gershon,39845
Bai Ling,39845
Sergio Peris-Mencheta,39845
Jérôme Deschamps,25353
Yolande Moreau,25353
Louise Wallon,25353
Arthur Deschamps,25353
Jean-Claude Bolle-Reddat,25353
Sergey Garmash,36696
Anna Bolshova,36696
Evgeny Mironov,36696
Aleksandr Bashirov,36696
Elena Yakovleva,36696
Penélope Cruz,109091
Javier Bardem,109091
Michael Fassbender,109091
Cameron Diaz,109091
Goran Visnjic,109091
Brian Cox,38543
Paul Giamatti,38543
Jason Flemyng,38543
Kate Mara,38543
James Purefoy,38543
Christopher Plummer,33157
Rod Steiger,33157
Orson Welles,33157
Jack Hawkins,33157
Virginia McKenna,33157
Charlie Yeung,290864
Donnie Yen,290864
Wang Baoqiang,290864
Bai Bing,290864
Deep Ng,290864
Bill Pullman,242166
Shane West,242166
Cam Gigandet,242166
Rachael Leigh Cook,242166
Brian Krause,242166
John Malkovich,859
Keanu Reeves,859
Michelle Pfeiffer,859
Glenn Close,859
Swoosie Kurtz,859
Amy Adams,83770
Garrett Hedlund,83770
Kristen Stewart,83770
Sam Riley,83770
Tom Sturridge,83770
Leonard Nimoy,168
William Shatner,168
George Takei,168
DeForest Kelley,168
James Doohan,168
Sylvester Stallone,1246
Burt Young,1246
Milo Ventimiglia,1246
Geraldine Hughes,1246
James Francis Kelly III,1246
Jamie Kennedy,4233
Sarah Michelle Gellar,4233
Courteney Cox,4233
David Arquette,4233
Neve Campbell,4233
Ewan McGregor,174751
Joel Edgerton,174751
Natalie Portman,174751
Noah Emmerich,174751
Boyd Holbrook,174751
Adam Brody,184098
Michael Ealy,184098
Meagan Good,184098
Regina Hall,184098
Jerry Ferrara,184098
Bruce Willis,2069
Michael Clarke Duncan,2069
Kevin Pollak,2069
Matthew Perry,2069
Rosanna Arquette,2069
Kevin Bacon,1788
John Lithgow,1788
Dianne Wiest,1788
Chris Penn,1788
Lori Singer,1788
Will Ferrell,11635
Vince Vaughn,11635
Luke Wilson,11635
Ellen Pompeo,11635
Leah Remini,11635
Jeff Bridges,177
Michael Jeter,177
Robin Williams,177
Mercedes Ruehl,177
Amanda Plummer,177
Freddie Prinze Jr.,3600
Brandy Norwood,3600
Jennifer Love Hewitt,3600
Muse Watson,3600
Mekhi Phifer,3600
Minnie Driver,2621
Jim Belushi,2621
David Duchovny,2621
Robert Loggia,2621
Carroll O'Connor,2621
Seth Rogen,10358
Elizabeth Banks,10358
Jennifer Schwalbach Smith,10358
Jason Mewes,10358
Gerry Bednob,10358
Aaron Eckhart,10480
Chris Rock,10480
Renée Zellweger,10480
Morgan Freeman,10480
Greg Kinnear,10480
Kevin Spacey,10313
Jeff Bridges,10313
Ewan McGregor,10313
George Clooney,10313
Robert Patrick,10313
Orlando Jones,18828
Eddie Griffin,18828
Garcelle Beauvais,18828
Gary Grubbs,18828
Daniel Roebuck,18828
Angelina Jolie,3558
Brittany Murphy,3558
Winona Ryder,3558
Elisabeth Moss,3558
Clea DuVall,3558
Kate Bosworth,13476
Josh Duhamel,13476
Topher Grace,13476
Nathan Lane,13476
Sean Hayes,13476
Steve Whitmire,10208
Dave Goelz,10208
Bill Barretta,10208
Frank Oz,10208
Jerry Nelson,10208
Michael Jackson,24961
Diana Ross,24961
Nipsey Russell,24961
Ted Ross,24961
Theresa Merritt,24961
Oliver Platt,20697
Scott Caan,20697
David Arquette,20697
Bill Goldberg,20697
Rose McGowan,20697
Antonio Banderas,20761
Woody Harrelson,20761
Lucy Liu,20761
Tom Sizemore,20761
Lolita Davidovich,20761
Pierce Brosnan,70868
Sarah Jessica Parker,70868
Olivia Munn,70868
Sarah Shahi,70868
Busy Philipps,70868
Adam Scott,43593
Elisabeth Shue,43593
Jerry O'Connell,43593
Steven R. McQueen,43593
Jessica Szohr,43593
Kevin Spacey,6478
Kate Bosworth,6478
John Goodman,6478
Bob Hoskins,6478
Brenda Blethyn,6478
Paul Walker,40688
Dennis Hopper,40688
John Ashton,40688
Eric Braeden,40688
Richard Lineback,40688
Sean Connery,26672
Vincent Price,26672
Anthony Quayle,26672
Joan Sims,26672
Paul Matthews,26672
Kathy Bates,45881
Robert De Niro,45881
Gabriel Byrne,45881
F. Murray Abraham,45881
Harvey Keitel,45881
Dwayne Johnson,41283
Billy Bob Thornton,41283
Carla Gugino,41283
Tom Berenger,41283
Maggie Grace,41283
Takuya Kimura,4935
Akihiro Miwa,4935
Tatsuya Gashûin,4935
Mitsunori Isaki,4935
Yo Oizumi,4935
Emma Stone,19908
Jesse Eisenberg,19908
Woody Harrelson,19908
Abigail Breslin,19908
Amber Heard,19908
Kathy Bates,10663
Adam Sandler,10663
Henry Winkler,10663
Fairuza Balk,10663
Jerry Reed,10663
Harrison Ford,1891
Mark Hamill,1891
Carrie Fisher,1891
Billy Dee Williams,1891
Anthony Daniels,1891
Will Smith,9737
Téa Leoni,9737
Martin Lawrence,9737
Tchéky Karyo,9737
Joe Pantoliano,9737
Leslie Nielsen,37137
Priscilla Presley,37137
George Kennedy,37137
O.J. Simpson,37137
Robert Goulet,37137
Seann William Scott,9532
Ali Larter,9532
Devon Sawa,9532
Tony Todd,9532
Kerr Smith,9532
George Clooney,10316
Philip Seymour Hoffman,10316
Paul Giamatti,10316
Evan Rachel Wood,10316
Ryan Gosling,10316
Vin Diesel,2787
Radha Mitchell,2787
Cole Hauser,2787
Lewis Fitz-Gerald,2787
Claudia Black,2787
Hugh Jackman,12658
Greg Kinnear,12658
Marisa Tomei,12658
Ellen Barkin,12658
Ashley Judd,12658
Amy Adams,152601
Scarlett Johansson,152601
Olivia Wilde,152601
Rooney Mara,152601
Joaquin Phoenix,152601
Paul Walker,10866
Steve Zahn,10866
Leelee Sobieski,10866
Jessica Bowman,10866
Stuart Stone,10866
Ioan Gruffudd,227707
Lena Headey,227707
Sam Neill,227707
Michael Sheen,227707
Aneurin Barnard,227707
Natalie Portman,21349
Susan Sarandon,21349
Hart Bochner,21349
Eileen Ryan,21349
Ray Baker,21349
Richard Dreyfuss,19150
Carrie-Anne Moss,19150
Burt Reynolds,19150
Dan Hedaya,19150
Seymour Cassel,19150
Michael Fassbender,70435
Ewan McGregor,70435
Channing Tatum,70435
Bill Paxton,70435
Gina Carano,70435
Michael Caine,580
Mario Van Peebles,580
Lorraine Gary,580
Lance Guest,580
Karen Young,580
Leonardo DiCaprio,9819
Diane Keaton,9819
Robert De Niro,9819
Meryl Streep,9819
Hume Cronyn,9819
Dash Mihok,13579
Ice Cube,13579
Keke Palmer,13579
Tasha Smith,13579
Jill Marie Jones,13579
Ralph Fiennes,20024
Julianne Moore,20024
Ian Hart,20024
Stephen Rea,20024
James Bolam,20024
Mickey Rourke,2453
Giancarlo Esposito,2453
Don Johnson,2453
Chelsea Field,2453
Daniel Baldwin,2453
James Franco,6973
Tommy Lee Jones,6973
Frances Fisher,6973
Charlize Theron,6973
Susan Sarandon,6973
Audrey Tautou,11156
Alessandro Nivola,11156
Benoît Poelvoorde,11156
Marie Gillain,11156
Emmanuelle Devos,11156
Kiefer Sutherland,354110
Brian Cox,354110
Donald Sutherland,354110
Demi Moore,354110
Siobhan Williams,354110
Kathy Bates,22215
Michelle Pfeiffer,22215
Rupert Friend,22215
Felicity Jones,22215
Iben Hjejle,22215
Reese Witherspoon,11632
Jonathan Rhys Meyers,11632
Gabriel Byrne,11632
James Purefoy,11632
Romola Garai,11632
Donnie Yen,30596
Hu Jun,30596
Wang Xue-qi,30596
Tony Leung Ka-Fai,30596
Nicholas Tse,30596
John Cusack,3021
Samuel L. Jackson,3021
Tony Shalhoub,3021
Mary McCormack,3021
Jasmine Jessica Anthony,3021
Bill Pullman,957
Mel Brooks,957
Rick Moranis,957
Daphne Zuniga,957
John Candy,957
Olga Kurylenko,256917
Russell Crowe,256917
Jai Courtney,256917
Yılmaz Erdoğan,256917
Cem Yılmaz,256917
Demi Moore,251
Tony Goldwyn,251
Patrick Swayze,251
Whoopi Goldberg,251
Vincent Schiavelli,251
Cameron Diaz,544
Ben Stiller,544
Matt Dillon,544
Lee Evans,544
Chris Elliott,544
Tim Allen,11395
Wendy Crewson,11395
Peter Boyle,11395
David Krumholtz,11395
Judge Reinhold,11395
Dennis Quaid,14635
Brian Cox,14635
Rachel Griffiths,14635
Beth Grant,14635
Angus T. Jones,14635
Dwayne Johnson,13680
Roselyn Sánchez,13680
Morris Chestnut,13680
Kyra Sedgwick,13680
Madison Pettis,13680
Meryl Streep,688
Clint Eastwood,688
Annie Corley,688
Victor Slezak,688
Jim Haynie,688
Ed Asner,11090
Rob Schneider,11090
Guy Torry,11090
John C. McGinley,11090
Colleen Haskell,11090
Ben Kingsley,783
Candice Bergen,783
Edward Fox,783
John Gielgud,783
Trevor Howard,783
Helen Mirren,228194
Om Puri,228194
Charlotte Le Bon,228194
Manish Dayal,228194
Rohan Chand,228194
Sandra Bullock,1642
Jeremy Northam,1642
Dennis Miller,1642
Wendy Gazelle,1642
Ken Howard,1642
Michelle Pfeiffer,10950
Dakota Fanning,10950
Sean Penn,10950
Richard Schiff,10950
Dianne Wiest,10950
Roma Downey,235260
Diogo Morgado,235260
Louise Delamere,235260
Darwin Shaw,235260
Amber Rose Revah,235260
Bill Nighy,277
Kate Beckinsale,277
Scott Speedman,277
Shane Brolly,277
Michael Sheen,277
Vincent Cassel,8999
Jennifer Aniston,8999
Clive Owen,8999
Melissa George,8999
Addison Timlin,8999
Matt Damon,11323
Joel McHale,11323
Scott Bakula,11323
Melanie Lynskey,11323
Ann Dowd,11323
Anthony Hopkins,10445
Debra Winger,10445
John Wood,10445
Julian Fellowes,10445
Roddy Maude-Roxby,10445
Til Schweiger,11453
Rob Schneider,11453
Jeroen Krabbé,11453
Eddie Griffin,11453
Hanna Verboom,11453
Chris Pratt,146239
Jack Reynor,146239
Britt Robertson,146239
Vince Vaughn,146239
Cobie Smulders,146239
Ewan McGregor,205588
Stellan Skarsgård,205588
Naomie Harris,205588
Jeremy Northam,205588
Damian Lewis,205588
Jack Black,10878
Amanda Peet,10878
Steve Zahn,10878
Jason Biggs,10878
Amanda Detmer,10878
Steve Zahn,82650
Zachary Gordon,82650
Robert Capron,82650
Devon Bostick,82650
Rachael Harris,82650
Adrien Brody,10279
John Leguizamo,10279
Anthony LaPaglia,10279
Mira Sorvino,10279
Jennifer Esposito,10279
Ben Affleck,2294
Kevin Smith,2294
Jason Mewes,2294
Jeff Anderson,2294
Brian O'Halloran,2294
Stellan Skarsgård,2176
Diane Lane,2176
Bruce Dern,2176
Leelee Sobieski,2176
Kathy Baker,2176
Josh Brolin,270487
Scarlett Johansson,270487
Ralph Fiennes,270487
George Clooney,270487
Alden Ehrenreich,270487
Alan Cumming,19366
Rosario Dawson,19366
Gabriel Mann,19366
Rachael Leigh Cook,19366
Tara Reid,19366
James Franco,204082
Jason Statham,204082
Winona Ryder,204082
Rachelle Lefevre,204082
Izabela Vidovic,204082
Jonathan Lipnicki,24100
Richard E. Grant,24100
Jim Carter,24100
Alice Krige,24100
Pamela Gidley,24100
Mark Wahlberg,1599
Dustin Hoffman,1599
Jude Law,1599
Lily Tomlin,1599
Jason Schwartzman,1599
Robert John Burke,5550
Nancy Allen,5550
Mario Machado,5550
Jodi Long,5550
John Posey,5550
Michael Biehn,30379
Diane Venora,30379
Michael York,30379
R. Lee Ermey,30379
Udo Kier,30379
Julie Andrews,42586
Rock Hudson,42586
Jeremy Kemp,42586
Lance Percival,42586
Michael Witney,42586
Alfred Molina,17709
Brendan Fraser,17709
Sarah Jessica Parker,17709
Eric Idle,17709
Robert Prosky,17709
Ray Stevenson,287948
Ed Skrein,287948
Loan Chabanol,287948
Gabriella Wright,287948
Tatjana Pajković,287948
Johnny Depp,7548
Samantha Morton,7548
John Malkovich,7548
Rosamund Pike,7548
Paul Ritter,7548
Sebastian Koch,9075
Carice van Houten,9075
Thom Hoffman,9075
Halina Reijn,9075
Waldemar Kobus,9075
Diane Kruger,11661
Guillaume Canet,11661
Benno Fürmann,11661
Gary Lewis,11661
Natalie Dessay,11661
Kristen Bell,109513
Tom Arnold,109513
Dax Shepard,109513
Kristin Chenoweth,109513
Michael Rosenbaum,109513
Katie Holmes,12085
Diane Keaton,12085
Queen Latifah,12085
Ted Danson,12085
Roger Cross,12085
Nicole Kidman,204922
Mark Strong,204922
Colin Firth,204922
Anne-Marie Duff,204922
Jing Lusi,204922
Roy Scheider,38985
Bruno Cremer,38985
Francisco Rabal,38985
Amidou,38985
Ramon Bieri,38985
Edward Norton,44113
Robert De Niro,44113
Frances Conroy,44113
Milla Jovovich,44113
Enver Gjokaj,44113
Ludivine Sagnier,21494
Romain Duris,21494
Fabrice Luchini,21494
Edouard Baer,21494
Laura Morante,21494
Zoe Saldana,164457
Christian Bale,164457
Willem Dafoe,164457
Woody Harrelson,164457
Sam Shepard,164457
George Clooney,4566
Tilda Swinton,4566
Sydney Pollack,4566
Tom Wilkinson,4566
Michael O'Keefe,4566
James Garner,17795
Dan Aykroyd,17795
John Heard,17795
Wilford Brimley,17795
Jack Lemmon,17795
Jeff Bridges,1073
Tim Robbins,1073
Joan Cusack,1073
Hope Davis,1073
Robert Gossett,1073
Juan José Campanella,153158
Diego Ramos,153158
Pablo Rago,153158
Axel Kuschevatzky,153158
David Masajnik,153158
Penélope Cruz,81836
Jesse Eisenberg,81836
Ellen Page,81836
Alec Baldwin,81836
Woody Allen,81836
Clint Eastwood,10724
Freddie Jones,10724
David Huffman,10724
Warren Clarke,10724
Ronald Lacey,10724
George Clooney,9473
Trey Parker,9473
Matt Stone,9473
Mary Kay Bergman,9473
Isaac Hayes,9473
Matthew Macfadyen,2196
Ewen Bremner,2196
Keeley Hawes,2196
Andy Nyman,2196
Daisy Donovan,2196
Stuart Wilson,1499
Paige Turco,1499
Sab Shimono,1499
Vivian Wu,1499
Mark Caso,1499
Diane Lane,20857
Keanu Reeves,20857
D. B. Sweeney,20857
Michael B. Jordan,20857
John Hawkes,20857
Jennifer Lawrence,82693
Chris Tucker,82693
Bradley Cooper,82693
Robert De Niro,82693
Jacki Weaver,82693
Scott Glenn,1646
Patrick Dempsey,1646
Imelda Staunton,1646
Hilary Swank,1646
Mario,1646
Thandie Newton,44944
Anika Noni Rose,44944
Janet Jackson,44944
Kimberly Elise,44944
Loretta Devine,44944
Jason Statham,4108
Matt Schulze,4108
François Berléand,4108
Ric Young,4108
Shu Qi,4108
Djimon Hounsou,8456
Cam Gigandet,8456
Amber Heard,8456
Sean Faris,8456
Evan Peters,8456
Amy Irving,7341
Emily Bergl,7341
Jason London,7341
J. Smith-Cameron,7341
Dylan Bruno,7341
Jeff Daniels,19255
Catherine O'Hara,19255
John Krasinski,19255
Maya Rudolph,19255
Carmen Ejogo,19255
Kelsey Grammer,10187
Kevin Costner,10187
Paula Patton,10187
Madeline Carroll,10187
Dennis Hopper,10187
Jake Gyllenhaal,31005
Dustin Hoffman,31005
Susan Sarandon,31005
Ellen Pompeo,31005
Aleksia Landeau,31005
Gary Oldman,49517
John Hurt,49517
Benedict Cumberbatch,49517
Colin Firth,49517
Kathy Burke,49517
Aaron Eckhart,44857
Elisabeth Shue,44857
Thomas Jane,44857
Jill Hennessy,44857
D.W. Moffett,44857
Anton Yelchin,50780
Jennifer Lawrence,50780
Mel Gibson,50780
Jodie Foster,50780
Zachary Booth,50780
Burt Reynolds,16363
Charles Durning,16363
Dolly Parton,16363
Dom DeLuise,16363
Jim Nabors,16363
Willem Dafoe,1946
Ian Holm,1946
Jude Law,1946
Jennifer Jason Leigh,1946
Don McKellar,1946
Harrison Ford,85
Karen Allen,85
John Rhys-Davies,85
Ronald Lacey,85
Paul Freeman,85
Joe Pesci,772
Catherine O'Hara,772
John Heard,772
Macaulay Culkin,772
Daniel Stern,772
Richard Dreyfuss,840
Bob Balaban,840
François Truffaut,840
Teri Garr,840
Melinda Dillon,840
Kristen Bell,9682
Christina Milian,9682
Rick Gonzalez,9682
Jonathan Tucker,9682
Ian Somerhalder,9682
Eddie Murphy,96
Ronny Cox,96
Judge Reinhold,96
John Ashton,96
Paul Reiser,96
Steve Martin,10678
Queen Latifah,10678
Eugene Levy,10678
Jean Smart,10678
Joan Plowright,10678
Anthony Hopkins,274
Scott Glenn,274
Jodie Foster,274
Anthony Heald,274
Ted Levine,274
Mike Myers,8872
Lara Flynn Boyle,8872
Tia Carrere,8872
Rob Lowe,8872
Dana Carvey,8872
Johnny Knoxville,16290
Bam Margera,16290
Ryan Dunn,16290
Steve-O,16290
Chris Pontius,16290
Roy Scheider,579
Lorraine Gary,579
Murray Hamilton,579
Joseph Mascolo,579
Jeffrey Kramer,579
Andy García,14405
Drew Barrymore,14405
Piper Perabo,14405
George Lopez,14405
Paul Rodríguez,14405
Patrick Wilson,138843
Vera Farmiga,138843
Lili Taylor,138843
Ron Livingston,138843
Shanley Caswell,138843
Jay Mohr,11637
Ice Cube,11637
Nia Long,11637
Aleisha Allen,11637
Philip Bolden,11637
Kathy Bates,226486
Allison Janney,226486
Melissa McCarthy,226486
Susan Sarandon,226486
Dan Aykroyd,226486
Jack Black,1584
Joan Cusack,1584
Sarah Silverman,1584
Adam Pascal,1584
Mike White,1584
Cary-Hiroyuki Tagawa,9312
Linden Ashby,9312
Bridgette Wilson,9312
Robin Shou,9312
Christopher Lambert,9312
Marlon Wayans,12153
Shawn Wayans,12153
Jaime King,12153
Frankie Faison,12153
Maitland Ward,12153
George Clooney,65057
Shailene Woodley,65057
Robert Forster,65057
Amara Miller,65057
Nick Krause,65057
Sigourney Weaver,8326
Shia LaBeouf,8326
Jon Voight,8326
Tim Blake Nelson,8326
Patricia Arquette,8326
Liam Hemsworth,35690
Miley Cyrus,35690
Greg Kinnear,35690
Bobby Coleman,35690
Hallock Beals,35690
Michael Fassbender,76203
Chiwetel Ejiofor,76203
Benedict Cumberbatch,76203
Paul Dano,76203
Lupita Nyong'o,76203
Zoe Saldana,13497
Orlando Jones,13497
Nick Cannon,13497
Leonard Roberts,13497
GQ,13497
Janet Jackson,35688
Tyler Perry,35688
Sharon Leal,35688
Jill Scott,35688
Malik Yoba,35688
Johnny Depp,162
Alan Arkin,162
Winona Ryder,162
Dianne Wiest,162
Anthony Michael Hall,162
Sam Claflin,296096
Emilia Clarke,296096
Charles Dance,296096
Janet McTeer,296096
Brendan Coyle,296096
Denise Richards,103370
Tyler Perry,103370
Eugene Levy,103370
Doris Roberts,103370
Devan Leos,103370
Gene Hackman,1051
Roy Scheider,1051
Fernando Rey,1051
Tony Lo Bianco,1051
Marcel Bozzuffi,1051
Mila Kunis,376659
Jada Pinkett Smith,376659
Kristen Bell,376659
Kathryn Hahn,376659
Christina Applegate,376659
Fred Willard,10073
Alyson Hannigan,10073
Jennifer Coolidge,10073
Adam Campbell,10073
Sophie Monk,10073
Corey Burton,16690
Kath Soucie,16690
Harriet Owen,16690
Blayne Weaver,16690
Jeff Bennett,16690
David Oyelowo,273895
Tom Wilkinson,273895
Carmen Ejogo,273895
André Holland,273895
Omar J. Dorsey,273895
John Goodman,14873
Haley Joel Osment,14873
Mae Whitman,14873
Connor Funk,14873
Bob Joles,14873
Lucy Lawless,8968
Skye McCole Bartusiak,8968
Emily Deschanel,8968
Barry Watson,8968
Tory Mussett,8968
Julian McMahon,9963
Sandra Bullock,9963
Nia Long,9963
Courtney Taylor Burness,9963
Shyann McClure,9963
Jim Cummings,15655
Nikita Hopkins,15655
Ken Sansom,15655
John Fiedler,15655
Peter Cullen,15655
Peter Sarsgaard,21208
Jimmy Bennett,21208
CCH Pounder,21208
Vera Farmiga,21208
Isabelle Fuhrman,21208
Thomas Haden Church,272878
Lauren Graham,272878
Josh Wiggins,272878
Robbie Amell,272878
Mia Xitlali,272878
Jayma Mays,9760
Kal Penn,9760
Jennifer Coolidge,9760
Adam Campbell,9760
Faune A. Chambers,9760
Mark Ruffalo,314365
Michael Keaton,314365
Liev Schreiber,314365
Rachel McAdams,314365
John Slattery,314365
Samuel L. Jackson,13279
Patrick Wilson,13279
Kerry Washington,13279
Justin Chambers,13279
Ron Glass,13279
Sarah Michelle Gellar,1975
Jennifer Beals,1975
Amber Tamblyn,1975
Edison Chen,1975
Arielle Kebbel,1975
Regina King,33644
Angela Bassett,33644
Whoopi Goldberg,33644
Taye Diggs,33644
Suzzanne Douglas,33644
Keanu Reeves,1649
Joss Ackland,1649
George Carlin,1649
Alex Winter,1649
William Sadler,1649
Lewis Black,9895
Jeff Goldblum,9895
Robin Williams,9895
Laura Linney,9895
Christopher Walken,9895
Robert Forster,9570
Maximilian Schell,9570
Anthony Perkins,9570
Joseph Bottoms,9570
Ernest Borgnine,9570
George Clooney,27579
Violante Placido,27579
Thekla Reuten,27579
Paolo Bonacelli,27579
Johan Leysen,27579
Jennifer Lopez,16052
Edward James Olmos,16052
Constance Marie,16052
Jon Seda,16052
Lupe Ontiveros,16052
Ken Jeong,40264
Chris Riggi,40264
Matt Lanter,40264
Jenn Proske,40264
Bradley Dodds,40264
Cate Blanchett,1164
Brad Pitt,1164
Gael García Bernal,1164
Rinko Kikuchi,1164
Adriana Barraza,1164
Rose Byrne,239678
Jason Bateman,239678
Corey Stoll,239678
Tina Fey,239678
Adam Driver,239678
Amy Adams,14359
Viola Davis,14359
Philip Seymour Hoffman,14359
Meryl Streep,14359
Alice Drummond,14359
Trey Parker,3989
Matt Stone,3989
Kristen Miller,3989
Masasa Moyo,3989
Daran Norris,3989
Alexandra Daddario,76617
Dan Yeager,76617
Bill Moseley,76617
Marilyn Burns,76617
Tania Raymonde,76617
Sigourney Weaver,1710
Will Patton,1710
Holly Hunter,1710
Harry Connick Jr.,1710
William McNamara,1710
Charlie Sheen,4258
Lindsay Lohan,4258
Simon Rex,4258
Ashley Tisdale,4258
Erica Ash,4258
Clint Eastwood,20391
Lee Marvin,20391
Jean Seberg,20391
Harve Presnell,20391
Ray Walston,20391
James Franco,10139
Josh Brolin,10139
Diego Luna,10139
Emile Hirsch,10139
Sean Penn,10139
Tom Felton,335778
Cliff Curtis,335778
Joseph Fiennes,335778
Peter Firth,335778
Mark Killeen,335778
Gabriel Byrne,9645
Isaiah Washington,9645
Ron Eldard,9645
Julianna Margulies,9645
Desmond Harrington,9645
Neil Patrick Harris,55465
Kal Penn,55465
Elias Koteas,55465
Danneel Ackles,55465
John Cho,55465
Kevin Bacon,617
Denise Richards,617
Matt Dillon,617
Neve Campbell,617
Theresa Russell,617
Sela Ward,19904
Dylan Walsh,19904
Amber Heard,19904
Penn Badgley,19904
Sherry Stringfield,19904
Sam Worthington,48289
Helen Mirren,48289
Jessica Chastain,48289
Ciarán Hinds,48289
Tom Wilkinson,48289
Jack Black,243
John Cusack,243
Iben Hjejle,243
Todd Louiso,243
Lisa Bonet,243
Edward Burns,6933
Shannyn Sossamon,6933
Ray Wise,6933
Ana Claudia Talancón,6933
Azura Skye,6933
Kiefer Sutherland,17182
Ed Harris,17182
Sally Field,17182
Beverly D'Angelo,17182
Charlayne Woodard,17182
Jason Statham,8848
Saffron Burrows,8848
Daniel Mays,8848
Stephen Campbell Moore,8848
James Faulkner,8848
Kirsten Dunst,38
Mark Ruffalo,38
Kate Winslet,38
Jim Carrey,38
Elijah Wood,38
Sigourney Weaver,38303
Kristen Bell,38303
Kristin Chenoweth,38303
Betty White,38303
Odette Annable,38303
Chris Evans,1266
Hugh Laurie,1266
Keanu Reeves,1266
Forest Whitaker,1266
Martha Higareda,1266
Martin Freeman,107985
Simon Pegg,107985
Eddie Marsan,107985
Paddy Considine,107985
Nick Frost,107985
Emma Roberts,14043
Rachael Leigh Cook,14043
Josh Flitter,14043
Max Thieriot,14043
Tate Donovan,14043
Willem Dafoe,19901
Sam Neill,19901
Isabel Lucas,19901
Ethan Hawke,19901
Claudia Karvan,19901
Jay Baruchel,34016
Mike Vogel,34016
Alice Eve,34016
Krysten Ritter,34016
Debra Jo Rupp,34016
Andie MacDowell,59860
Selena Gomez,59860
Leighton Meester,59860
Katie Cassidy,59860
Cory Monteith,59860
Jimmi Simpson,10069
Frankie Muniz,10069
Samaire Armstrong,10069
Jon Foster,10069
Wendell Pierce,10069
Alan Rickman,9588
Tom Selleck,9588
Laura San Giacomo,9588
Chris Haywood,9588
Ron Haddrick,9588
Danny Glover,12819
Hayden Panettiere,12819
Christina Ricci,12819
Justin Long,12819
Dennis Hopper,12819
Taylor Kitsch,9954
Jessica Lucas,9954
Laura Ramsey,9954
Steven Strait,9954
Chace Crawford,9954
Jeff Bridges,10115
Missy Peregrym,10115
Vanessa Lengies,10115
Maddy Curley,10115
Nikki SooHoo,10115
Jimmy Bennett,25132
William H. Macy,25132
James Spader,25132
Kat Dennings,25132
Jolie Vanier,25132
Nicole Kidman,577
Casey Affleck,577
Joaquin Phoenix,577
Matt Dillon,577
Illeana Douglas,577
Dave Franco,328387
Emma Roberts,328387
Juliette Lewis,328387
Emily Meade,328387
Miles Heizer,328387
Renée Zellweger,12690
Ed Harris,12690
Jeremy Irons,12690
Viggo Mortensen,12690
Timothy Spall,12690
James Woods,9945
Daniel Baldwin,9945
Maximilian Schell,9945
Sheryl Lee,9945
Thomas Ian Griffith,9945
Martin Balsam,539
Anthony Perkins,539
Vera Miles,539
John Gavin,539
Janet Leigh,539
Alec Baldwin,13596
Kate Hudson,13596
Jason Biggs,13596
Dane Cook,13596
Diora Baird,13596
Robert Patrick,226857
Alex Pettyfer,226857
Gabriella Wilde,226857
Rhys Wakefield,226857
Emma Rigby,226857
Cary Elwes,13159
Lindsay Lohan,13159
Dermot Mulroney,13159
Jane Fonda,13159
Felicity Huffman,13159
Chevy Chase,47941
Carrie Fisher,47941
Eve Arden,47941
Joseph Maher,47941
Robert Donner,47941
Alfred Molina,526
Michelle Pfeiffer,526
Matthew Broderick,526
Rutger Hauer,526
John Wood,526
Oliver Platt,22796
Jim Carrey,22796
Ashley Judd,22796
Joseph Mazzello,22796
Ian Michael Smith,22796
Don Cheadle,2355
Jada Pinkett Smith,2355
Liv Tyler,2355
Adam Sandler,2355
Saffron Burrows,2355
William Hurt,5915
Emile Hirsch,5915
Marcia Gay Harden,5915
Jena Malone,5915
Brian H. Dierker,5915
Sarah Silverman,9842
Jacinda Barrett,9842
Billy Bob Thornton,9842
Michael Clarke Duncan,9842
Jon Heder,9842
Sean Bean,61012
Carrie-Anne Moss,61012
Kit Harington,61012
Radha Mitchell,61012
Adelaide Clemens,61012
George Clooney,755
Harvey Keitel,755
Juliette Lewis,755
Quentin Tarantino,755
Ernest Liu,755
Jim Cummings,13682
Kath Soucie,13682
Nikita Hopkins,13682
Ken Sansom,13682
John Fiedler,13682
Robert Downey Jr.,9089
Claire Danes,9089
Holly Hunter,9089
Anne Bancroft,9089
Charles Durning,9089
Stephen Chow,9470
Yuen Wah,9470
Yuen Qiu,9470
Lam Tze-Chung,9470
Huang Sheng-Yi,9470
Brad Garrett,18357
Haley Joel Osment,18357
Diedrich Bader,18357
Candy Ford,18357
James Gammon,18357
Shaun Toub,7979
Khalid Abdalla,7979
Atossa Leoni,7979
Zekeria Ebrahimi,7979
Ahmad Khan Mahmoodzada,7979
Naomi Watts,470
Danny Huston,470
Benicio del Toro,470
Sean Penn,470
Carly Nahon,470
Robin Tunney,15644
Tom Sizemore,15644
Cole Hauser,15644
Dennis Farina,15644
Daniel Baldwin,15644
Julia Stiles,9582
Jason Lee,9582
Selma Blair,9582
James Brolin,9582
Shawn Hatosy,9582
Jason Biggs,10642
Jimmi Simpson,10642
Mena Suvari,10642
Zak Orth,10642
Thomas Sadoski,10642
Thora Birch,22074
Michael Moore,22074
William Black,22074
Elijah Cummings,22074
Baron Hill,22074
Max von Sydow,2428
Michael Anderson Jr.,2428
Carroll Baker,2428
Ina Balin,2428
Victor Buono,2428
Nicole Kidman,290751
Chiwetel Ejiofor,290751
Julia Roberts,290751
Dean Norris,290751
Lyndon Smith,290751
Nicole Ari Parker,13805
Matt Lanter,13805
Vanessa Lachey,13805
Crista Flanagan,13805
Gary 'G. Thang' Johnson,13805
Laurence Fishburne,4597
Matt Dillon,4597
Skeet Ulrich,4597
Columbus Short,4597
Amaury Nolasco,4597
Alfred Molina,9414
Bill Murray,9414
Peter Gallagher,9414
Joanne Whalley,9414
Richard Wilson,9414
Chris Evans,63492
Martin Freeman,63492
Chris Pratt,63492
Anna Faris,63492
Ari Graynor,63492
Guy Pearce,81796
Lennie James,81796
Peter Stormare,81796
Maggie Grace,81796
Joseph Gilgun,81796
Jack Black,10710
Rachel Weisz,10710
Amy Poehler,10710
Ben Stiller,10710
Christopher Walken,10710
Jason Statham,15092
Dwight Yoakam,15092
Amy Smart,15092
Efren Ramirez,15092
Julanne Chidi Hill,15092
John Cusack,11382
Mary-Louise Parker,11382
Jennifer Tilly,11382
Dianne Wiest,11382
Chazz Palminteri,11382
Omar Sharif,15005
Peter O'Toole,15005
Tiffany Dupont,15005
Luke Goss,15005
John Noble,15005
Michael Caine,8198
Brendan Fraser,8198
Rade Serbedzija,8198
Tzi Ma,8198
Đỗ Thị Hải Yến,8198
Michael Caine,6963
Nicholas Hoult,6963
Nicolas Cage,6963
Hope Davis,6963
Gemmenne de la Peña,6963
Ving Rhames,15070
Michael Rooker,15070
Wesley Snipes,15070
Jon Seda,15070
Peter Falk,15070
Téa Leoni,12797
Greg Kinnear,12797
Ricky Gervais,12797
Billy Campbell,12797
Jordan Carlos,12797
Aidan Gillen,17134
Ashley Scott,17134
Brian J. White,17134
John Cena,17134
Steve Harris,17134
Chloë Grace Moretz,41402
Richard Jenkins,41402
Elias Koteas,41402
Kodi Smit-McPhee,41402
Sasha Barrese,41402
Victor Wong,18885
Max Elliott Slade,18885
Sean Fox,18885
J. Evan Bonifant,18885
Caroline Junko King,18885
Jack Black,4953
Danny Glover,4953
Mia Farrow,4953
Yasiin Bey,4953
Marcus Carl Franklin,4953
Judi Dench,10773
Kelly Reilly,10773
Bob Hoskins,10773
Will Young,10773
Christopher Guest,10773
Kate Winslet,146198
Anthony Mackie,146198
Chiwetel Ejiofor,146198
Casey Affleck,146198
Woody Harrelson,146198
Billy Crystal,2639
Woody Allen,2639
Judy Davis,2639
Kirstie Alley,2639
Caroline Aaron,2639
Oliver Platt,10563
Dylan McDermott,10563
Cylk Cozart,10563
Neve Campbell,10563
Matthew Perry,10563
Sienna Miller,295964
Bradley Cooper,295964
Uma Thurman,295964
Alicia Vikander,295964
Lily James,295964
Robert De Niro,5971
Demi Moore,5971
Sean Penn,5971
Bruno Kirby,5971
Hoyt Axton,5971
Edward Norton,9716
Drew Barrymore,9716
Woody Allen,9716
Natasha Lyonne,9716
Diva Gray,9716
John Goodman,11835
Garrett Hedlund,11835
Kevin Bacon,11835
Kelly Preston,11835
Jordan Garrett,11835
Kate Beckinsale,26171
Sam Rockwell,26171
Drew Barrymore,26171
Robert De Niro,26171
Melissa Leo,26171
Jon Voight,31117
Whoopi Goldberg,31117
Vanessa Angel,31117
Scott Baio,31117
Skyler Shaye,31117
Samuel L. Jackson,9074
Susie Essman,9074
Eugene Levy,9074
Luke Goss,9074
Miguel Ferrer,9074
Cedric the Entertainer,14396
Lucy Liu,14396
Callum Keith Rennie,14396
Nicollette Sheridan,14396
Mark Dacascos,14396
David Duchovny,15673
Toni Collette,15673
Stephen Spinella,15673
Nia Vardalos,15673
Alec Mapa,15673
Shirley MacLaine,42618
John McMartin,42618
Ricardo Montalban,42618
"Sammy Davis, Jr.",42618
Chita Rivera,42618
Josh Brolin,171274
Owen Wilson,171274
Reese Witherspoon,171274
Joaquin Phoenix,171274
Katherine Waterston,171274
William H. Macy,24432
Jon Stewart,24432
Whoopi Goldberg,24432
Jimmy Fallon,24432
Daniel Tay,24432
Laz Alonso,109417
Josh Peck,109417
Chris Brown,109417
Josh Holloway,109417
Caity Lotz,109417
Kelsey Grammer,13948
Leslie Nielsen,13948
Robert Davi,13948
Kevin Farley,13948
Trace Adkins,13948
Michelle Rodriguez,106747
Mel Gibson,106747
Sofía Vergara,106747
Danny Trejo,106747
Amber Heard,106747
Crispin Glover,10929
R. Lee Ermey,10929
Laura Harring,10929
Jackie Burroughs,10929
Ashlyn Gere,10929
Jonah Hill,14220
Steve Zahn,14220
Allen Covert,14220
Ashley Scott,14220
Kevin Heffernan,14220
Jim Broadbent,46435
Timothy Spall,46435
Allan Corduner,46435
Dexter Fletcher,46435
Shirley Henderson,46435
Michael Rapaport,256962
Emily Watson,256962
Cary-Hiroyuki Tagawa,256962
Jakob Salvati,256962
David Henrie,256962
Keira Knightley,48231
Michael Fassbender,48231
Vincent Cassel,48231
Viggo Mortensen,48231
Sarah Gadon,48231
Robert Downey Jr.,3509
Keanu Reeves,3509
Woody Harrelson,3509
Winona Ryder,3509
Mitch Baker,3509
Gerard Butler,82684
Elisabeth Shue,82684
Leven Rambin,82684
Jonny Weston,82684
Abigail Spencer,82684
Christian Slater,12142
Stephen Dorff,12142
Tara Reid,12142
Frank C. Turner,12142
Matthew Walker,12142
Scott Porter,23367
Vanessa Hudgens,23367
Lisa Kudrow,23367
Aly Michalka,23367
Gaelan Connell,23367
Nicole Kidman,10740
Danny Huston,10740
Lauren Bacall,10740
Cameron Bright,10740
Alison Elliott,10740
Oscar Isaac,241239
Jessica Chastain,241239
Albert Brooks,241239
David Oyelowo,241239
Elyes Gabel,241239
Paul Gross,14582
Caroline Dhavernas,14582
Joe Dinicol,14582
Meredith Bailey,14582
Adam Harrington,14582
Lauren Graham,14914
Greg Kinnear,14914
Alan Alda,14914
Aaron Abrams,14914
Tatiana Maslany,14914
Cate Blanchett,3902
Heath Ledger,3902
Ben Whishaw,3902
Julianne Moore,3902
Charlotte Gainsbourg,3902
Sigourney Weaver,77948
Henry Cavill,77948
Bruce Willis,77948
Caroline Goodall,77948
Verónica Echegui,77948
Mark Ruffalo,21755
Adrien Brody,21755
Rachel Weisz,21755
Robbie Coltrane,21755
Rinko Kikuchi,21755
Samantha Morton,4960
Michelle Williams,4960
Philip Seymour Hoffman,4960
Catherine Keener,4960
Jennifer Jason Leigh,4960
Yōji Matsuda,128
Yuriko Ishida,128
Yūko Tanaka,128
Kaoru Kobayashi,128
Masahiko Nishimura,128
Yvan Attal,14652
Gérard Depardieu,14652
Virginie Ledoyen,14652
Isabelle Adjani,14652
Grégori Derangère,14652
Alex Briley,40932
David Hodo,40932
Glenn Hughes,40932
Randy Jones,40932
Felipe Rose,40932
Guy Pearce,16608
Ray Winstone,16608
Danny Huston,16608
David Wenham,16608
Emily Watson,16608
Aaron Eckhart,334531
Robin Tunney,334531
Sarah Bolger,334531
Finn Wittrock,334531
Michael Reilly Burke,334531
Christine Baranski,32316
Lisa Kudrow,32316
Jane Krakowski,32316
Damon Wayans,32316
Richard Benjamin,32316
Christian Bale,7299
Sean Bean,7299
Emily Watson,7299
Angus Macfadyen,7299
Taye Diggs,7299
Chow Yun-fat,13405
Jonathan Rhys Meyers,13405
Michelle Yeoh,13405
Radha Mitchell,13405
Mark Wahlberg,19457
Charlize Theron,19457
Joaquin Phoenix,19457
James Caan,19457
Ellen Burstyn,19457
Cloris Leachman,112937
Cary Elwes,112937
Christopher Lloyd,112937
Chazz Palminteri,112937
Jaime Pressly,112937
Brad Pitt,314385
Angelina Jolie,314385
Mélanie Laurent,314385
Melvil Poupaud,314385
Niels Arestrup,314385
Anne Suzuki,8953
Masane Tsukayama,8953
Katsuo Nakamura,8953
Manami Konishi,8953
Kiyoshi Kodama,8953
Gerard Butler,29078
Wes Bentley,29078
Gavin Rossdale,29078
Costas Mandylor,29078
Louis Mandylor,29078
Kirsten Dunst,46503
Kristen Wiig,46503
Frank Langella,46503
Ryan Gosling,46503
Lily Rabe,46503
Jason Scott Lee,10448
Esai Morales,10448
Sandrine Holt,10448
Eru Potaka-Dewes,10448
Emilio Tuki Hito,10448
Stephen Chow,13688
Lam Tze-Chung,13688
Xu Jiao,13688
Kitty Zhang Yuqi,13688
Lee Sheung-Ching,13688
Jean Reno,10353
Christian Clavier,10353
Marie-Anne Chazel,10353
Christian Bujeau,10353
Muriel Robin,10353
Brandon Routh,43935
Peter Stormare,43935
Anita Briem,43935
Taye Diggs,43935
Sam Huntington,43935
Téa Leoni,11458
Al Pacino,11458
Kim Basinger,11458
Ryan O'Neal,11458
Jonathan Walker,11458
Helen Mirren,44638
David Strathairn,44638
Reeve Carney,44638
Felicity Jones,44638
Tom Conti,44638
Emma Watson,241257
David Thewlis,241257
Ethan Hawke,241257
Lothaire Bluteau,241257
Dale Dickey,241257
Maggie Q,14538
Ti Lung,14538
Andy Lau,14538
Sammo Hung,14538
Vanness Wu,14538
Maria Bello,13250
Gerard Butler,13250
Pierce Brosnan,13250
Emma Karwandy,13250
Claudette Mink,13250
Samuel L. Jackson,133931
Jeff Goldblum,133931
Leonard Nimoy,133931
Abigail Breslin,133931
Jeremy Suarez,133931
Abhinay Vaddi,280871
Suhasini Maniratnam,280871
Kevin McGowan,280871
Abbas,280871
Anmol,280871
Melissa Leo,239897
Maggie Wheeler,239897
Joey D. Vieira,239897
R. Martin Klein,239897
Thomas Francis Walsh III,239897
Edgar Ramírez,184341
Robert De Niro,184341
Rubén Blades,184341
Ellen Barkin,184341
Jurnee Smollett,184341
Pierce Brosnan,334074
Dylan McDermott,334074
Milla Jovovich,334074
Angela Bassett,334074
Robert Forster,334074
John Cusack,199373
Nicolas Cage,199373
Radha Mitchell,199373
Vanessa Hudgens,199373
Jodi Lyn O'Keefe,199373
Naomi Watts,14202
Liev Schreiber,14202
Edward Norton,14202
Juliet Howland,14202
Ian Renwick,14202
Martina Gedeck,6968
Moritz Bleibtreu,6968
Johanna Wokalek,6968
Nadja Uhl,6968
Stipe Erceg,6968
Kevin Costner,581
Graham Greene,581
Mary McDonnell,581
Rodney A. Grant,581
Floyd Red Crow Westerman,581
Phyllis Smith,52449
Cameron Diaz,52449
Jason Segel,52449
Justin Timberlake,52449
Lucy Punch,52449
John Goodman,12150
Al Pacino,12150
Michael Rooker,12150
Ellen Barkin,12150
William Hickey,12150
Regina King,11247
Hilary Duff,11247
Chad Michael Murray,11247
Jennifer Coolidge,11247
Dan Byrd,11247
Matthew Lillard,4232
Courteney Cox,4232
David Arquette,4232
Neve Campbell,4232
Rose McGowan,4232
Embeth Davidtz,9378
Matthew Lillard,9378
Tony Shalhoub,9378
Shannon Elizabeth,9378
Matthew Harrison,9378
Jack Nicholson,694
Shelley Duvall,694
Danny Lloyd,694
Scatman Crothers,694
Barry Nelson,694
Crispin Glover,105
Michael J. Fox,105
Lea Thompson,105
Christopher Lloyd,105
Thomas F. Wilson,105
Geoffrey Rush,11377
Famke Janssen,11377
Chris Kattan,11377
Peter Gallagher,11377
Taye Diggs,11377
Tyler Perry,26367
Taraji P. Henson,26367
Adam Rodríguez,26367
Mary J. Blige,26367
Gladys Knight,26367
Erin O'Brien,385383
Miesha Tate,385383
Holly Holm,385383
Cristiane Justino,385383
Susie Celek,385383
Jeff Goldblum,41210
Jason Bateman,41210
Jennifer Aniston,41210
Juliette Lewis,41210
Todd Louiso,41210
Brittany Murphy,12090
Ashton Kutcher,12090
Christian Kane,12090
David Moscow,12090
Alex Thomas,12090
Dominic Cooper,62630
Ludivine Sagnier,62630
Raad Rawi,62630
Mehmet Ferda,62630
Philip Quast,62630
Alec Baldwin,16110
Peter Fonda,16110
Mara Wilson,16110
Timothy Olyphant,29427
Radha Mitchell,29427
Joe Anderson,29427
Danielle Panabaker,29427
Christie Lynn Smith,29427
Rumi Hiiragi,129
Miyu Irino,129
Mari Natsuki,129
Takashi Naito,129
Yasuko Sawaguchi,129
Andy Lau,244114
Hu Jun,244114
Gordon Lam Ka-Tung,244114
Yao Chen,244114
Ray Lui,244114
Anthony Hopkins,2669
Mel Gibson,2669
Daniel Day-Lewis,2669
Laurence Olivier,2669
Edward Fox,2669
Geoffrey Rush,203833
Emily Watson,203833
Sophie Nélisse,203833
Nico Liersch,203833
Ben Schnetzer,203833
James Marsden,13523
Seth Green,13523
Amanda Crew,13523
Clark Duke,13523
Josh Zuckerman,13523
Amy Adams,25195
John Lithgow,25195
Adam Scott,25195
Matthew Goode,25195
Flaminia Cinque,25195
Christopher Plummer,17277
Sophia Loren,17277
Alec Guinness,17277
Anthony Quayle,17277
Stephen Boyd,17277
Topher Grace,50725
Teresa Palmer,50725
Dan Fogler,50725
Anna Faris,50725
Michelle Trachtenberg,50725
Maggie Gyllenhaal,82631
Viola Davis,82631
Ving Rhames,82631
Rosie Perez,82631
Lance Reddick,82631
Darci Kistler,73191
Damian Woetzel,73191
Bart Robinson Cook,73191
Kyra Nichols,73191
Jessica Lynn Cohen,73191
Jennifer Jason Leigh,22479
Miranda Richardson,22479
Dermot Mulroney,22479
Harry Belafonte,22479
Michael Murphy,22479
Logan Lerman,340611
Sarah Gadon,340611
Linda Emond,340611
Tracy Letts,340611
Danny Burstein,340611
Ryan Reynolds,10065
Chloë Grace Moretz,10065
Jimmy Bennett,10065
Melissa George,10065
Jesse James,10065
Tilda Swinton,2757
Nicolas Cage,2757
Chris Cooper,2757
Meryl Streep,2757
Cara Seymour,2757
John Leguizamo,11683
Simon Baker,11683
Asia Argento,11683
Dennis Hopper,11683
Robert Joy,11683
Lau Ching-Wan,244339
Angelica Lee,244339
Chen Sicheng,244339
Natalie Tong,244339
Eddie Cheung Siu-Fai,244339
Johnny Depp,1878
Tobey Maguire,1878
Benicio del Toro,1878
Christina Ricci,1878
Ellen Barkin,1878
Jonah Hill,23082
Jeffrey Tambor,23082
Louis C.K.,23082
Jennifer Garner,23082
Ricky Gervais,23082
Seth Rogen,195589
Rose Byrne,195589
Dave Franco,195589
Zac Efron,195589
Ike Barinholtz,195589
Jim Carrey,854
Cameron Diaz,854
Nancy Fish,854
Tim Bagley,854
Johnny Williams,854
Tom Hanks,2280
John Heard,2280
Elizabeth Perkins,2280
Robert Loggia,2280
Jared Rushton,2280
Sacha Baron Cohen,496
Pamela Anderson,496
Ken Davitian,496
Luenell,496
Bob Barr,496
Reese Witherspoon,8835
Selma Blair,8835
Victor Garber,8835
Luke Wilson,8835
Matthew Davis,8835
Leonard Nimoy,157
William Shatner,157
George Takei,157
DeForest Kelley,157
James Doohan,157
Campbell Scott,8643
Laura Linney,8643
Tom Wilkinson,8643
Kenneth Welsh,8643
Jennifer Carpenter,8643
Oded Fehr,10402
Rob Schneider,10402
William Forsythe,10402
Eddie Griffin,10402
Arija Bareikis,10402
Nicolas Cage,218043
Martin Klebba,218043
Nicky Whelan,218043
Lea Thompson,218043
Chad Michael Murray,218043
Claire Danes,9043
Diane Keaton,9043
Sarah Jessica Parker,9043
Rachel McAdams,9043
Dermot Mulroney,9043
Cedric the Entertainer,21301
Michael Ealy,21301
Ice Cube,21301
Keke Palmer,21301
Sean Patrick Thomas,21301
Billy Bob Thornton,10147
Bernie Mac,10147
Brett Kelly,10147
Tony Cox,10147
John Ritter,10147
Mike Myers,816
Seth Green,816
Mimi Rogers,816
Michael York,816
Elizabeth Hurley,816
John Corbett,302688
Nia Vardalos,302688
Elena Kampouris,302688
Ian Gomez,302688
John Stamos,302688
Steve Zahn,60307
Zachary Gordon,60307
Robert Capron,60307
Devon Bostick,60307
Rachael Harris,60307
Arnold Schwarzenegger,106
Bill Duke,106
Carl Weathers,106
Elpidia Carrillo,106
Jesse Ventura,106
Tom Hulce,279
F. Murray Abraham,279
Simon Callow,279
Elizabeth Berridge,279
Roy Dotrice,279
Scott Porter,8617
Brittany Snow,8617
Jessica Stroup,8617
Dana Davis,8617
Kelly Blatz,8617
Amy Poehler,10625
Rachel McAdams,10625
Tim Meadows,10625
Lindsay Lohan,10625
Ana Gasteyer,10625
Diane Lane,10934
Raoul Bova,10934
Sandra Oh,10934
Lindsay Duncan,10934
Vincent Riotta,10934
Helen Mirren,5279
Jeremy Northam,5279
Clive Owen,5279
Maggie Smith,5279
Geraldine Somerville,5279
Nicolas Cage,10013
Joan Allen,10013
Kathleen Turner,10013
Barry Miller,10013
Catherine Hicks,10013
Emma Stone,194662
Naomi Watts,194662
Michael Keaton,194662
Edward Norton,194662
Zach Galifianakis,194662
Cate Blanchett,160588
Alec Baldwin,160588
Bobby Cannavale,160588
Louis C.K.,160588
Sally Hawkins,160588
J.J. Johnson,9829
Polly Adams,9829
Trish Gates,9829
Nancy McDoniel,9829
Opal Alladin,9829
Jessica Alba,10028
Mekhi Phifer,10028
Joy Bryant,10028
David Moscow,10028
Romeo Miller,10028
Marcia Gay Harden,10535
Leslie Nielsen,10535
Charles Durning,10535
Nicollette Sheridan,10535
Barry Bostwick,10535
Jamie Lee Curtis,790
Adrienne Barbeau,790
Janet Leigh,790
John Houseman,790
Tom Atkins,790
Dennis Quaid,43959
AnnaSophia Robb,43959
Helen Hunt,43959
Lorraine Nicholson,43959
Carrie Underwood,43959
Alan Arkin,10364
Martin Balsam,10364
Richard Benjamin,10364
Art Garfunkel,10364
Jack Gilford,10364
Seth Rogen,16991
Michael Peña,16991
Anna Faris,16991
Ray Liotta,16991
Collette Wolfe,16991
Arnold Schwarzenegger,9610
Mako,9610
Grace Jones,9610
Wilt Chamberlain,9610
Tracey Walter,9610
Joe Pesci,1578
Robert De Niro,1578
Cathy Moriarty,1578
Frank Vincent,1578
Nicholas Colasanto,1578
Aaron Eckhart,25643
Martin Sheen,25643
Jennifer Aniston,25643
Judy Greer,25643
Deirdre Blades,25643
Nicholas Rowe,11904
Alan Cox,11904
Sophie Ward,11904
Anthony Higgins,11904
Susan Fleetwood,11904
Kay Panabaker,28665
Naturi Naughton,28665
Kherington Payne,28665
Megan Mullally,28665
Walter Perez,28665
James Franco,44115
Kate Mara,44115
Lizzy Caplan,44115
Amber Tamblyn,44115
Clémence Poésy,44115
Michael Rapaport,10569
Woody Allen,10569
Tracey Ullman,10569
Carolyn Saxon,10569
Tony Darrow,10569
Zoe Saldana,10560
Peter Gallagher,10560
Amanda Schull,10560
Susan May Pratt,10560
Scottie Thompson,10560
John Goodman,333348
Olivia Wilde,333348
Steve Martin,333348
Diane Keaton,333348
Alan Arkin,333348
Kristen Stewart,20483
Sam Robards,20483
Jennifer Beals,20483
Max Thieriot,20483
Corbin Bleu,20483
Kevin Kline,11457
Hayden Christensen,11457
Jena Malone,11457
Mary Steenburgen,11457
Kristin Scott Thomas,11457
Kate Winslet,321697
Michael Fassbender,321697
Seth Rogen,321697
Jeff Daniels,321697
Katherine Waterston,321697
Hayden Panettiere,19840
Paul Rust,19840
Lauren London,19840
Lauren Storm,19840
Jack Carpenter,19840
Steve Buscemi,22327
Zach Galifianakis,22327
Justin Long,22327
Michael Cera,22327
Ray Liotta,22327
Christopher Lloyd,38665
Matt Clark,38665
Jason Robards,38665
Juanin Clay,38665
John Bennett Perry,38665
Geoffrey Rush,2575
Brendan Gleeson,2575
Pierce Brosnan,2575
Jamie Lee Curtis,2575
Leonor Varela,2575
John Travolta,11644
John Lithgow,11644
Dennis Franz,11644
Nancy Allen,11644
Peter Boyden,11644
Jon Voight,146227
Selena Gomez,146227
Ethan Hawke,146227
Paul Freeman,146227
Bruce Payne,146227
Sigourney Weaver,68924
Tobey Maguire,68924
Kevin Kline,68924
Henry Czerny,68924
Joan Allen,68924
Sterling Jerins,253235
Michael Douglas,253235
Diane Keaton,253235
Paloma Guzmán,253235
Frances Sternhagen,253235
Carla Gugino,22102
Craig T. Nelson,22102
Shelley Long,22102
Betty Thomas,22102
Mary Gross,22102
Michael Gambon,18701
Jeremy Irons,18701
Annette Bening,18701
Leigh Lawson,18701
Shaun Evans,18701
Mickey Rourke,10068
Christine Baranski,10068
Kim Basinger,10068
Margaret Whitton,10068
David Margulies,10068
Peter MacNicol,848
Caitlin Clarke,848
Ralph Richardson,848
John Hallam,848
Peter Eyre,848
James McAvoy,36811
Helen Mirren,36811
Christopher Plummer,36811
Paul Giamatti,36811
Anne-Marie Duff,36811
Johnny Depp,522
Sarah Jessica Parker,522
Patricia Arquette,522
Martin Landau,522
Jeffrey Jones,522
Tobey Maguire,130150
Josh Brolin,130150
Kate Winslet,130150
Gattlin Griffith,130150
Tom Lipinski,130150
Tadanobu Asano,12246
Sun Honglei,12246
Khulan Chuluun,12246
Aliya,12246
Ba Sen,12246
Tom Hardy,13809
Mark Strong,13809
Toby Kebbell,13809
Gerard Butler,13809
Tom Wilkinson,13809
Barry Bostwick,27380
Michael Beck,27380
Persis Khambatta,27380
Henry Silva,27380
George Furth,27380
Kate Winslet,10549
Kenneth Branagh,10549
Julie Christie,10549
Derek Jacobi,10549
Richard Briers,10549
Bruce Greenwood,33870
Joan Chen,33870
Chi Cao,33870
Chengwu Guo,33870
Wen Bin Huang,33870
Kirsten Dunst,245703
Michael Shannon,245703
Joel Edgerton,245703
Adam Driver,245703
Jaeden Lieberher,245703
Christina Ricci,10739
Danny DeVito,10739
Woody Allen,10739
Stockard Channing,10739
Jason Biggs,10739
Nicole Kidman,127560
Stellan Skarsgård,127560
Jeremy Irvine,127560
Colin Firth,127560
Michael MacKenzie,127560
Ursina Lardi,37903
Ulrich Tukur,37903
Burghart Klaußner,37903
Christian Friedel,37903
Leonie Benesch,37903
Emily Roya O'Brien,396152
Adrian Gaeta,396152
Zack Ward,396152
Sarah Ann Schultz,396152
Randy Quaid,10017
Charlie Sheen,10017
Nick Cassavetes,10017
Sherilyn Fenn,10017
Matthew Barry,10017
Vincent D'Onofrio,11468
Val Kilmer,11468
Luis Guzmán,11468
Adam Goldberg,11468
Doug Hutchison,11468
Dane DeHaan,193613
Mackenzie Gray,193613
James Hetfield,193613
Lars Ulrich,193613
Kirk Hammett,193613
Mickey Rourke,17436
Billy Bob Thornton,17436
Winona Ryder,17436
Kim Basinger,17436
Jon Foster,17436
Edgar Ramírez,43434
Alexander Scheer,43434
Fadi Abi Samra,43434
Nora von Waldstätten,43434
Talal El-Jordi,43434
Josh Hartnett,31166
Elias Koteas,31166
Takuya Kimura,31166
Lee Byung-hun,31166
Tran Nu Yên-Khê,31166
Joaquim de Almeida,69848
Tom Berenger,69848
Mark Moses,69848
Daniela Romo,69848
Stuart Graham,69848
Lori Cardille,8408
Terry Alexander,8408
Joseph Pilato,8408
Jarlath Conroy,8408
Anthony Dileo Jr.,8408
John Travolta,332411
Christopher Meloni,332411
Rebecca De Mornay,332411
Amanda Schull,332411
Patrick St. Esprit,332411
Daniel Craig,9389
Ian Holm,9389
Jonathan Pryce,9389
Catherine McCormack,9389
Romola Garai,9389
Arnold Schwarzenegger,9626
"Ernie Reyes, Jr.",9626
Sandahl Bergman,9626
Brigitte Nielsen,9626
Paul L. Smith,9626
Sigourney Weaver,75638
Robert De Niro,75638
Cillian Murphy,75638
Toby Jones,75638
Elizabeth Olsen,75638
Seth Rogen,8363
Bill Hader,8363
Jonah Hill,8363
Michael Cera,8363
Christopher Mintz-Plasse,8363
Tyler Perry,15670
Whoopi Goldberg,15670
Derek Luke,15670
Keshia Knight Pulliam,15670
Ion Overman,15670
Jason Momoa,290555
Stephen McHattie,290555
Lucas Till,290555
John Pyper-Ferguson,290555
Merritt Patterson,290555
Robert Hoffman,8328
Adam G. Sevani,8328
Briana Evigan,8328
Will Kemp,8328
Cassie Ventura,8328
Anne Hathaway,10982
Patrick Warburton,10982
Glenn Close,10982
Jim Belushi,10982
Anthony Anderson,10982
Don Cheadle,205
Nick Nolte,205
Sophie Okonedo,205
Joaquin Phoenix,205
Fana Mokoena,205
Olga Kurylenko,1620
Dougray Scott,1620
Timothy Olyphant,1620
Ulrich Thomsen,1620
Robert Knepper,1620
Tyrese Gibson,175541
Forest Whitaker,175541
Jennifer Hudson,175541
Angela Bassett,175541
Jacob Latimore,175541
John Cusack,241254
Bruce Willis,241254
Jason Patric,241254
Jessica Lowndes,241254
Gia Mantegna,241254
Stellan Skarsgård,31932
Gérard Depardieu,31932
James Caan,31932
Natascha McElhone,31932
Matt Dillon,31932
Nicole Kidman,1933
Christopher Eccleston,1933
Alakina Mann,1933
James Bentley,1933
Eric Sykes,1933
Sigourney Weaver,679
James Remar,679
Michael Biehn,679
Lance Henriksen,679
Paul Reiser,679
Rex Harrison,11113
Audrey Hepburn,11113
Stanley Holloway,11113
Wilfrid Hyde-White,11113
Gladys Cooper,11113
Freddie Prinze Jr.,3597
Sarah Michelle Gellar,3597
Jennifer Love Hewitt,3597
Ryan Phillippe,3597
Bridgette Wilson,3597
James D'Arcy,193893
Damon Wayans Jr.,193893
Rob Riggle,193893
Jake Johnson,193893
Nina Dobrev,193893
Thomas Haden Church,9675
Paul Giamatti,9675
Virginia Madsen,9675
Sandra Oh,9675
Marylouise Burke,9675
M.C. Gainey,9988
Erik Stolhanske,9988
Jay Chandrasekhar,9988
Steve Lemme,9988
Paul Soter,9988
Jamie Lee Curtis,948
Donald Pleasence,948
P.J. Soles,948
Nancy Kyes,948
Nick Castle,948
Matthew Broderick,21765
Liam Aiken,21765
Cheech Marin,21765
Donald Faison,21765
Molly Shannon,21765
Terrence Howard,146304
Harold Perrineau,146304
Sanaa Lathan,146304
Morris Chestnut,146304
Taye Diggs,146304
Ryan Reynolds,7516
Ray Liotta,7516
Wayne Newton,7516
Joseph Ruskin,7516
Alex Rocco,7516
Cary Elwes,41439
Tobin Bell,41439
Costas Mandylor,41439
Betsy Russell,41439
Sean Patrick Flanery,41439
Josh Hartnett,2752
Shannyn Sossamon,2752
Adam Trese,2752
Emmanuelle Vaugier,2752
Barry Newman,2752
Will Ferrell,9429
Eva Mendes,9429
Michael Clarke Duncan,9429
Chris Kattan,9429
Jennifer Coolidge,9429
Neil Patrick Harris,38117
Vanessa Hudgens,38117
Lisa Gay Hamilton,38117
Alex Pettyfer,38117
Mary-Kate Olsen,38117
Kathleen Quinlan,9792
Vinessa Shaw,9792
Dan Byrd,9792
Aaron Stanford,9792
Emilie de Ravin,9792
David Spade,13778
Craig Bierko,13778
Mary McCormack,13778
Scott Terra,13778
Jenna Boyd,13778
Kevin Costner,228203
Ramiro Rodriguez,228203
Carlos Pratts,228203
Johnny Ortiz,228203
Rafael Martinez,228203
Brandon T. Jackson,41382
Shad Moss,41382
Loretta Devine,41382
Naturi Naughton,41382
Teairra Mari,41382
T.I.,13960
Lauren London,13960
Evan Ross,13960
Jackie Long,13960
Albert Daniels,13960
Rebel Wilson,114150
Anna Kendrick,114150
Brittany Snow,114150
Skylar Astin,114150
Anna Camp,114150
Brian Dennehy,26602
Jessica Biel,26602
Freddie Prinze Jr.,26602
Matthew Lillard,26602
Fred Ward,26602
Bill Paxton,10223
Billy Bob Thornton,10223
Bridget Fonda,10223
Brent Briscoe,10223
Chelcie Ross,10223
Dagmara Domińczyk,16028
Laura Regan,16028
Marc Blucas,16028
Ethan Embry,16028
Jon Abrahams,16028
Larry the Cable Guy,15639
David Koechner,15639
Iris Bahr,15639
Tony Hale,15639
Brooke Dillman,15639
Vanessa Williams,16112
Kevin Clash,16112
Mandy Patinkin,16112
Sonia Manzano,16112
Roscoe Orman,16112
Don Cheadle,26390
Vincent D'Onofrio,26390
Richard Gere,26390
Wesley Snipes,26390
Ethan Hawke,26390
Charlton Heston,27759
Ava Gardner,27759
David Niven,27759
Burt Kwouk,27759
Flora Robson,27759
Jessica Lucas,109428
Lou Taylor Pucci,109428
Shiloh Fernandez,109428
Jane Levy,109428
Elizabeth Blackmore,109428
Richard Dreyfuss,23049
Nia Vardalos,23049
Alexis Georgoulis,23049
Alistair McGowan,23049
Harland Williams,23049
Mandy Moore,9310
Willem Dafoe,9310
Dennis Quaid,9310
Chris Klein,9310
Hugh Grant,9310
Gene Hackman,11411
Christopher Reeve,11411
Margot Kidder,11411
Jackie Cooper,11411
Marc McClure,11411
Nina Dobrev,16988
Rutina Wesley,16988
Dwain Murphy,16988
Boyd Banks,16988
Clé Bennett,16988
Paul Walker,7304
Vera Farmiga,7304
Karel Roden,7304
Chazz Palminteri,7304
Cameron Bright,7304
Malcolm McDowell,24747
Claire Forlani,24747
Jeremy Northam,24747
Jim Caviezel,24747
Aidan Quinn,24747
Sean Penn,58048
Madonna,58048
Paul Freeman,58048
Richard Griffiths,58048
Clyde Kusatsu,58048
Eddie Marsan,1491
Jessica Biel,1491
Edward Norton,1491
Paul Giamatti,1491
Rufus Sewell,1491
Melanie Griffith,2989
Tippi Hedren,2989
Jerry Marshall,2989
Kyalo Mativo,2989
Rick Glassey,2989
Cate Blanchett,10629
Ciarán Hinds,10629
Gerard McSorley,10629
Brenda Fricker,10629
Don Wycherley,10629
Josh Hutcherson,255343
Benicio del Toro,255343
Brady Corbet,255343
Claudia Traisac,255343
Carlos Bardem,255343
Mandy Moore,4723
Dwayne Johnson,4723
Seann William Scott,4723
Sarah Michelle Gellar,4723
Will Sasso,4723
Vincent Lindon,10800
Patrick Timsit,10800
Philippe Nahon,10800
Amanda Lear,10800
Marie Drion,10800
Jackie Earle Haley,25763
Jan-Michael Vincent,25763
George Peppard,25763
Dominique Sanda,25763
Paul Winfield,25763
Tom Felton,79694
Sebastian Stan,79694
Ashley Greene,79694
Julianna Guill,79694
Luke Pasqualino,79694
Jamie Lee Curtis,4032
Dan Aykroyd,4032
Macaulay Culkin,4032
Anna Chlumsky,4032
Richard Masur,4032
Robert Downey Jr.,18615
Nicole Kidman,18615
Ty Burrell,18615
Harris Yulin,18615
Jane Alexander,18615
Michael Douglas,10673
Martin Sheen,10673
Charlie Sheen,10673
Daryl Hannah,10673
John C. McGinley,10673
Kate Winslet,4584
Emma Thompson,4584
Alan Rickman,4584
Hugh Grant,4584
Tom Wilkinson,4584
Anne Hathaway,2977
James McAvoy,2977
Julie Walters,2977
James Cromwell,2977
Maggie Smith,2977
Sara Paxton,10760
Amanda Bynes,10760
Matt Long,10760
Jeremy Howard,10760
Danny Strong,10760
Frances Fisher,11093
Ben Kingsley,11093
Jennifer Connelly,11093
Kim Dickens,11093
Ron Eldard,11093
Robin Williams,207
Robert Sean Leonard,207
Josh Charles,207
Ethan Hawke,207
Gale Hansen,207
Jim Carrey,8467
Jeff Daniels,8467
Lauren Holly,8467
Teri Garr,8467
Mike Starr,8467
Billy Crystal,639
Meg Ryan,639
Bruno Kirby,639
Carrie Fisher,639
Steven Ford,639
Paul Newman,24226
Charlotte Rampling,24226
James Mason,24226
Jack Warden,24226
Milo O'Shea,24226
Breckin Meyer,9285
Seann William Scott,9285
Amy Smart,9285
Paulo Costanzo,9285
DJ Qualls,9285
Paul Walker,14709
Jon Voight,14709
Amy Smart,14709
James Van Der Beek,14709
Ron Lester,14709
John Goodman,74643
James Cromwell,74643
Penelope Ann Miller,74643
Jean Dujardin,74643
Bérénice Bejo,74643
Gary Oldman,13788
Idris Elba,13788
Meagan Good,13788
Cam Gigandet,13788
Odette Annable,13788
Bill Murray,83666
Bruce Willis,83666
Edward Norton,83666
Jared Gilman,83666
Kara Hayward,83666
Jordana Brewster,10781
R. Lee Ermey,10781
Diora Baird,10781
Taylor Handley,10781
Matt Bomer,10781
Sean Bean,318850
Adam Greaves-Neal,318850
Sara Lazzaro,318850
Vincent Walsh,318850
Jonathan Bailey,318850
Brent Spiner,13908
James Brolin,13908
Jennifer Esposito,13908
Harold Gould,13908
Dana Carvey,13908
Doug Jones,1417
Ivana Baquero,1417
Maribel Verdú,1417
Sergi López,1417
Ariadna Gil,1417
Michael Clarke Duncan,39180
Joe Viterelli,39180
Leslie Bibb,39180
David Arquette,39180
Steve Schirripa,39180
Tyrese Gibson,16161
Ving Rhames,16161
Snoop Dogg,16161
Taraji P. Henson,16161
Omar Gooding,16161
Cam Gigandet,49950
Leighton Meester,49950
Matt Lanter,49950
Aly Michalka,49950
Minka Kelly,49950
Adam Beach,10956
David Spade,10956
Jaime Pressly,10956
Dennis Miller,10956
Brittany Daniel,10956
Jean-Claude Van Damme,9594
Geoffrey Lewis,9594
Alonna Shaw,9594
Cory Everson,9594
Philip Chan Yan-Kin,9594
Simon Pegg,4638
Paddy Considine,4638
Nick Frost,4638
Jim Broadbent,4638
Rafe Spall,4638
Eva Mendes,13972
Cloris Leachman,13972
Debra Messing,13972
Annette Bening,13972
India Ennenga,13972
Penélope Cruz,5038
Scarlett Johansson,5038
Javier Bardem,5038
Rebecca Hall,5038
Christopher Evan Welch,5038
Stellan Skarsgård,13491
Joakim Nätterqvist,13491
Sofia Helin,13491
Michael Nyqvist,13491
Mirja Turestedt,13491
Claire Forlani,10571
Freddie Prinze Jr.,10571
Jason Biggs,10571
Alyson Hannigan,10571
Amanda Detmer,10571
Michelle Pfeiffer,10994
Robin Wright,10994
Cole Hauser,10994
Alison Lohman,10994
Amy Aquino,10994
Megan Fox,19994
J.K. Simmons,19994
Amanda Seyfried,19994
Adam Brody,19994
Johnny Simmons,19994
Casey Affleck,25166
Jamie Lee Curtis,25166
Bette Midler,25166
Danny DeVito,25166
Neve Campbell,25166
Jeff Daniels,30890
Mia Farrow,30890
Woody Allen,30890
Larry David,30890
Todd Field,30890
Pierce Brosnan,23169
Robert Pattinson,23169
Chris Cooper,23169
Lena Olin,23169
Emilie de Ravin,23169
Mandy Moore,17403
Allison Janney,17403
Dylan Baker,17403
Trent Ford,17403
Alexandra Holden,17403
Seth Green,12120
Dan Aykroyd,12120
Kim Basinger,12120
Alyson Hannigan,12120
Jon Lovitz,12120
Tom Hanks,9800
Antonio Banderas,9800
Denzel Washington,9800
Mary Steenburgen,9800
Jason Robards,9800
Vincent D'Onofrio,1090
Craig Bierko,1090
Dennis Haysbert,1090
Armin Mueller-Stahl,1090
Gretchen Mol,1090
Tim Meadows,18475
Ja Rule,18475
Jenifer Lewis,18475
Jonathan Silverman,18475
Eve,18475
Sean Connery,40160
Martin Landau,40160
Natalie Wood,40160
Karl Malden,40160
Brian Keith,40160
Gwyneth Paltrow,18074
Maria Bello,18074
Paul Giamatti,18074
Scott Speedman,18074
Andre Braugher,18074
Téa Leoni,9689
Debra Messing,9689
Woody Allen,9689
George Hamilton,9689
Mark Rydell,9689
Edward Furlong,9781
James DeBello,9781
Sam Huntington,9781
Giuseppe Andrews,9781
Lin Shaye,9781
Clancy Brown,8009
Sean Connery,8009
Christopher Lambert,8009
Roxanne Hart,8009
Beatie Edney,8009
Halle Berry,3877
Benicio del Toro,3877
David Duchovny,3877
Alison Lohman,3877
Sarah Dubrovsky,3877
Richard Roundtree,8854
Annabeth Gish,8854
Irma P. Hall,8854
Shaquille O'Neal,8854
Judd Nelson,8854
Jeremy Renner,152599
Joaquin Phoenix,152599
Marion Cotillard,152599
Dagmara Domińczyk,152599
Gabriel Rush,152599
Ralph Fiennes,18840
Hiroyuki Sanada,18840
Vanessa Redgrave,18840
Natasha Richardson,18840
Lynn Redgrave,18840
James McAvoy,68727
Vincent Cassel,68727
Rosario Dawson,68727
Matt Cross,68727
Danny Sapani,68727
Tom Arnold,12657
Kevin Hart,12657
Snoop Dogg,12657
Method Man,12657
K. D. Aubert,12657
Dany Boon,8265
Kad Merad,8265
Zoé Félix,8265
Lorenzo Ausilia-Foret,8265
Anne Marivin,8265
Mark Strong,12410
Jason Isaacs,12410
Viggo Mortensen,12410
Steven Mackintosh,12410
Jodie Whittaker,12410
Nathaniel Brown,34647
Paz de la Huerta,34647
Cyril Roy,34647
Masato Tanno,34647
Jesse Kuhn,34647
Sigourney Weaver,73935
Alicia Silverstone,73935
Wallace Shawn,73935
Krysten Ritter,73935
Richard Lewis,73935
Joan Allen,28178
Jason Alexander,28178
Richard Gere,28178
Cary-Hiroyuki Tagawa,28178
Sarah Roemer,28178
Orlando Bloom,185567
Forest Whitaker,185567
Conrad Kemp,185567
Inge Beckmann,185567
Tinarie Van Wyk-Loots,185567
Tommy Lee Jones,264656
Miranda Otto,264656
Meryl Streep,264656
Hilary Swank,264656
Grace Gummer,264656
Kevin Pollak,35696
Vivica A. Fox,35696
"Miguel A. Núñez, Jr.",35696
Tommy Davidson,35696
Ginuwine,35696
Christopher Plummer,16351
Simon Abkarian,16351
Charles Aznavour,16351
Arsinée Khanjian,16351
David Alpay,16351
Jake Lloyd,38717
Bruce Dern,38717
Jim Caviezel,38717
Mary McCormack,38717
Paul Dooley,38717
Chiwetel Ejiofor,18777
LL Cool J,18777
Ray Liotta,18777
Mekhi Phifer,18777
Jolene Blalock,18777
Jean Reno,2110
Carole Bouquet,2110
Ryoko Hirosue,2110
Michel Muller,2110
Yoshi Oida,2110
Elizabeth Banks,9035
Gregg Henry,9035
Nathan Fillion,9035
Don Thompson,9035
Xantha Radley,9035
Eddie Murphy,90
Ronny Cox,90
Judge Reinhold,90
John Ashton,90
Paul Reiser,90
Joe Pesci,771
Catherine O'Hara,771
John Heard,771
Macaulay Culkin,771
Daniel Stern,771
Margaret Colin,12154
Tom Selleck,12154
Ted Danson,12154
Steve Guttenberg,12154
Nancy Travis,12154
Dustin Hoffman,9576
Jessica Lange,9576
Charles Durning,9576
Teri Garr,9576
Dabney Coleman,9576
Tom Cruise,744
Val Kilmer,744
Tom Skerritt,744
Anthony Edwards,744
Kelly McGillis,744
Chow Yun-fat,146
Michelle Yeoh,146
Zhang Ziyi,146
Chang Chen,146
Cheng Pei-Pei,146
Kevin Spacey,14
Wes Bentley,14
Annette Bening,14
Thora Birch,14
Mena Suvari,14
Helena Bonham Carter,45269
Geoffrey Rush,45269
Guy Pearce,45269
Timothy Spall,45269
Colin Firth,45269
Arnold Schwarzenegger,9493
Kelly Preston,9493
Danny DeVito,9493
David Caruso,9493
Chloe Webb,9493
William Hurt,22556
Eddie Redmayne,22556
Maria Bello,22556
Kristen Stewart,22556
Veronica Russell,22556
Danny Glover,873
Oprah Winfrey,873
Whoopi Goldberg,873
Margaret Avery,873
Akosua Busia,873
Park Joong-hoon,33196
Sol Kyung-gu,33196
Uhm Jung-hwa,33196
Ha Ji-won,33196
Lee Briggs,33196
Keira Knightley,205596
Benedict Cumberbatch,205596
Matthew Goode,205596
Rory Kinnear,205596
Allen Leech,205596
Goldie Hawn,10765
Armand Assante,10765
Eileen Brennan,10765
Mary Kay Place,10765
Robert Webber,10765
Tommy Lee Jones,16769
Sissy Spacek,16769
Beverly D'Angelo,16769
Levon Helm,16769
William Sanderson,16769
Steve Zahn,33217
Zachary Gordon,33217
Robert Capron,33217
Devon Bostick,33217
Rachael Harris,33217
Jessica Chastain,132232
Nikolaj Coster-Waldau,132232
Megan Charpentier,132232
Isabelle Nélisse,132232
Daniel Kash,132232
Randy Quaid,11153
Chevy Chase,11153
Beverly D'Angelo,11153
Anthony Michael Hall,11153
Imogene Coca,11153
Johnny Knoxville,208134
Catherine Keener,208134
Spike Jonze,208134
Jackson Nicoll,208134
Georgina Cates,208134
Helen Mirren,1165
James Cromwell,1165
Michael Sheen,1165
Sylvia Syms,1165
Helen McCrory,1165
Michael Keaton,4011
Alec Baldwin,4011
Geena Davis,4011
Catherine O'Hara,4011
Winona Ryder,4011
Janet Jackson,17202
Tyler Perry,17202
Michael Jai White,17202
Jill Scott,17202
Malik Yoba,17202
Kirsten Dunst,9587
Gabriel Byrne,9587
Winona Ryder,9587
Samantha Mathis,9587
Trini Alvarado,9587
Daniel Radcliffe,65086
Ciarán Hinds,65086
Sidney Johnston,65086
Alisa Khazanova,65086
Mary Stockley,65086
Tommy Flanagan,10053
Katie Cassidy,10053
Camilla Belle,10053
Brian Geraghty,10053
Clark Gregg,10053
Paul Giamatti,11870
Frankie Muniz,11870
Amanda Bynes,11870
Donald Faison,11870
Amanda Detmer,11870
Robert De Niro,11778
Christopher Walken,11778
Meryl Streep,11778
John Savage,11778
John Cazale,11778
Woody Harrelson,586
Dustin Hoffman,586
Robert De Niro,586
Anne Heche,586
Jim Belushi,586
Jake Thomas,18736
Hilary Duff,18736
Adam Lamberg,18736
Hallie Todd,18736
Robert Carradine,18736
Dwayne Johnson,134411
Susan Sarandon,134411
Jon Bernthal,134411
Barry Pepper,134411
Michael Kenneth Williams,134411
Adam Scott,287903
Toni Collette,287903
David Koechner,287903
Allison Tolman,287903
Emjay Anthony,287903
Josh Hartnett,9276
Jordana Brewster,9276
Elijah Wood,9276
Clea DuVall,9276
Laura Harris,9276
Laurence Fishburne,15765
Angela Bassett,15765
Vanessa Bell Calloway,15765
Rae'Ven Larrymore Kelly,15765
Virginia Capers,15765
Robert De Niro,2142
Sylvester Stallone,2142
Michael Rapaport,2142
Harvey Keitel,2142
Ray Liotta,2142
Chris Evans,11397
Mia Kirshner,11397
Eric Christian Olsen,11397
Jaime Pressly,11397
Chyler Leigh,11397
Jake Gyllenhaal,77016
Michael Peña,77016
Anna Kendrick,77016
Natalie Martinez,77016
David Harbour,77016
Paul Walker,11478
Christopher McDonald,11478
Leslie Bibb,11478
Hill Harper,11478
Joshua Jackson,11478
Eddie Redmayne,266856
Emily Watson,266856
Charlie Cox,266856
Simon McBurney,266856
Felicity Jones,266856
Jamie Kennedy,13411
Anthony Anderson,13411
Regina Hall,13411
Taye Diggs,13411
Blair Underwood,13411
Joan Cusack,10564
Natalie Portman,10564
Sally Field,10564
Stockard Channing,10564
Ashley Judd,10564
Omar Sharif,947
Alec Guinness,947
Anthony Quinn,947
Peter O'Toole,947
Jack Hawkins,947
Brad Dourif,24150
Scout Taylor-Compton,24150
Sheri Moon Zombie,24150
Tyler Mane,24150
Chase Wright Vanek,24150
Reese Witherspoon,228970
Laura Dern,228970
Michiel Huisman,228970
Thomas Sadoski,228970
Keene McRae,228970
Aaron Paul,18405
Garret Dillahunt,18405
Michael Bowen,18405
Joshua Cox,18405
Riki Lindhome,18405
Amy Adams,6961
Jack Davenport,6961
Debra Messing,6961
Dermot Mulroney,6961
Jeremy Sheffield,6961
Jamie Lee Curtis,11442
Busta Rhymes,11442
Katee Sackhoff,11442
Bianca Kajlich,11442
Brad Loree,11442
Robin Wright,2493
Cary Elwes,2493
Chris Sarandon,2493
Mandy Patinkin,2493
André the Giant,2493
Denzel Washington,14047
Kimberly Elise,14047
Forest Whitaker,14047
Nate Parker,14047
Denzel Whitaker,14047
Carey Mulligan,64690
Oscar Isaac,64690
Bryan Cranston,64690
Albert Brooks,64690
Ryan Gosling,64690
Megan Fox,11132
Lindsay Lohan,11132
Glenne Headly,11132
Adam Garcia,11132
Alison Pill,11132
Paul Rudd,17127
Allison Janney,17127
Hayden Panettiere,17127
Alan Alda,17127
Jennifer Aniston,17127
Rose Byrne,1562
Jeremy Renner,1562
Robert Carlyle,1562
Harold Perrineau,1562
Imogen Poots,1562
Michael Chiklis,232679
Clancy Brown,232679
Jim Caviezel,232679
Laura Dern,232679
Ser'Darius Blain,232679
AnnaSophia Robb,17880
Jeff Daniels,17880
Eva Marie Saint,17880
Cicely Tyson,17880
Dave Matthews,17880
Alfre Woodard,14736
Kyla Pratt,14736
Sanaa Lathan,14736
Omar Epps,14736
"Chris Warren, Jr.",14736
Joan Cusack,9434
John Cusack,9434
Alan Arkin,9434
Dan Aykroyd,9434
Minnie Driver,9434
Thomas Haden Church,23706
Ken Jeong,23706
Bradley Cooper,23706
Sandra Bullock,23706
DJ Qualls,23706
Jeffrey Donovan,11531
Kim Director,11531
Erica Leerhsen,11531
Tristine Skyler,11531
Stephen Barker Turner,11531
Robin Tunney,9100
Skeet Ulrich,9100
Neve Campbell,9100
Fairuza Balk,9100
Rachel True,9100
Scarlett Johansson,116
Emily Mortimer,116
Jonathan Rhys Meyers,116
Brian Cox,116
Penelope Wilton,116
Joey King,38843
Bridget Moynahan,38843
Selena Gomez,38843
Ginnifer Goodwin,38843
John Corbett,38843
Emma Thompson,1245
Anthony Hopkins,1245
Hugh Grant,1245
Christopher Reeve,1245
James Fox,1245
Mark Wahlberg,4995
John C. Reilly,4995
Julianne Moore,4995
Burt Reynolds,4995
Thomas Jane,4995
Kieran Culkin,10413
Jean-Claude Van Damme,10413
Rosanna Arquette,10413
Ted Levine,10413
Tiffany Taubman,10413
Armie Hammer,14012
Maria Bello,14012
Tim McGraw,14012
Alison Lohman,14012
Ryan Kwanten,14012
Michael Bailey Smith,9793
Archie Kao,9793
Jay Acovone,9793
Jeff Kober,9793
Philip Pavel,9793
Anthony Anderson,12212
Matthew Davis,12212
Jennifer Morrison,12212
Hart Bochner,12212
Loretta Devine,12212
William Hurt,13768
Sissy Spacek,13768
Jonathan Jackson,13768
Alexis Bledel,13768
Scott Bairstow,13768
Robert Patrick,8975
John Cena,8975
Kelly Carlson,8975
Abigail Bianca,8975
Anthony Ray Parker,8975
Method Man,342521
Jordan Peele,342521
Keegan-Michael Key,342521
Tiffany Haddish,342521
Darrell Britt-Gibson,342521
Gwyneth Paltrow,45272
Garrett Hedlund,45272
Leighton Meester,45272
Tim McGraw,45272
Marshall Chapman,45272
James Marsden,9424
Nick Stahl,9424
Katie Holmes,9424
Bruce Greenwood,9424
Steve Railsback,9424
Dane DeHaan,97367
Bradley Cooper,97367
Eva Mendes,97367
Ryan Gosling,97367
Emory Cohen,97367
Olga Kurylenko,254904
Pierce Brosnan,254904
Luke Bracey,254904
Bill Smitrovich,254904
Amila Terzimehic,254904
Ewan McGregor,18681
Patrick Bergin,18681
Ashley Judd,18681
Geneviève Bujold,18681
k.d. lang,18681
Ralph Fiennes,12162
Anthony Mackie,12162
Guy Pearce,12162
Jeremy Renner,12162
Brian Geraghty,12162
Drew Barrymore,11495
Martin Sheen,11495
Heather Locklear,11495
David Keith,11495
Freddie Jones,11495
Brad Pitt,64689
Ben Mendelsohn,64689
James Gandolfini,64689
Ray Liotta,64689
Scoot McNairy,64689
Willem Dafoe,157849
Philip Seymour Hoffman,157849
Robin Wright,157849
Rachel McAdams,157849
Daniel Brühl,157849
Rip Torn,13166
Eddie Kaye Thomas,13166
Tom Green,13166
Harland Williams,13166
Marisa Coughlan,13166
Yuri Lowenthal,15511
Phil Vischer,15511
Mike Nawrocki,15511
Cam Clarke,15511
Laura Gerow,15511
Bono,37003
The Edge,37003
Adam Clayton,37003
 Larry Mullen Jr.,37003
Donnie Yen,12211
Christopher Lambert,12211
Bruce Payne,12211
Adrian Paul,12211
Lisa Barbuscia,12211
Terrence Howard,13816
Paula Patton,13816
André Benjamin,13816
Faizon Love,13816
Malinda Williams,13816
Anne Hathaway,51828
Ken Stott,51828
Jim Sturgess,51828
Patricia Clarkson,51828
Romola Garai,51828
Ellen Page,22798
Kristen Wiig,22798
Drew Barrymore,22798
Alia Shawkat,22798
Shannon Eagen,22798
Vin Diesel,7501
John Malkovich,7501
Seth Green,7501
Barry Pepper,7501
Andy Davoli,7501
Rachel Weisz,10743
Dustin Hoffman,10743
Andy García,10743
Edward Burns,10743
Morris Chestnut,10743
Jeff Bridges,37718
Sharon Stone,37718
Andie MacDowell,37718
Albert Brooks,37718
Cybill Shepherd,37718
Kevin McNally,15237
Kevin Kline,15237
Jonathan Pryce,15237
Ashley Judd,15237
Sandra Nelson,15237
Mia Farrow,9686
Woody Allen,9686
Marvin Chatinover,9686
Mae Questel,9686
Molly Regan,9686
Russell Crowe,97430
Jamie Chung,97430
Lucy Liu,97430
RZA,97430
Zhu Zhu,97430
Drew Barrymore,12257
Catherine O'Hara,12257
Jake Busey,12257
Luke Wilson,12257
Shelley Duvall,12257
Josh Hartnett,13539
Michael Rooker,13539
Chris Klein,13539
Leelee Sobieski,13539
Annie Corley,13539
Ian Holm,68
Jonathan Pryce,68
Robert De Niro,68
Bob Hoskins,68
Katherine Helmond,68
Rita Wilson,14024
David Keith,14024
Hilary Duff,14024
Oliver James,14024
Johnny Lewis,14024
John Goodman,115
Steve Buscemi,115
Jeff Bridges,115
Philip Seymour Hoffman,115
Julianne Moore,115
Samuel L. Jackson,7874
Christina Ricci,7874
Justin Timberlake,7874
S. Epatha Merkerson,7874
"John Cothran, Jr.",7874
Brendan Gleeson,4911
Kurt Russell,4911
Ving Rhames,4911
Scott Speedman,4911
Michael Michele,4911
Irrfan Khan,1988
Angelina Jolie,1988
Archie Panjabi,1988
Denis O'Hare,1988
Dan Futterman,1988
James Franco,16222
Aaron Paul,16222
Shane West,16222
Jodi Lyn O'Keefe,16222
Marla Sokoloff,16222
Cuba Gooding Jr.,9557
Roselyn Sánchez,9557
Vivica A. Fox,9557
Horatio Sanz,9557
Maurice Godin,9557
Judi Dench,9026
Reese Witherspoon,9026
Rupert Everett,9026
Colin Firth,9026
Tom Wilkinson,9026
Campbell Scott,57943
Jennifer Jason Leigh,57943
David Dukes,57943
Estelle Parsons,57943
Tim Blake Nelson,18276
Logan Lerman,18276
Brie Larson,18276
Luke Wilson,18276
Cody Linley,18276
Ralph Fiennes,8321
Brendan Gleeson,8321
Colin Farrell,8321
Thekla Reuten,8321
Clémence Poésy,8321
Kerry Washington,72359
David Alan Grier,72359
Craig Robinson,72359
S. Epatha Merkerson,72359
Tyler James Williams,72359
Emma Stone,10186
Rainn Wilson,10186
Josh Gad,10186
Christina Applegate,10186
Teddy Geiger,10186
Jane Lynch,25704
Rodrigo Santoro,25704
Alexis Bledel,25704
Zach Gilford,25704
Carol Burnett,25704
Frances McDormand,133694
Matt Damon,133694
John Krasinski,133694
Lucas Black,133694
Rosemarie DeWitt,133694
Evan Rachel Wood,19265
Michael McKean,19265
Larry David,19265
Adam Brooks,19265
Lyle Kanouse,19265
Susan Ward,36047
Lori Heuring,36047
Matthew Settle,36047
Nathan Bexton,36047
Tess Harper,36047
Tommy Lee Jones,8053
Barry Pepper,8053
Melissa Leo,8053
Dwight Yoakam,8053
January Jones,8053
Robin Williams,2290
Armin Mueller-Stahl,2290
Hannah Taylor-Gordon,2290
Éva Igó,2290
István Bálint,2290
Robert Downey Jr.,5236
Val Kilmer,5236
Dash Mihok,5236
Michelle Monaghan,5236
Corbin Bernsen,5236
Seth Green,6552
Jessica Alba,6552
Vivica A. Fox,6552
Devon Sawa,6552
Christopher Hart,6552
Naomi Watts,1018
Dan Hedaya,1018
Justin Theroux,1018
Laura Harring,1018
Ann Miller,1018
Hugh Dancy,10075
Olivier Martinez,10075
Agnes Bruckner,10075
Katja Riemann,10075
Bryan Dick,10075
Josh Brolin,38031
Naomi Watts,38031
Antonio Banderas,38031
Anthony Hopkins,38031
Gemma Jones,38031
Keira Knightley,42188
Andrew Garfield,42188
Carey Mulligan,42188
Domhnall Gleeson,42188
Andrea Riseborough,42188
Alfred Molina,112430
Michael Keaton,112430
Chris O'Donnell,112430
Alessandro Nivola,112430
Rory Cochrane,112430
Thomas Kretschmann,6687
Emily Mortimer,6687
Woody Harrelson,6687
Kate Mara,6687
Eduardo Noriega,6687
James Remar,13853
Pamela Reed,13853
Daryl Hannah,13853
Thomas G. Waites,13853
John Doolittle,13853
Lucas Black,31306
David Morse,31306
Meat Loaf,31306
Cathy Moriarty,31306
Melanie Griffith,31306
Naomi Watts,8461
Tim Roth,8461
Brady Corbet,8461
Michael Pitt,8461
Devon Gearhart,8461
Thomas Stroppel,331592
Artie Ahr,331592
Amber Marie Bollinger,331592
Christine Haeberman,331592
Steve Hanks,331592
Bob Hoskins,47692
Gerard McSorley,47692
Arsinée Khanjian,47692
Elaine Cassidy,47692
Peter McDonald,47692
Brigitte Helm,19
Alfred Abel,19
Gustav Fröhlich,19
Rudolf Klein-Rogge,19
Fritz Rasp,19
David Belle,10045
Cyril Raffaelli,10045
Tony D'Amario,10045
Dany Verissimo-Petit,10045
Bibi Naceri,10045
Andy García,400
Treat Williams,400
Christopher Lloyd,400
Bill Nunn,400
William Forsythe,400
Chang Chen,253450
Shu Qi,253450
Nikki Hsieh,253450
Sheu Fang-Yi,253450
Ethan Juan,253450
Scott Glenn,9104
Ed Harris,9104
Joaquin Phoenix,9104
Anna Paquin,9104
Elizabeth McGovern,9104
Vladimir Garin,11190
Konstantin Lavronenko,11190
Nataliya Vdovina,11190
Vanya Dobronravov,11190
Yelizaveta Aleksandrova,11190
Tony Jaa,16353
Sarunyu Wongkrachang,16353
Sorapong Chatree,16353
Primorata Dejudom,16353
Olga Kurylenko,23759
Michael Fassbender,23759
Liam Cunningham,23759
David Morrissey,23759
Dominic West,23759
Dolph Lundgren,24206
Gina Bellman,24206
Conrad Dunn,24206
Christopher Heyerdahl,24206
Bradley Cooper,10185
Vinnie Jones,10185
Leslie Bibb,10185
Brooke Shields,10185
Roger Bart,10185
Terrence Howard,75033
Wendy Crewson,75033
Elias Koteas,75033
Jennifer Hudson,75033
Angelique Pretorius,75033
Channing Tatum,74536
Katie Holmes,74536
Al Pacino,74536
Juliette Binoche,74536
James Ransone,74536
Matt LeBlanc,31668
Eddie Izzard,31668
James Cosmo,31668
Nicolette Krebitz,31668
David Tristan Birkin,31668
Penélope Cruz,13501
Martin Freeman,13501
Gwyneth Paltrow,13501
Simon Pegg,13501
Danny DeVito,13501
Anna Friel,15208
Franco Nero,15208
Vincent Regan,15208
Karel Roden,15208
Hans Matheson,15208
Steve Buscemi,172391
Liam Neeson,172391
AnnaSophia Robb,172391
Laurence Fishburne,172391
Jake T. Austin,172391
Antonio Banderas,262543
Dylan McDermott,262543
Tim McInnerny,262543
Robert Forster,262543
Birgitte Hjort Sørensen,262543
Bruce Payne,9288
Mark Dymond,9288
Clemency Burton-Hill,9288
Ellie Chidzey,9288
Tim Stern,9288
Jackie Chan,20083
Xu Jinglei,20083
Naoto Takenaka,20083
Daniel Wu,20083
Fan Bingbing,20083
Samantha Morton,40880
John Hannah,40880
Linus Roache,40880
Emily Woof,40880
Andrea Lowe,40880
Bill Murray,137
Andie MacDowell,137
Stephen Tobolowsky,137
Chris Elliott,137
Brian Doyle-Murray,137
Channing Tatum,264999
Joe Manganiello,264999
Adam Rodríguez,264999
Matt Bomer,264999
Kevin Nash,264999
Leonardo DiCaprio,454
Claire Danes,454
John Leguizamo,454
Harold Perrineau,454
Pete Postlethwaite,454
Kristin Scott Thomas,53457
Niels Arestrup,53457
Frédéric Pierrot,53457
Michel Duchaussoy,53457
Dominique Frot,53457
Cuba Gooding Jr.,288980
Sharon Leal,288980
William Sadler,288980
David Rasche,288980
Diane Salinger,288980
Richard Harris,33
Morgan Freeman,33
Gene Hackman,33
Clint Eastwood,33
Jaimz Woolvett,33
Bryce Dallas Howard,1951
Willem Dafoe,1951
Danny Glover,1951
Isaach De Bankolé,1951
Michaël Abiteboul,1951
Dev Patel,12405
Anil Kapoor,12405
Freida Pinto,12405
Mia Drake Inderbitzin,12405
Saurabh Shukla,12405
Michael Douglas,10998
Glenn Close,10998
Anne Archer,10998
Jane Krakowski,10998
Ellen Hamilton Latzen,10998
Julia Roberts,114
Jason Alexander,114
Richard Gere,114
Héctor Elizondo,114
Ralph Bellamy,114
Charles S. Dutton,9396
Paul Hogan,9396
Linda Kozlowski,9396
John Meillon,9396
Ernie Dingo,9396
Anton Yelchin,319910
Vincent D'Onofrio,319910
Thomas Jane,319910
Sean Patrick Flanery,319910
María Valverde,319910
Tom Cruise,2604
Raymond J. Barry,2604
Kyra Sedgwick,2604
Caroline Kava,2604
Holly Marie Combs,2604
Doug E. Doug,864
John Candy,864
Malik Yoba,864
Leon Robinson,864
Rawle D. Lewis,864
Jaime King,14435
Kerr Smith,14435
Jensen Ackles,14435
Betsy Rue,14435
Edi Gathegi,14435
Meagan Good,1931
Jermaine Williams,1931
Darrin Henson,1931
Columbus Short,1931
Ne-Yo,1931
Roger Moore,691
Richard Kiel,691
Barbara Bach,691
Curd Jürgens,691
Caroline Munro,691
Jared Leto,9877
Alicia Witt,9877
Michael Rosenbaum,9877
Loretta Devine,9877
Rebecca Gayheart,9877
Thandie Newton,62008
Gabrielle Union,62008
Tyler Perry,62008
Phylicia Rashād,62008
Brian J. White,62008
James Remar,12227
Seymour Cassel,12227
Ethan Hawke,12227
Klaus Maria Brandauer,12227
Susan Hogan,12227
Will Ferrell,13824
Tom Green,13824
Molly Shannon,13824
Harland Williams,13824
Elaine Hendrix,13824
Jim Broadbent,71688
Meryl Streep,71688
Anthony Stewart Head,71688
Harry Lloyd,71688
Susan Brown,71688
Phil Vischer,15173
Mike Nawrocki,15173
Tim Hodge,15173
Lisa Vischer,15173
Daniel Anderson,15173
Regina King,8291
Janet Jackson,8291
Tupac Amaru Shakur,8291
Joe Torry,8291
Tyra Ferrell,8291
Eva Mendes,13950
Tommy Flanagan,13950
Ice Cube,13950
Mike Epps,13950
Carmen Chaplin,13950
Eddie Murphy,12158
Angela Bassett,12158
John Witherspoon,12158
Allen Payne,12158
Kadeem Hardison,12158
Max von Sydow,11586
Richard Burton,11586
Linda Blair,11586
Louise Fletcher,11586
Kitty Winn,11586
Donald Sutherland,10008
James D'Arcy,10008
Sissy Spacek,10008
Matthew Marsh,10008
Gaye Brown,10008
Jeffrey Tambor,2830
Ashton Kutcher,2830
Michael Madsen,2830
Andy Richter,2830
Tara Reid,2830
Chris Hemsworth,12403
Steve Zahn,12403
Timothy Olyphant,12403
Milla Jovovich,12403
Anthony Ruivivar,12403
America Ferrera,34563
Regina King,34563
Forest Whitaker,34563
Carlos Mencia,34563
Lance Gross,34563
Lochlyn Munro,14557
Tom Everett Scott,14557
Mark-Paul Gosselaar,14557
Poppy Montgomery,14557
Randy Pearlstein,14557
Judi Dench,10368
Maggie Smith,10368
Lily Tomlin,10368
Cher,10368
Joan Plowright,10368
Joe Mantegna,10280
Robert John Burke,10280
Kari Wuhrer,10280
Lucinda Jenney,10280
Michael Constantine,10280
Robert De Niro,12637
Liza Minnelli,12637
Lionel Stander,12637
Barry Primus,12637
Dick Miller,12637
Delroy Lindo,34152
Alfre Woodard,34152
David Patrick Kelly,34152
Zelda Harris,34152
Carlton Williams,34152
Steve Buscemi,14434
Chris Rock,14434
Kerry Washington,14434
Edward Herrmann,14434
Gina Torres,14434
Kane Hodder,11470
Lexa Doig,11470
Chuck Campbell,11470
Lisa Ryder,11470
David Cronenberg,11470
Anthony Hopkins,10741
Mary Elizabeth Winstead,10741
Helen Hunt,10741
Ashton Kutcher,10741
Heather Graham,10741
Freddie Prinze Jr.,24940
Monica Potter,24940
Shalom Harlow,24940
Ivana Miličević,24940
Sarah Murdoch,24940
Jane Levy,82679
Jackson Nicoll,82679
Victoria Justice,82679
Chelsea Handler,82679
Josh Pence,82679
Mathieu Amalric,2013
Emmanuelle Seigner,2013
Marie-Josée Croze,2013
Anne Consigny,2013
Patrick Chesnais,2013
Kate Winslet,1440
Jackie Earle Haley,1440
Patrick Wilson,1440
Jennifer Connelly,1440
Noah Emmerich,1440
James Marsden,18041
Lena Headey,18041
Kate Hudson,18041
Norman Reedus,18041
Joshua Jackson,18041
Diane Lane,28029
Liev Schreiber,28029
Viggo Mortensen,28029
Anna Paquin,28029
Tovah Feldshuh,28029
Tim Robbins,1123
Derek Luke,1123
Bonnie Henna,1123
Mncedisi Shabangu,1123
Tumisho Masha,1123
Casey Affleck,14033
Wes Bentley,14033
Eliza Dushku,14033
Melissa Sagemiller,14033
Angela Featherstone,14033
Gwyneth Paltrow,87729
Thandie Newton,87729
Nick Nolte,87729
Greta Scacchi,87729
Jean-Pierre Aumont,87729
Ben Barnes,16899
Jessica Biel,16899
Colin Firth,16899
Kristin Scott Thomas,16899
Kimberley Nixon,16899
Anthony Quinn,41317
Joseph Cotten,41317
Jennifer O'Neill,41317
Michael Sarrazin,41317
Christopher Lee,41317
Timothy Spall,245700
Dorothy Atkinson,245700
Marion Bailey,245700
Paul Jesson,245700
Lesley Manville,245700
Mathieu Amalric,37842
André Dussollier,37842
Emmanuelle Devos,37842
Anne Consigny,37842
Sabine Azéma,37842
Mathieu Kassovitz,9045
Marcel Iureș,9045
Ulrich Tukur,9045
Michel Duchaussoy,9045
Ulrich Mühe,9045
Michelle Yeoh,44092
Wang Xue-qi,44092
Jung Woo-sung,44092
Barbie Hsu,44092
Shawn Yue,44092
Tim Robbins,16005
Michael Peña,16005
Rachel McAdams,16005
Kerry Bishé,16005
Molly Hagan,16005
Mark Ruffalo,44754
Matthew Broderick,44754
Matt Damon,44754
Anna Paquin,44754
Jeannie Berlin,44754
Leslie Nielsen,23988
Kenan Thompson,23988
Steve Howey,23988
Diora Baird,23988
Tara Wilson,23988
John Mahoney,43949
Anthony Edwards,43949
Madeline Carroll,43949
Callan McAuliffe,43949
Rebecca De Mornay,43949
Anne Hathaway,142
Michelle Williams,142
Jake Gyllenhaal,142
Heath Ledger,142
Randy Quaid,142
Paul Rudd,9603
Alicia Silverstone,9603
Brittany Murphy,9603
Donald Faison,9603
Stacey Dash,9603
Viola Davis,10712
Dennis Quaid,10712
Julianne Moore,10712
Dennis Haysbert,10712
Patricia Clarkson,10712
Adam Scott,243938
Rob Corddry,243938
Chevy Chase,243938
Clark Duke,243938
Craig Robinson,243938
Michael Caine,10876
Kate Winslet,10876
Geoffrey Rush,10876
Joaquin Phoenix,10876
Billie Whitelaw,10876
Woody Harrelson,86838
Colin Farrell,86838
Sam Rockwell,86838
Christopher Walken,86838
Tom Waits,86838
Samuel L. Jackson,25208
Colm Feore,25208
Tamara Tunie,25208
Aunjanue Ellis,25208
Ann Magnuson,25208
Bruno Ganz,613
Alexandra Maria Lara,613
Corinna Harfouch,613
Ulrich Matthes,613
Juliane Köhler,613
Javier Bardem,1913
Belén Rueda,1913
Lola Dueñas,1913
Joan Dalmau,1913
Josep Maria Pou,1913
Scarlett Johansson,97370
Kryštof Hádek,97370
Paul Brannigan,97370
Michael Moreland,97370
Scott Dymond,97370
Robin Williams,801
Forest Whitaker,801
Bruno Kirby,801
Tung Thanh Tran,801
Chintara Sukapatana,801
Harvey Keitel,70829
Jason Mewes,70829
Blake Clark,70829
Jon Polito,70829
Paul Hipp,70829
Miley Cyrus,54518
Jaden Smith,54518
Usher Raymond,54518
Justin Bieber,54518
Sean Kingston,54518
Mila Kunis,44214
Natalie Portman,44214
Vincent Cassel,44214
Winona Ryder,44214
Barbara Hershey,44214
Diane Keaton,240
Robert De Niro,240
Al Pacino,240
Robert Duvall,240
John Cazale,240
Julia Stiles,9816
Kerry Washington,9816
Sean Patrick Thomas,9816
Fredro Starr,9816
Terry Kinney,9816
Robert Englund,10131
Tuesday Knight,10131
Ken Sagoes,10131
Rodney Eastman,10131
Lisa Wilcox,10131
Jennifer Garner,339984
Martin Henderson,339984
Kylie Rogers,339984
Brighton Sharbino,339984
Courtney Fansler,339984
Seann William Scott,8859
Ashton Kutcher,8859
Jennifer Garner,8859
Kristy Swanson,8859
Marla Sokoloff,8859
Kiefer Sutherland,11967
Charlie Sheen,11967
Lou Diamond Phillips,11967
Dermot Mulroney,11967
Emilio Estevez,11967
Naomi Watts,239563
Bill Murray,239563
Melissa McCarthy,239563
Chris O'Dowd,239563
Jaeden Lieberher,239563
Christopher McDonald,222899
Kevin Hart,222899
Michael Ealy,222899
Regina Hall,222899
Joy Bryant,222899
Heath Ledger,4951
Joseph Gordon-Levitt,4951
Julia Stiles,4951
David Krumholtz,4951
Larisa Oleynik,4951
Zooey Deschanel,10985
Eliza Dushku,10985
DJ Qualls,10985
Lyle Lovett,10985
Jerod Mixon,10985
Samuel L. Jackson,9644
Tim Curry,9644
Jon Lovitz,9644
Emilio Estevez,9644
Kathy Ireland,9644
Blake Lively,332567
Óscar Jaenada,332567
Angelo Josue Lozano Corzo,332567
José Manuel Trujillo Salas,332567
Brett Cullen,332567
Ashton Kutcher,1954
Amy Smart,1954
Melora Walters,1954
Elden Henson,1954
William Lee Scott,1954
Pam Grier,15489
Chevy Chase,15489
Jean Smart,15489
Chris Elliott,15489
Iggy Pop,15489
Idris Elba,15250
Delroy Lindo,15250
Regina King,15250
Laz Alonso,15250
Loretta Devine,15250
Kim Cattrall,22345
Kathleen Turner,22345
Christopher Lloyd,22345
Dom DeLuise,22345
Peter MacNicol,22345
Mark Wahlberg,9448
Christina Applegate,9448
Lou Diamond Phillips,9448
Avery Brooks,9448
China Chow,9448
Eartha Kitt,38223
Michelle Trachtenberg,38223
Rosie O'Donnell,38223
J. Smith-Cameron,38223
Vanessa Lee Chester,38223
Brad Dourif,11186
Alex Vincent,11186
Jenny Agutter,11186
Gerrit Graham,11186
Christine Elise,11186
Idris Elba,136835
Taraji P. Henson,136835
Leslie Bibb,136835
Kate del Castillo,136835
Henry Simmons,136835
Marcia Gay Harden,5876
Laurie Holden,5876
Thomas Jane,5876
Andre Braugher,5876
Toby Jones,5876
Oscar Isaac,264660
Domhnall Gleeson,264660
Alicia Vikander,264660
Sonoya Mizuno,264660
Corey Johnson,264660
John Malkovich,492
John Cusack,492
Cameron Diaz,492
Catherine Keener,492
Charlie Sheen,492
Gabrielle Union,25462
Morris Chestnut,25462
Anthony Anderson,25462
Vivica A. Fox,25462
Wendy Raquel Robinson,25462
Teo Halm,238603
Astro,238603
Resse Hartwig,238603
Ella Wahlestedt,238603
Jason Gray-Stanford,238603
Kirsten Dunst,10691
Jay Hernandez,10691
Bruce Davison,10691
Herman Osorio,10691
Miguel Castro,10691
Ken Watanabe,1251
Kazunari Ninomiya,1251
Tsuyoshi Ihara,1251
Ryo Kase,1251
Shidou Nakamura,1251
Billy Bob Thornton,5172
Virginia Madsen,5172
Max Thieriot,5172
Jasper Polish,5172
Logan Polish,5172
Jada Pinkett Smith,58680
Tommy Davidson,58680
Duane Martin,58680
Michael Ralph,58680
Darrel Heath,58680
William H. Macy,264644
Joan Allen,264644
Brie Larson,264644
Jacob Tremblay,264644
Sean Bridgers,264644
Traylor Howard,14577
Don Rickles,14577
Jack Warden,14577
Norm Macdonald,14577
Artie Lange,14577
Matthew Lillard,11592
Kathleen Turner,11592
Sam Waterston,11592
Ricki Lake,11592
Traci Lords,11592
Kirsten Dunst,16406
Michelle Williams,16406
Will Ferrell,16406
Dan Hedaya,16406
Bruce McCulloch,16406
Vanessa Williams,19052
Rosario Dawson,19052
Forest Whitaker,19052
Robert Ri'chard,19052
Usher Raymond,19052
Salma Hayek,3682
Mike Myers,3682
Breckin Meyer,3682
Ryan Phillippe,3682
Neve Campbell,3682
Jake Gyllenhaal,9683
Danny Trejo,9683
Swoosie Kurtz,9683
John Carroll Lynch,9683
Marley Shelton,9683
Nicole Kidman,2084
Vincent Cassel,2084
Mathieu Kassovitz,2084
Ben Chaplin,2084
Kate Lynn Evans,2084
Miles Teller,107811
Skylar Astin,107811
Justin Chon,107811
Sarah Wright,107811
Jonathan Keltz,107811
Steve Buscemi,2266
Willem Dafoe,2266
Maggie Gyllenhaal,2266
Natalie Portman,2266
Axel Kiener,2266
Samuel L. Jackson,13074
Josh Hartnett,13074
Teri Hatcher,13074
Alan Alda,13074
Kathryn Morris,13074
Paul Rudd,144340
Tina Fey,144340
Lily Tomlin,144340
Wallace Shawn,144340
Michael Sheen,144340
Juliette Binoche,48217
Michel Duchaussoy,48217
Daniel Auteuil,48217
Emir Kusturica,48217
Philippe Magnan,48217
Liam Neeson,28211
Amanda Seyfried,28211
Julianne Moore,28211
Max Thieriot,28211
R. H. Thomson,28211
Cher,47502
Chazz Palminteri,47502
Ryan O'Neal,47502
Paul Mazursky,47502
Amber Smith,47502
Vin Diesel,9950
Alex Rocco,9950
Frank Pietrangolare,9950
Richard DeDomenico,9950
Paul Borghese,9950
Emma Watson,84892
Paul Rudd,84892
Logan Lerman,84892
Nina Dobrev,84892
Ezra Miller,84892
James Earl Jones,24227
Burt Young,24227
Tony Todd,24227
Lance Henriksen,24227
Thomas Ian Griffith,24227
Sigourney Weaver,9672
Gwyneth Paltrow,9672
Sandra Bullock,9672
Isabella Rossellini,9672
Toby Jones,9672
Wes Bentley,44853
Milla Jovovich,44853
Peter Mullan,44853
Sarah Polley,44853
Nastassja Kinski,44853
Djimon Hounsou,157544
Michael Peña,157544
Dougray Scott,157544
Olivia Taylor Dudley,157544
Peter Andersson,157544
Nick Frost,59678
Flaminia Cinque,59678
Jodie Whittaker,59678
John Boyega,59678
Luke Treadaway,59678
Zana Marjanović,79777
Goran Kostić,79777
Branko Đurić,79777
Dzana Pinjo,79777
Miloš Timotijević,79777
Halle Berry,158011
Abigail Breslin,158011
Morris Chestnut,158011
Michael Imperioli,158011
Ella Rae Peck,158011
Liam Neeson,407887
Lee Jung-jae,407887
Lee Beom-soo,407887
Jin Se-yeon,407887
Jung Joon-ho,407887
David Wenham,17043
Magda Szubanski,17043
Steve Irwin,17043
Terri Irwin,17043
Lachy Hulme,17043
Ewan McGregor,8952
Jim Carrey,8952
Leslie Mann,8952
Rodrigo Santoro,8952
Brennan Brown,8952
Ron Perlman,62204
Everett McGill,62204
Nicholas Kadi,62204
Rae Dawn Chong,62204
Gary Schwartz,62204
Denzel Washington,13435
Derek Luke,13435
Joy Bryant,13435
Malcolm David Kelley,13435
Cory Hodges,13435
Kevin Kline,17187
Emile Hirsch,17187
Embeth Davidtz,17187
Edward Herrmann,17187
Rob Morrow,17187
Gary Oldman,319
Michael Rapaport,319
Patricia Arquette,319
Christian Slater,319
Bronson Pinchot,319
Eva Green,59457
Lesley Manville,59457
Matt Smith,59457
Peter Wight,59457
István Lénárt,59457
Alec Baldwin,9504
Ed Harris,9504
Al Pacino,9504
Alan Arkin,9504
Jack Lemmon,9504
Ned Beatty,37414
Casey Affleck,37414
Jessica Alba,37414
Kate Hudson,37414
Tom Bower,37414
Malcolm McDowell,6217
John Heard,6217
Ed Begley Jr.,6217
Nastassja Kinski,6217
Ruby Dee,6217
Jamie Chung,26688
Rumer Willis,26688
Briana Evigan,26688
Leah Pipes,26688
Teri Andrzejewski,26688
Ronald Colman,43867
Madeleine Carroll,43867
Raymond Massey,43867
Mary Astor,43867
Douglas Fairbanks Jr.,43867
Emily Mortimer,6615
Ryan Gosling,6615
Paul Schneider,6615
Kelli Garner,6615
Lauren Ash,6615
Asa Butterfield,14574
David Thewlis,14574
Vera Farmiga,14574
Rupert Friend,14574
Jack Scanlon,14574
Peter Stormare,16
David Morse,16
Catherine Deneuve,16
Björk,16
Joel Grey,16
Cate Blanchett,39780
Ralph Fiennes,39780
Richard Roxburgh,39780
Ciarán Hinds,39780
Tom Wilkinson,39780
Christopher Walken,21612
Annabella Sciorra,21612
Isabella Rossellini,21612
Chris Penn,21612
Vincent Gallo,21612
Jesse Eisenberg,36691
Michael Douglas,36691
Mary-Louise Parker,36691
Susan Sarandon,36691
Danny DeVito,36691
Michelle Rodriguez,23631
Jessica Alba,23631
Robert De Niro,23631
Danny Trejo,23631
Lindsay Lohan,23631
Kevin Spacey,45324
Kelly Preston,45324
Barry Pepper,45324
Rachelle Lefevre,45324
Hannah Endicott-Douglas,45324
Pat Hingle,12144
Gabriel Damon,12144
Candace Hutson,12144
Judith Barsi,12144
Will Ryan,12144
Jang Dong-gun,11658
Won Bin,11658
Lee Eun-ju,11658
Gong Hyung-jin,11658
Park Jeong-Woo,11658
Jake T. Austin,56601
Cheech Marin,56601
Clifton Collins Jr,56601
Moisés Arias,56601
Emilie de Ravin,56601
Max von Sydow,9552
Ellen Burstyn,9552
Linda Blair,9552
Jason Miller,9552
Lee J. Cobb,9552
Richard Dreyfuss,578
Roy Scheider,578
Lorraine Gary,578
Murray Hamilton,578
Robert Shaw,578
Chris Klein,2105
Jason Biggs,2105
Alyson Hannigan,2105
Thomas Ian Nicholas,2105
Shannon Elizabeth,2105
Lambert Wilson,126319
Anne-Marie Loop,126319
Pauline Brunner,126319
Patrice Melennec,126319
Brigitte Virtudes,126319
Eddie Murphy,10136
Charles Dance,10136
Victor Wong,10136
Charlotte Lewis,10136
Peter Kwong,10136
Kevin Hart,67660
Michael Ealy,67660
Meagan Good,67660
Regina Hall,67660
Jerry Ferrara,67660
Cedric the Entertainer,10611
Anthony Anderson,10611
Ice Cube,10611
Sean Patrick Thomas,10611
Eve,10611
Leonard Nimoy,154
William Shatner,154
George Takei,154
DeForest Kelley,154
James Doohan,154
Jim Carrey,3049
Courteney Cox,3049
Sean Young,3049
Tone Loc,3049
Dan Marino,3049
Matthew Broderick,860
John Wood,860
Dabney Coleman,860
Ally Sheedy,860
Barry Corbin,860
Harrison Ford,9281
Kelly McGillis,9281
Josef Sommer,9281
Lukas Haas,9281
Jan Rubes,9281
Roselyn Sánchez,75674
Emilio Rivera,75674
Nestor Serrano,75674
Gonzalo Menendez,75674
Alexander Asefa,75674
Channing Tatum,9762
Mario,9762
Jenna Dewan,9762
Damaine Radcliff,9762
De'Shawn Washington,9762
Bruce Willis,3179
Demi Moore,3179
Mike Judge,3179
Robert Stack,3179
Richard Linklater,3179
Michael Keaton,184
Samuel L. Jackson,184
Bridget Fonda,184
Robert Forster,184
Pam Grier,184
Neil Patrick Harris,13335
Kal Penn,13335
Rob Corddry,13335
John Cho,13335
Jack Conley,13335
Dane DeHaan,76726
Michael B. Jordan,76726
Alex Russell,76726
Michael Kelly,76726
Anna Wood,76726
Barbra Streisand,10269
Amy Irving,10269
Mandy Patinkin,10269
Nehemiah Persoff,10269
Steven Hill,10269
Ian Holm,36819
John Cleese,36819
Sean Connery,36819
Shelley Duvall,36819
Michael Palin,36819
Zoe Saldana,17130
Dan Aykroyd,17130
Taryn Manning,17130
Britney Spears,17130
Anson Mount,17130
Oliver Cooper,57214
Jonathan Daniel Brown,57214
Thomas Mann,57214
Dax Flame,57214
Kirby Bliss Blanton,57214
Karl Malden,11202
George C. Scott,11202
Stephen Young,11202
Michael Strong,11202
Carey Loftin,11202
Robin Williams,9357
Connie Nielsen,9357
Michael Vartan,9357
Erin Daniels,9357
Eriq La Salle,9357
Jay Hernandez,13812
Columbus Short,13812
Steve Harris,13812
Jennifer Carpenter,13812
Johnathon Schaech,13812
Parker Posey,9030
Jessica Alba,9030
Alessandro Nivola,9030
Rade Serbedzija,9030
Fernanda Romero,9030
Cedric the Entertainer,19084
Vanessa Williams,19084
Shad Moss,19084
Steve Harvey,19084
Shari Headley,19084
Mike Epps,8386
Redman,8386
Anna Maria Horsford,8386
Method Man,8386
Obba Babatundé,8386
Michael Caine,10437
Don Austen,10437
Meredith Braun,10437
Ed Sanders,10437
Alfred Molina,1360
Salma Hayek,1360
Diego Luna,1360
Mía Maestro,1360
Patricia Reyes Spíndola,1360
Russell Brand,101267
Katy Perry,101267
Shannon Woodward,101267
Rachael Markarian,101267
Mia Moretti,101267
Shailene Woodley,222935
Ansel Elgort,222935
Laura Dern,222935
Sam Trammell,222935
Nat Wolff,222935
John Turturro,10220
Edward Norton,10220
Matt Damon,10220
Goran Visnjic,10220
Gretchen Mol,10220
Chris Rock,284296
Gabrielle Union,284296
Rosario Dawson,284296
Romany Malco,284296
J.B. Smoove,284296
Armand Assante,31915
Talia Shire,31915
Richard Dysart,31915
Robert Foxworth,31915
Victoria Racimo,31915
Kevin Bacon,11601
Kevin Dunn,11601
Kathryn Erbe,11601
Illeana Douglas,11601
Conor O'Farrell,11601
Judi Dench,205220
Steve Coogan,205220
Barbara Jefford,205220
Mare Winningham,205220
Sophie Kennedy Clark,205220
Kevin Costner,11354
Keri Russell,11354
Joan Allen,11354
Alicia Witt,11354
Erika Christensen,11354
James Mason,16241
Laurence Olivier,16241
Gregory Peck,16241
Lilli Palmer,16241
Uta Hagen,16241
Emma Roberts,14191
Sara Paxton,14191
Arielle Kebbel,14191
Joanna 'JoJo' Levesque,14191
Jake McDorman,14191
Cara Delevingne,286565
Nat Wolff,286565
Justice Smith,286565
Austin Abrams,286565
Halston Sage,286565
Anthony Anderson,26710
Eddie Griffin,26710
Method Man,26710
Michael Imperioli,26710
Paula Jai Parker,26710
Stacy Keach,129670
Bruce Dern,129670
Will Forte,129670
June Squibb,129670
Bob Odenkirk,129670
Billy Zane,9059
Jada Pinkett Smith,9059
CCH Pounder,9059
William Sadler,9059
Brenda Bakke,9059
Larry Miller,34549
Josh Peck,34549
Zena Grey,34549
Alex D. Linz,34549
Nora Dunn,34549
Charlize Theron,57157
Patton Oswalt,57157
Patrick Wilson,57157
Elizabeth Reaser,57157
Collette Wolfe,57157
Jason Statham,1948
Jose Pablo Cantillo,1948
Dwight Yoakam,1948
Amy Smart,1948
Efren Ramirez,1948
Bernie Mac,28353
Elise Neal,28353
Bill Bellamy,28353
Lark Voorhies,28353
Holly Hunter,46889
Queen Latifah,46889
Danny DeVito,46889
Martin Donovan,46889
Rachael Leigh Cook,46889
Paula Patton,38093
Queen Latifah,38093
Phylicia Rashād,38093
Common,38093
James Pickens Jr.,38093
Anne Hathaway,14976
Sebastian Stan,14976
Bill Irwin,14976
Rosemarie DeWitt,14976
Roslyn Ruff,14976
Jack Nicholson,11027
Jessica Lange,11027
Anjelica Huston,11027
John Colicos,11027
Michael Lerner,11027
Scarlett Johansson,3635
Cillian Murphy,3635
Colin Firth,3635
Tom Wilkinson,3635
Judy Parfitt,3635
Jürgen Prochnow,387
Herbert Grönemeyer,387
Klaus Wennemann,387
Hubertus Bengsch,387
Martin Semmelrogge,387
Michael Rosenbaum,6020
Barry Watson,6020
Harland Williams,6020
Melissa Sagemiller,6020
Tony Denman,6020
Bill Nighy,122906
Domhnall Gleeson,122906
Rachel McAdams,122906
Lindsay Duncan,122906
Lydia Wilson,122906
Zhang Ziyi,9550
Andy Lau,9550
Takeshi Kaneshiro,9550
Song Dandan,9550
Zhao Hongfei,9550
Tim Roth,60599
Susan Sarandon,60599
Richard Gere,60599
Brit Marling,60599
Monica Raymund,60599
Sam Lerner,227719
Jonny Weston,227719
Virginia Gardner,227719
Sofia Black-D'Elia,227719
Allen Evangelista,227719
Adrien Brody,14299
Jeffrey Wright,14299
Gabrielle Union,14299
Beyoncé Knowles,14299
Columbus Short,14299
Danny DeVito,19419
Dave Chappelle,19419
Elaine Stritch,19419
Norm Macdonald,19419
Daniel Benzali,19419
Kurtwood Smith,12088
Clifton Collins Jr,12088
Christopher Lambert,12088
Loryn Locklin,12088
Jeffrey Combs,12088
Parker Posey,14799
John Michael Higgins,14799
Catherine O'Hara,14799
Harry Shearer,14799
Christopher Moynihan,14799
Leonardo DiCaprio,9466
Kenneth Branagh,9466
Charlize Theron,9466
Joe Mantegna,9466
Judy Davis,9466
Brian Cox,7510
Joseph Fiennes,7510
Annette Bening,7510
Evan Rachel Wood,7510
Joseph Cross,7510
Kelly Clarkson,31246
Justin Guarini ,31246
Brandon Henschel,31246
Greg Siff,31246
Brian Dietzen,31246
Theresa Randle,61752
Isaiah Washington,61752
Debi Mazar,61752
Jenifer Lewis,61752
Spike Lee,61752
Mark Ruffalo,10944
Jennifer Jason Leigh,10944
Meg Ryan,10944
Nick Damici,10944
Heather Litteer,10944
Gwyneth Paltrow,10362
Joaquin Phoenix,10362
Isabella Rossellini,10362
Vinessa Shaw,10362
Moni Moshonov,10362
Michael Caine,14778
Helen Mirren,14778
Bob Hoskins,14778
Tom Courtenay,14778
David Hemmings,14778
Song Kang-ho,1255
Park Hae-il,1255
Bae Doona,1255
Ko Ah-sung,1255
Byun Hee-bong,1255
Treat Williams,45226
Robert Duvall,45226
Kathryn Harrold,45226
Ed Flanders,45226
Paul Gleason,45226
Guy Pearce,10212
Robert Carlyle,10212
Neal McDonough,10212
David Arquette,10212
Jeremy Davies,10212
Robert Downey Jr.,8669
Anton Yelchin,8669
Hope Davis,8669
Tyler Hilton,8669
Kat Dennings,8669
Toni Servillo,179144
Carlo Verdone,179144
Sabrina Ferilli,179144
Carlo Buccirosso,179144
Iaia Forte,179144
Vincent D'Onofrio,16857
Jodie Foster,16857
Emile Hirsch,16857
Kieran Culkin,16857
Jena Malone,16857
Nicole Kidman,86825
Mia Wasikowska,86825
Dermot Mulroney,86825
Matthew Goode,86825
Jacki Weaver,86825
Zhang Ziyi,844
Gong Li,844
Tony Leung Chiu-Wai,844
Takuya Kimura,844
Faye Wong,844
Pierce Brosnan,8060
David Wenham,8060
Rachel McAdams,8060
Chris Cooper,8060
Patricia Clarkson,8060
Campbell Scott,15907
Hope Davis,15907
Alex Michaeletos,15907
Mary Makhatho,15907
Nthabiseng Kenoshi,15907
Colin Farrell,38448
Alicja Bachleda-Curuś,38448
Dervla Kirwan,38448
Alison Barry,38448
Marion O'Dwyer,38448
Omar Epps,327
Takeshi Kitano,327
Claude Maki,327
Susumu Terajima,327
Masaya Kato,327
Michael Jeter,9260
Sam Rockwell,9260
William H. Macy,9260
Luis Guzmán,9260
Isaiah Washington,9260
Helen Mirren,61337
Albert Brooks,61337
James Spader,61337
Anne Bancroft,61337
Kyra Sedgwick,61337
Uma Thurman,13079
Evan Rachel Wood,13079
Eva Amurri Martino,13079
Brett Cullen,13079
Gabrielle Brennan,13079
Kevin Kline,89325
Richard Jenkins,89325
Sam Shepard,89325
Diane Keaton,89325
Dianne Wiest,89325
Kevin Kline,4170
Alicja Bachleda-Curuś,4170
Cesar Ramos,4170
Paulina Gaitán,4170
Marco Pérez,4170
Marcell Nagy,41508
Béla Dóra,41508
Bálint Péntek,41508
Áron Dimény,41508
Péter Fancsikai,41508
Bruce Willis,12479
Nick Nolte,12479
Albert Finney,12479
Glenne Headly,12479
Barbara Hershey,12479
Xiao Shen Yang,44555
Zhao Benshan,44555
Sun Honglei,44555
Yan Ni,44555
Ni Dahong,44555
Lucy Liu,10133
Jeremy Northam,10133
David Hewlett,10133
Nigel Bennett,10133
Timothy Webber,10133
Liu Ye,21345
Gao Yuanyuan,21345
Hideo Nakaizumi,21345
John Paisley,21345
Beverly Peckous,21345
Michael Clarke Duncan,173931
Tom Arnold,173931
Jon Heder,173931
Rebecca Black,173931
Claire Geare,173931
Takuya Kimura,61984
Hiroyuki Ikeuchi,61984
Meisa Kuroki,61984
Toshirō Yanagiba,61984
Tsutomu Yamazaki,61984
Val Kilmer,50601
Andy García,50601
Emmanuelle Chriqui,50601
Dean Cain,50601
Rupert Friend,50601
Liam Hemsworth,26466
Melissa George,26466
Emma Lung,26466
Rachael Carpani,26466
Michael Dorman,26466
Christopher Lambert,345003
Caroline Barry,345003
Kelly LeBrock,345003
Julia Chantrey,345003
Alexandra Callas,345003
Thomas Haden Church,236751
Kelly Reilly,236751
Greg Kinnear,236751
Connor Corum,236751
Jon Ted Wynne,236751
Brad Pitt,107
Benicio del Toro,107
Jason Statham,107
Vinnie Jones,107
Dennis Farina,107
Witney Carson,357837
Chehon Wespi-Tschopp,357837
Gary Daniels,357837
David Winters,357837
Jordan Clark,357837
Dale Midkiff,8913
Fred Gwynne,8913
Denise Crosby,8913
Brad Greenquist,8913
Michael Lombard,8913
George Tokoro,13889
Tatsuo Matsumura,13889
Kyôko Kagawa,13889
Hisashi Igawa,13889
Masayuki Yui,13889
Julia Stiles,18530
Paddy Considine,18530
Caroline Dhavernas,18530
James Gilbert,18530
Karl Pruner,18530
Tang Wei,358451
Lau Ching-Wan,358451
Qin Hailu,358451
Jing Boran ,358451
Zach Galligan,927
Phoebe Cates,927
Polly Holliday,927
Hoyt Axton,927
Dick Miller,927
Harrison Ford,11
Alec Guinness,11
Mark Hamill,11
Carrie Fisher,11
Peter Cushing,11
Robert De Niro,291870
Julianne Hough,291870
Dermot Mulroney,291870
Zac Efron,291870
Aubrey Plaza,291870
Omar Sharif,907
Julie Christie,907
Rod Steiger,907
Alec Guinness,907
Geraldine Chaplin,907
Rooney Mara,206563
Rickson Tevez,206563
Eduardo Luis,206563
Gabriel Weinstein,206563
Selton Mello,206563
Vanessa Hudgens,11887
Zac Efron,11887
Lucas Grabeel,11887
Ashley Tisdale,11887
Corbin Bleu,11887
Christian Bale,45317
Amy Adams,45317
Mark Wahlberg,45317
Melissa Leo,45317
Mickey O'Keefe,45317
Johnny Knoxville,12094
Bam Margera,12094
Ryan Dunn,12094
Steve-O,12094
Chris Pontius,12094
Joe Pesci,10377
Marisa Tomei,10377
Ralph Macchio,10377
Fred Gwynne,10377
Mitchell Whitfield,10377
Mireille Enos,249164
Chloë Grace Moretz,249164
Stacy Keach,249164
Liana Liberato,249164
Jamie Blackley,249164
John Cusack,256092
Thomas Jane,256092
Zoe Ventoura,256092
Damien Garvey,256092
Christopher Morris,256092
Charlie Sheen,9942
Tom Berenger,9942
James Gammon,9942
Margaret Whitton,9942
Corbin Bernsen,9942
Gemma Arterton,10748
Lena Headey,10748
Rupert Everett,10748
Colin Firth,10748
Talulah Riley,10748
Kiefer Sutherland,1817
Colin Farrell,1817
Katie Holmes,1817
Radha Mitchell,1817
Forest Whitaker,1817
Mandy Moore,10229
Shane West,10229
Peter Coyote,10229
Daryl Hannah,10229
Lauren German,10229
Susan Sarandon,687
Sean Penn,687
Raymond J. Barry,687
Robert Prosky,687
R. Lee Ermey,687
Reese Witherspoon,796
Sarah Michelle Gellar,796
Selma Blair,796
Ryan Phillippe,796
Louise Fletcher,796
Tobin Bell,22804
Mark Rolston,22804
Costas Mandylor,22804
Betsy Russell,22804
Peter Outerbridge,22804
Cloris Leachman,10156
Mel Brooks,10156
Dom DeLuise,10156
Madeline Kahn,10156
Harvey Korman,10156
Dakota Fanning,12837
Sophie Okonedo,12837
Queen Latifah,12837
Jennifer Hudson,12837
Alicia Keys,12837
Chris Kattan,17708
Peter Berg,17708
Vinessa Shaw,17708
Chris Penn,17708
Peter Falk,17708
John Lithgow,13937
Gregg Henry,13937
Lolita Davidovich,13937
Steven Bauer,13937
Frances Sternhagen,13937
Sylvester Stallone,28932
Peter Boyle,28932
Rod Steiger,28932
David Huffman,28932
Melinda Dillon,28932
James Karen,31909
Karen Black,31909
Hunter Carson,31909
Timothy Bottoms,31909
Laraine Newman,31909
Julie Walters,167073
Domhnall Gleeson,167073
Jim Broadbent,167073
Saoirse Ronan,167073
Emory Cohen,167073
Ryan O'Neal,3175
Marisa Berenson,3175
Hardy Krüger,3175
Diana Körner,3175
Frank Middlemass,3175
Zach Galifianakis,14369
David Koechner,14369
Jason London,14369
Lee Majors,14369
Victoria Silvstedt,14369
Tim Meadows,16888
John Witherspoon,16888
Billy Dee Williams,16888
Karyn Parsons,16888
Jill Talley,16888
Michael Gambon,121826
Billy Connolly,121826
Maggie Smith,121826
Tom Courtenay,121826
Pauline Collins,121826
Jake Busey,10646
Jerry O'Connell,10646
Shannon Elizabeth,10646
Horatio Sanz,10646
Bernie Casey,10646
Bill Paxton,12149
Matthew McConaughey,12149
Matt O'Leary,12149
Powers Boothe,12149
Jeremy Sumpter,12149
Ryan Reynolds,304357
Helen Mirren,304357
Katie Holmes,304357
Max Irons,304357
Tatiana Maslany,304357
Peter Sarsgaard,11184
Liam Neeson,11184
Chris O'Donnell,11184
Laura Linney,11184
Timothy Hutton,11184
Embeth Davidtz,766
Ian Abercrombie,766
Bruce Campbell,766
Marcus Gilbert,766
Richard Grove,766
Cameron Diaz,20009
Jason Segel,20009
Jaime King,20009
Jason Schwartzman,20009
Devon Sawa,20009
Johnny Depp,1587
Leonardo DiCaprio,1587
Mary Steenburgen,1587
Juliette Lewis,1587
Darlene Cates,1587
Christopher Plummer,30973
Daniel Kash,30973
Henry Ian Cusick,30973
Stuart Bunce,30973
Stephen Russell,30973
Eddie Marsan,11109
Imelda Staunton,11109
Sally Hawkins,11109
Richard Graham,11109
Anna Keaveney,11109
Dash Mihok,9027
Heather Graham,9027
Marisa Tomei,9027
Michael McKean,9027
Jimi Mistry,9027
Alfred Molina,63020
Marisa Tomei,63020
Anjelica Huston,63020
Chazz Palminteri,63020
Trini Alvarado,63020
Carey Mulligan,86829
Oscar Isaac,86829
Justin Timberlake,86829
Jerry Grayson,86829
Robin Bartlett,86829
Josh Hartnett,11065
Julia Stiles,11065
Martin Sheen,11065
Mekhi Phifer,11065
Andrew Keegan,11065
Milla Jovovich,13888
Garette Ratliff Henson,13888
Brian Krause,13888
Lisa Pelikan,13888
Courtney Barilla,13888
Richard Harris,42345
Sean Connery,42345
Anthony Zerbe,42345
Frank Finlay,42345
Samantha Eggar,42345
Mandy Moore,13994
Kate Winslet,13994
Steve Buscemi,13994
Susan Sarandon,13994
James Gandolfini,13994
Ed Harris,1590
Diane Kruger,1590
Phyllida Law,1590
Matthew Goode,1590
Ralph Riach,1590
Helen Mirren,62728
Sam Riley,62728
Andy Serkis,62728
Andrea Riseborough,62728
John Hurt,62728
Tobin Bell,11917
Mark Rolston,11917
Costas Mandylor,11917
Betsy Russell,11917
Scott Patterson,11917
Peter Falk,45138
John Cassavetes,45138
Britt Ekland,45138
Gabriele Ferzetti,45138
Margherita Guzzinati,45138
Douglas Booth,80271
Miley Cyrus,80271
Demi Moore,80271
Ashley Greene,80271
Ashley Hinshaw,80271
Laura Linney,4657
Gabriel Byrne,4657
Deborra-Lee Furness,4657
John Howard,4657
Leah Purcell,4657
Shah Rukh Khan,14395
Rani Mukerji,14395
Preity Zinta,14395
Abhishek Bachchan,14395
Amitabh Bachchan,14395
Cate Blanchett,24137
Julianne Moore,24137
Jeremy Northam,24137
Rupert Everett,24137
Minnie Driver,24137
Liev Schreiber,190847
Elias Koteas,190847
Olivia Williams,190847
Romola Garai,190847
Johnny Harris,190847
Giancarlo Giannini,11056
Iain Glen,11056
Lena Olin,11056
Anna Paquin,11056
Fele Martínez,11056
Keir Dullea,62
Gary Lockwood,62
William Sylvester,62
Douglas Rain,62
Daniel Richter,62
Drew Barrymore,601
Peter Coyote,601
Henry Thomas,601
Robert MacNaughton,601
Dee Wallace,601
Kristen Stewart,13067
Adam Brody,13067
Meg Ryan,13067
JoBeth Williams,13067
Olympia Dukakis,13067
William Hurt,25379
Raoul Max Trujillo,25379
Marc Donato,25379
Pascale Bussières,25379
Steve Adams,25379
Dermot Mulroney,88641
Ricky Schroder,88641
Kelli Williams,88641
Noah Wyle,88641
Lucy Deakins,88641
Akshay Kumar,58051
Ritesh Deshmukh,58051
Deepika Padukone,58051
Lara Dutta,58051
Jiah Khan,58051
Jon Voight,14877
Dean Cain,14877
Lolita Davidovich,14877
Trent Ford,14877
Tamara Hope,14877
Oscar Isaac,96399
Andy García,96399
Rubén Blades,96399
Eva Longoria,96399
Peter O'Toole,96399
Roxane Duran,304410
Louane Emera,304410
Karin Viard,304410
François Damiens,304410
Eric Elmosnino,304410
Ben Affleck,489
Stellan Skarsgård,489
Robin Williams,489
Matt Damon,489
Minnie Driver,489
Josh Duhamel,373314
Malin Åkerman,373314
Julia Stiles,373314
Alice Eve,373314
Lee Byung-hun,373314
Dina Meyer,214
Angus Macfadyen,214
Tobin Bell,214
Shawnee Smith,214
Bahar Soomekh,214
Bill Murray,10890
Sean Young,10890
P.J. Soles,10890
Harold Ramis,10890
Warren Oates,10890
Kirsten Dunst,1588
Gabrielle Union,1588
Jesse Bradford,1588
Eliza Dushku,1588
Huntley Ritter,1588
Raymond J. Barry,316727
Elizabeth Mitchell,316727
Mykelti Williamson,316727
Frank Grillo,316727
Edwin Hodge,316727
Paul Walker,10314
Freddie Prinze Jr.,10314
Matthew Lillard,10314
Rachael Leigh Cook,10314
Jodi Lyn O'Keefe,10314
Tobin Bell,663
Costas Mandylor,663
Betsy Russell,663
Scott Patterson,663
Lyriq Bent,663
Michael Keaton,11804
Deborah Kara Unger,11804
Chandra West,11804
Ian McNeice,11804
Keegan Connor Tracy,11804
Tyler Perry,16781
Lynn Whitfield,16781
Blair Underwood,16781
Boris Kodjoe,16781
Lisa Arrindell,16781
John Turturro,11873
Tom Cruise,11873
Paul Newman,11873
Mary Elizabeth Mastrantonio,11873
Helen Shaver,11873
Eddie Albert,9289
Paul Anka,9289
Arletty,9289
Jean-Louis Barrault,9289
Richard Beymer,9289
Joss Ackland,10414
Josef Sommer,10414
Emilio Estevez,10414
Lane Smith,10414
Heidi Kling,10414
Bill Pullman,1970
Sarah Michelle Gellar,1970
Clea DuVall,1970
Jason Behr,1970
William Mapother,1970
Ben Stiller,9614
Adam Sandler,9614
Christopher McDonald,9614
Julie Bowen,9614
Frances Bay,9614
Justin Long,8922
Eileen Brennan,8922
Jonathan Breck,8922
Gina Philips,8922
Patricia Belcher,8922
Keanu Reeves,1648
George Carlin,1648
Alex Winter,1648
Dan Shor,1648
Hal Landon Jr.,1648
Oliver Reed,17917
Ron Moody,17917
Shani Wallis,17917
Harry Secombe,17917
Mark Lester,17917
Judi Dench,74534
Bill Nighy,74534
Dev Patel,74534
Maggie Smith,74534
Tom Wilkinson,74534
Rickey D'Shon Collins,19405
Jason Davis,19405
Ashley Johnson,19405
Courtland Mead,19405
Pamela Adlon,19405
Mel Gibson,9355
Tina Turner,9355
Bruce Spence,9355
Helen Buday,9355
Angelo Rossitto,9355
Arnold Schwarzenegger,10999
Dan Hedaya,10999
Rae Dawn Chong,10999
Vernon Wells,10999
James Olson,10999
Rupert Evans,321258
Lauren Cohan,321258
James Russell,321258
Jim Norton,321258
Diana Hardcastle,321258
Logan Marshall-Green,44040
Jacob Vargas,44040
Chris Messina,44040
Bokeem Woodbine,44040
Bojana Novaković,44040
John Witherspoon,10426
Ice Cube,10426
Mike Epps,10426
Anna Maria Horsford,10426
Don Curry,10426
Dermot Mulroney,280092
Lin Shaye,280092
Stefanie Scott,280092
Leigh Whannell,280092
Angus Sampson,280092
Taimak,13938
Julius Carry,13938
Vanity,13938
Christopher Murney,13938
Faith Prince,13938
Pierce Brosnan,10163
Geoffrey Lewis,10163
Jeff Fahey,10163
Jenny Wright,10163
Mark Bringelson,10163
Michael Cera,12182
Alexis Dziena,12182
Aaron Yoo,12182
Kat Dennings,12182
Ari Graynor,12182
Ben Affleck,1832
Chris Rock,1832
Matt Damon,1832
Linda Fiorentino,1832
Jason Mewes,1832
Geoffrey Rush,9034
Susan Sarandon,9034
Goldie Hawn,9034
Robin Thomas,9034
Erika Christensen,9034
Albert Brooks,15301
John Lithgow,15301
Dan Aykroyd,15301
John Larroquette,15301
Vic Morrow,15301
Sam Elliott,10135
Ben Gazzara,10135
Patrick Swayze,10135
Kelly Lynch,10135
Marshall R. Teague,10135
Salli Richardson-Whitfield,26352
Jada Pinkett Smith,26352
Charles S. Dutton,26352
Keenen Ivory Wayans,26352
Andrew Divoff,26352
Jesse Bradford,20616
Jason Ritter,20616
Erika Christensen,20616
Shiri Appleby,20616
Kate Burton,20616
Andy Dick,9794
Dax Shepard,9794
Jessica Simpson,9794
Dane Cook,9794
Tim Bagley,9794
Peter Facinelli,15037
Lauren Ambrose,15037
Jennifer Love Hewitt,15037
Charlie Korsmo,15037
Ethan Embry,15037
Patrick Swayze,227
C. Thomas Howell,227
Matt Dillon,227
Ralph Macchio,227
Rob Lowe,227
Bryce Dallas Howard,294272
Karl Urban,294272
Wes Bentley,294272
Oona Laurence,294272
Oakes Fegley,294272
Christopher Walken,11336
Martin Sheen,11336
Tom Skerritt,11336
Brooke Adams,11336
Herbert Lom,11336
Shannyn Sossamon,283445
James Ransone,283445
Robert Daniel Sloan,283445
Dartanian Sloan,283445
Lea Coco,283445
Mike Epps,88036
Derek Luke,88036
Carmen Ejogo,88036
Whitney Houston,88036
Cee Lo Green,88036
Denise Richards,10984
Jessica Cauffiel,10984
Marley Shelton,10984
David Boreanaz,10984
Jessica Capshaw,10984
Will Patton,22824
Milla Jovovich,22824
Corey Johnson,22824
Hakeem Kae-Kazim,22824
Enzo Cilenti,22824
Woody Harrelson,9526
Meryl Streep,9526
Lindsay Lohan,9526
Virginia Madsen,9526
Garrison Keillor,9526
Wesley Snipes,39349
Donald Faison,39349
Michael Wright,39349
O.L. Duke,39349
Leslie Uggams,39349
Chuck Norris,15983
Richard Lynch,15983
Melissa Prophet,15983
Alexander Zale,15983
Alex Colon,15983
Brandon T. Jackson,14544
Shad Moss,14544
Chi McBride,14544
Meagan Good,14544
Nick Cannon,14544
Bill Murray,11545
Olivia Williams,11545
Seymour Cassel,11545
Jason Schwartzman,11545
Mason Gamble,11545
David Zayas,42684
Donald Faison,42684
Scottie Thompson,42684
Brittany Daniel,42684
Eric Balfour,42684
Judi Dench,268238
Bill Nighy,268238
Dev Patel,268238
Richard Gere,268238
Maggie Smith,268238
Stanley Tucci,8359
Joan Cusack,8359
Julia Ormond,8359
Chris O'Donnell,8359
Abigail Breslin,8359
Chris Noth,15648
Heather Locklear,15648
Hilary Duff,15648
Mike O'Malley,15648
Ben Feldman,15648
John Turturro,41823
Denzel Washington,41823
Giancarlo Esposito,41823
Wesley Snipes,41823
Spike Lee,41823
Hui Lou Chen,11891
Tad Horino,11891
Steve Oedekerk,11891
Jennifer Tung,11891
Ming Lo,11891
Kevin Bacon,9362
Fred Ward,9362
Finn Carter,9362
Michael Gross,9362
Reba McEntire,9362
Emmanuelle Chriqui,9902
Kevin Zegers,9902
Eliza Dushku,9902
Jeremy Sisto,9902
Desmond Harrington,9902
Stacy Keach,14729
David Carradine,14729
Robert Carradine,14729
Keith Carradine,14729
James Keach,14729
Mark Wahlberg,9455
Chow Yun-fat,9455
Ric Young,9455
Byron Mann,9455
Kim Chan,9455
Reese Witherspoon,103731
Matthew McConaughey,103731
Sam Shepard,103731
Jacob Lofland,103731
Tye Sheridan,103731
Danny DeVito,10090
Lennie Loftin,10090
Ben Garant,10090
Carlos Alazraqui,10090
Mary Birdsong,10090
Harry Styles,164558
Niall Horan,164558
Zayn Malik,164558
Louis Tomlinson,164558
Liam Payne,164558
Ving Rhames,19905
Kathryn Hahn,19905
David Koechner,19905
Jeremy Piven,19905
James Brolin,19905
Dan Castellaneta,17710
Spencer Klein,17710
Francesca Smith,17710
Jamil Walker Smith,17710
Tress MacNeille,17710
Judi Dench,75900
Michelle Williams,75900
Eddie Redmayne,75900
Kenneth Branagh,75900
Julia Ormond,75900
Pierce Brosnan,9515
Greg Kinnear,9515
Adam Scott,9515
Hope Davis,9515
Portia Dawson,9515
Larenz Tate,27322
Isaiah Washington,27322
Nia Long,27322
Bill Bellamy,27322
Lisa Nicole Carson,27322
Rebecca Hall,328425
Joel Edgerton,328425
Jason Bateman,328425
Allison Tolman,328425
Tim Griffin,328425
Louie Leonardo,14120
Chad Allen,14120
Jack Guzman,14120
Chase Ellison,14120
Sylvia Jefferies,14120
Zoe Saldana,10050
Kirsten Dunst,10050
Colin Hanks,10050
Ben Foster,10050
Melissa Sagemiller,10050
Jennifer Aniston,1542
Ajay Naidu,1542
Ron Livingston,1542
Diedrich Bader,1542
David Herman,1542
Kirsten Dunst,10490
Amy Adams,10490
Denise Richards,10490
Ellen Barkin,10490
Kirstie Alley,10490
Christoph Waltz,87093
Amy Adams,87093
Danny Huston,87093
Jason Schwartzman,87093
Krysten Ritter,87093
Cameron Diaz,10029
Jon Favreau,10029
Christian Slater,10029
Jeremy Piven,10029
Leland Orser,10029
Jane Lynch,9893
Brie Larson,9893
Alexa PenaVega,9893
Sara Paxton,9893
Mika Boorem,9893
Gregg Henry,11507
Melanie Griffith,11507
Craig Wasson,11507
Deborah Shelton,11507
Guy Boyd,11507
Val Kilmer,37931
Kristen Wiig,37931
Will Forte,37931
Maya Rudolph,37931
Ryan Phillippe,37931
Chiwetel Ejiofor,3472
Sophie Okonedo,3472
Audrey Tautou,3472
Sergi López,3472
Benedict Wong,3472
Emma Stone,87818
Kate Winslet,87818
Hugh Jackman,87818
Halle Berry,87818
Anna Faris,87818
Paul Rudd,13160
Lake Bell,13160
Eva Longoria,13160
Jason Biggs,13160
Lindsay Sloane,13160
Keira Knightley,88005
Steve Carell,88005
Adam Brody,88005
Rob Corddry,88005
Connie Britton,88005
Sigourney Weaver,52067
John C. Reilly,52067
Anne Heche,52067
Ed Helms,52067
Rob Corddry,52067
Edward Norton,73
Edward Furlong,73
Avery Brooks,73
Beverly D'Angelo,73
Jennifer Lien,73
Christopher McDonald,134597
Josh Stewart,134597
Emma Fitzpatrick,134597
Lee Tergesen,134597
Erin Way,134597
Kelsey Grammer,24034
Nathan Lane,24034
David Ogden Stiers,24034
Debra Jo Rupp,24034
Shaun Fleming,24034
Carlo Cecchi,14283
Irene Grazioli,14283
Anita Laurenzi,14283
Tommaso Puntelli,14283
Samuele Amighetti,14283
Sissy Spacek,404
Richard Farnsworth,404
Jane Galloway Heitz,404
Joseph A. Carpenter,404
Donald Wiegert,404
Norman Reedus,13201
Stephen Dorff,13201
Fairuza Balk,13201
Brad Renfro,13201
Max Perlich,13201
Jason Bateman,209403
Allison Janney,209403
Kathryn Hahn,209403
Philip Baker Hall,209403
Rohan Chand,209403
Simon Pegg,7942
Thandie Newton,7942
Hank Azaria,7942
Dylan Moran,7942
Harish Patel,7942
Randy Quaid,73247
Andy Kaufman,73247
Bernadette Peters,73247
Kenneth McMillan,73247
Melanie Mayron,73247
Kevin Costner,253331
Jennifer Ehle,253331
Octavia Spencer,253331
Jillian Estell,253331
Gillian Jacobs,253331
Emmanuelle Chriqui,34043
Lance Bass,34043
Joey Fatone,34043
James Bulliard,34043
Al Green,34043
Christian Bale,9952
Steve Zahn,9952
Marshall Bell,9952
Toby Huss,9952
Pat Healy,9952
Christopher Plummer,256924
Bobby Cannavale,256924
Al Pacino,256924
Annette Bening,256924
Jennifer Garner,256924
Susan Sarandon,82532
Jason Segel,82532
Ed Helms,82532
Judy Greer,82532
Rae Dawn Chong,82532
Tilda Swinton,41110
Gabriele Ferzetti,41110
Flavio Parenti,41110
Edoardo Gabbriellini,41110
Alba Rohrwacher,41110
Samantha Mathis,134371
Jason Beghe,134371
Esai Morales,134371
Patrick Fabian,134371
Kim Rhodes,134371
Gary Oldman,2088
Roy Scheider,2088
Annabella Sciorra,2088
Lena Olin,2088
Juliette Lewis,2088
Luis Guzmán,10388
Terence Stamp,10388
Barry Newman,10388
Lesley Ann Warren,10388
Joe Dallesandro,10388
Don Cheadle,1640
Michael Peña,1640
Sandra Bullock,1640
Matt Dillon,1640
Jennifer Esposito,1640
Dan Aykroyd,25520
Gillian Anderson,25520
Anthony LaPaglia,25520
Terry Kinney,25520
Eleanor Bron,25520
Cliff Robertson,27342
Burt Reynolds,27342
Kenneth McMillan,27342
Cynthia Gibb,27342
Scott Wilson,27342
Nick Nolte,13689
Amy Smart,13689
Ashton Holmes,13689
Scott Mechlowicz,13689
Tim DeKay,13689
Christina Ricci,67911
Nick Swardson,67911
Stephen Dorff,67911
Don Johnson,67911
Ido Mosseri,67911
Jada Pinkett Smith,24664
Michael Rapaport,24664
Damon Wayans,24664
Tommy Davidson,24664
Savion Glover,24664
Natalie Dormer,329440
Taylor Kinney,329440
Yukiyoshi Ozawa,329440
Eoin Macken,329440
Rina Takasaki,329440
Frank Langella,47890
John Gielgud,47890
Lesley-Anne Down,47890
Maurice Ronet,47890
Vic Tablian,47890
Naomi Watts,252512
Ben Stiller,252512
Amanda Seyfried,252512
Charles Grodin,252512
Adam Driver,252512
Demián Bichir,55720
José Julián,55720
Chelsea Rendon,55720
Dolores Heredia,55720
Joaquín Cosio,55720
Ralph Fiennes,9613
Gabriel Byrne,9613
John Neville,9613
Miranda Richardson,9613
Lynn Redgrave,9613
Oliver Platt,29076
Liam Neeson,29076
Sandra Bullock,29076
José Zúñiga,29076
Michael DeLorenzo,29076
Charlie Hunnam,29339
Christopher Plummer,29339
Jamie Bell,29339
Jim Broadbent,29339
Nathan Lane,29339
Michael Shannon,68812
Chris Evans,68812
David Schwimmer,68812
Winona Ryder,68812
Ray Liotta,68812
Hrithik Roshan,32740
Naseeruddin Shah,32740
Priyanka Chopra,32740
Rekha,32740
Sharat Saxena,32740
Alicia Witt,14195
Stephen Dorff,14195
Melanie Griffith,14195
Adrian Grenier,14195
Lawrence Gilliard Jr.,14195
Thomas Haden Church,73567
Juno Temple,73567
Matthew McConaughey,73567
Emile Hirsch,73567
Gina Gershon,73567
Demi Moore,41479
David Duchovny,41479
Amber Heard,41479
Benjamin Hollingsworth,41479
Lauren Hutton,41479
Philip Seymour Hoffman,15394
John Hurt,15394
Maury Chaykin,15394
Minnie Driver,15394
Ian Tracey,15394
Kristen Wiig,10071
Will Arnett,10071
Will Forte,10071
Chi McBride,10071
Lee Majors,10071
Rachel Weisz,1989
Natalie Portman,1989
Jude Law,1989
David Strathairn,1989
Norah Jones,1989
John Turturro,91076
Susan Sarandon,91076
Rufus Sewell,91076
Christopher Walken,91076
Beverly D'Angelo,91076
Elizabeth Banks,12779
Bruce Greenwood,12779
Madonna,12779
Adriano Giannini,12779
Michael Beattie,12779
Joan Cusack,13191
John Cusack,13191
Dan Aykroyd,13191
Marisa Tomei,13191
Hilary Duff,13191
Stephen Chow,11770
Ng Man-Tat,11770
Patrick Tse Yin,11770
Zhao Wei,11770
Wong Yat-Fei,11770
Vincent Gallo,12703
Chloë Sevigny,12703
Cheryl Tiegs,12703
Elizabeth Blake,12703
Anna Vareschi,12703
Isabelle Huppert,64559
François Cluzet,64559
Michel Serrault,64559
Jean-François Balmer,64559
Shohreh Aghdashloo,222649
Gael García Bernal,222649
Jason Jones,222649
Haluk Bilginer,222649
Nasser Faris,222649
Olivier Martinez,115872
Aitana Sánchez-Gijón,115872
Romane Bohringer,115872
Didier Bezace,115872
Ralph Fiennes,101173
Gerard Butler,101173
Jessica Chastain,101173
Ashraf Barhom,101173
Lubna Azabal,101173
Sigourney Weaver,25350
Michelle Williams,25350
Emile Hirsch,25350
Jeff Daniels,25350
Ryan Donowho,25350
Michael Gambon,10034
Kevin McNally,10034
Minnie Driver,10034
Mary McCormack,10034
Danny Dyer,10034
Daryl Sabara,20178
Robin Williams,20178
Geoff Pierson,20178
Henry Simmons,20178
Alexie Gilmore,20178
Toby Stephens,5072
Tim McInnerny,5072
Laura Harris,5072
Danny Dyer,5072
Babou Ceesay,5072
William H. Macy,18191
Denise Richards,18191
Joe Mantegna,18191
Mena Suvari,18191
Bokeem Woodbine,18191
Kristen Stewart,31007
James Gandolfini,31007
Melissa Leo,31007
Ally Sheedy,31007
Joe Chrest,31007
G. W. Bailey,11546
George Gaynes,11546
Leslie Easterbrook,11546
Michael Winslow,11546
David Graf,11546
Michael Rooker,41894
Omar Benson Miller,41894
Natalie Alyn Lind,41894
Emily Alyn Lind,41894
Lee Norris,41894
Kuno Becker,184374
Christian Vazquez,184374
Liz Gallardo,184374
Angélica Aragón,184374
Ginés García Millán,184374
Christopher Plummer,268171
Chris Noth,268171
Shirley MacLaine,268171
Marcia Gay Harden,268171
Scott Bakula,268171
Jackie Chan,78149
Sylvester Stallone,78149
Eric Idle,78149
Whoopi Goldberg,78149
Ryan O'Neal,78149
Jeff Bridges,24663
Kate Mara,24663
Justin Timberlake,24663
Mary Steenburgen,24663
Harry Dean Stanton,24663
Scott Porter,39037
Andrew McCarthy,39037
Colin Egglesfield,39037
Alexis Bledel,39037
Anna Chlumsky,39037
Uma Thurman,22805
Anthony Edwards,22805
Minnie Driver,22805
David Schallipp,22805
Matthew Schallipp,22805
Madison Pettis,39055
Corbin Bleu,39055
Sandra Echeverría,39055
Nicole Kidman,245846
Hugo Weaving,245846
Joseph Fiennes,245846
Lisa Flanagan,245846
Megan Alston,245846
Julio Oscar Mechoso,25186
Ice Cube,25186
Mike Epps,25186
Young Jeezy,25186
Darris Love,25186
Andy Dick,15017
Penelope Ann Miller,15017
Jessica Simpson,15017
Rachael Leigh Cook,15017
Luke Wilson,15017
Elijah Wood,12245
John Hurt,12245
Jim Carter,12245
Leonor Watling,12245
Julie Cox,12245
Adrienne Pickering,49787
Zoe Naylor,49787
Gyton Grantley,49787
Damian Walshe-Howling,49787
Kieran Darcy-Smith,49787
Famke Janssen,16358
Hank Azaria,16358
Zooey Deschanel,16358
Jesse Bradford,16358
Glenne Headly,16358
Nathan Fillion,7006
Katee Sackhoff,7006
Craig Fairbrass,7006
Adrian Holmes,7006
Teryl Rothery,7006
Tyrone Brown,66767
Mishael Morgan,66767
Nikki Grant,66767
Chase Armitage,66767
Ray Johnson,66767
Ben Kingsley,17622
Jim Sturgess,17622
Kevin Zegers,17622
Rose McGowan,17622
Tom Collins,17622
Rob Schneider,283671
Drake Bell,283671
Brianne Siddall,283671
Joey D'Auria,283671
Jessica DiCicco,283671
Willem Dafoe,18516
Jeff Goldblum,18516
Ayelet Zurer,18516
Derek Jacobi,18516
Hana Laslo,18516
Ingvar Eggert Sigurðsson,217708
Charlotte Bøving,217708
Steinn Ármann Magnússon,217708
Kristbjörg Kjeld,217708
Helgi Björnsson,217708
Mark Addy,42057
Sally Hawkins,42057
Shabana Azmi,42057
Goldy Notay,42057
Sendhil Ramamurthy,42057
Ron Perlman,17577
Ray Winstone,17577
Cuba Gooding Jr.,17577
Taryn Manning,17577
Stephanie Jacobsen,17577
Irrfan Khan,14608
Kristin Kreuk,14608
Neve Campbell,14608
Jimi Mistry,14608
John Light,14608
Jimmi Simpson,34417
Luke Perry,34417
LeAnn Rimes,34417
Song Kang-ho,15067
Lee Byung-hun,15067
Jung Woo-sung,15067
Yoon Je-moon,15067
Song Young-chang,15067
Kathleen Turner,78383
Judd Nelson,78383
Paz de la Huerta,78383
Boris Kodjoe,78383
Katrina Bowden,78383
Sienna Guillory,43090
Graham Greene,43090
Callum Keith Rennie,43090
Dustin Milligan,43090
Tyler Mane,43090
Jesse Eisenberg,16614
Bill Hader,16614
Kristen Stewart,16614
Kristen Wiig,16614
Martin Starr,16614
Andy García,9700
Enrique Murciano,9700
Dominik García-Lorido,9700
Richard Bradford,9700
Nestor Carbonell,9700
John Witherspoon,10471
Ice Cube,10471
Mike Epps,10471
Don Curry,10471
Justin Pierce,10471
Adrien Brody,250066
Jordana Brewster,250066
Hayden Christensen,250066
Akon,250066
Laura Cayouette,250066
Sean Connery,667
Akiko Wakabayashi,667
Karin Dor,667
Mie Hama,667
Tetsurō Tamba,667
Will Poulter,208869
Ed Speleers,208869
Alfie Allen,208869
Emma Rigby,208869
Sebastian de Souza,208869
Isabelle Huppert,86837
Emmanuelle Riva,86837
Jean-Louis Trintignant,86837
William Shimell,86837
Rita Blanco,86837
Lara Flynn Boyle,10306
Tom Skerritt,10306
Heather O'Rourke,10306
Nancy Allen,10306
Kipley Wentz,10306
Scott Adkins,106845
Daniella Alonso,106845
Roger Cross,106845
Bruce Payne,106845
Jesse Garcia,106845
Mickey Rooney,11576
Spencer Tracy,11576
Milton Berle,11576
Sid Caesar,11576
Buddy Hackett,11576
Penélope Cruz,219
Lola Dueñas,219
Carmen Maura,219
Blanca Portillo,219
Yohana Cobo,219
Rodger Bumpass,11827
John Candy,11827
Jackie Burroughs,11827
Harold Ramis,11827
Joe Flaherty,11827
Sam Rockwell,22820
Jemaine Clement,22820
Michael Angarano,22820
Jennifer Coolidge,22820
Clive Revill,22820
Ian McKellen,31174
Jim Broadbent,31174
Annette Bening,31174
Kristin Scott Thomas,31174
Adrian Dunbar,31174
James Marsden,244316
Scott Glenn,244316
Piper Perabo,244316
Thomas Jane,244316
Michaela McManus,244316
Kabir Bedi,37737
Hrithik Roshan,37737
Bárbara Mori,37737
Kangana Ranaut,37737
Nicholas Brown,37737
Kirsten Dunst,62215
Kiefer Sutherland,62215
John Hurt,62215
Charlotte Rampling,62215
Charlotte Gainsbourg,62215
Luke Ford,66125
Josh Lucas,66125
Arthur Angel,66125
Rachael Taylor,66125
Rohan Nichol,66125
Shah Rukh Khan,132316
Katrina Kaif,132316
Anushka Sharma,132316
Anupam Kher,132316
Bindal Parikh,132316
Sigourney Weaver,348
John Hurt,348
Tom Skerritt,348
Harry Dean Stanton,348
Veronica Cartwright,348
Marilyn Burns,30497
Allen Danziger,30497
Paul A. Partain,30497
William Vail,30497
Teri McMinn,30497
Michael Shannon,27586
Kristen Stewart,27586
Dakota Fanning,27586
Riley Keough,27586
Stella Maeve,27586
Chaim Topol,14811
Norma Crane,14811
Leonard Frey,14811
Molly Picon,14811
Paul Mann,14811
Sean Connery,660
Claudine Auger,660
Adolfo Celi,660
Luciana Paluzzi,660
Rik Van Nutter,660
Josh Hutcherson,68684
Spencer Locke,68684
Dane Cook,68684
Shanley Caswell,68684
A.D. Johnson,68684
Nicole Grimaudo,40794
Riccardo Scamarcio,40794
Alessandro Preziosi,40794
Lunetta Savino,40794
Ennio Fantastichini,40794
Jada Pinkett Smith,9400
Queen Latifah,9400
Kimberly Elise,9400
Vivica A. Fox,9400
Blair Underwood,9400
Terrence Howard,16162
Harold Perrineau,16162
Sanaa Lathan,16162
Morris Chestnut,16162
Nia Long,16162
Brad Dourif,10585
Chris Sarandon,10585
Catherine Hicks,10585
Alex Vincent,10585
Dinah Manoff,10585
Billy Crystal,2359
Michael Moore,2359
George W. Bush,2359
Bill Clinton,2359
Hillary Clinton,2359
Carmen Ejogo,238636
Frank Grillo,238636
Zach Gilford,238636
Kiele Sanchez,238636
Zoë Borde,238636
Julia Stiles,10472
Freddie Prinze Jr.,10472
Selma Blair,10472
Shawn Hatosy,10472
Zak Orth,10472
Neil Patrick Harris,11282
Kal Penn,11282
David Krumholtz,11282
Paula Garcés,11282
John Cho,11282
Gary Oldman,6521
Jeff Bridges,6521
Sam Elliott,6521
Joan Allen,6521
Christian Slater,6521
Ben Affleck,14181
Vin Diesel,14181
Giovanni Ribisi,14181
Nia Long,14181
Tom Everett Scott,14181
Eddie Murphy,1621
Jamie Lee Curtis,1621
Dan Aykroyd,1621
Jim Belushi,1621
Denholm Elliott,1621
Mary Elizabeth Winstead,9656
Michelle Trachtenberg,9656
Katie Cassidy,9656
Lacey Chabert,9656
Kristen Cloke,9656
Jamie Foxx,16428
Gabrielle Union,16428
Morris Chestnut,16428
Jennifer Esposito,16428
Peter MacNicol,16428
Kenneth Branagh,10705
Brian Blessed,10705
Derek Jacobi,10705
James Larkin,10705
Paul Scofield,10705
Philip Seymour Hoffman,8272
Laura Linney,8272
Philip Bosco,8272
Cara Seymour,8272
Peter Friedman,8272
Sofía Vergara,24621
Roselyn Sánchez,24621
Eduardo Verástegui,24621
Jaci Velasquez,24621
Lisa Vidal,24621
Benicio del Toro,1619
James Caan,1619
Juliette Lewis,1619
Ryan Phillippe,1619
Taye Diggs,1619
Amanda Peet,9685
Jeff Goldblum,9685
Claire Danes,9685
Jared Harris,9685
Kieran Culkin,9685
David Spade,14425
Jeremy Piven,14425
Chris Young,14425
Megan Ward,14425
Sarah Trigger,14425
Abigail Breslin,14624
James Garner,14624
Drew Fuller,14624
Ali Hillis,14624
Bill Cobbs,14624
Anjelica Huston,10179
Robert Urich,10179
Mary Crosby,10179
Michael D. Roberts,10179
John Matuszak,10179
Carly Schroeder,15568
Jesse Lee Soffer,15568
Christopher Shand,15568
Karl Girolamo,15568
Vasilios Mantagas,15568
Maggie Gyllenhaal,14057
Billy Crudup,14057
Justin Bartha,14057
Julianne Moore,14057
David Duchovny,14057
Catherine Keener,12621
Steve Coogan,12621
Joseph Julian Soria,12621
Melonie Diaz,12621
Arnie Pantoja,12621
Christian Bale,1808
Ewan McGregor,1808
Jonathan Rhys Meyers,1808
Toni Collette,1808
Janet McTeer,1808
Kwak Do-won,293670
Hwang Jung-min,293670
Chun Woo-hee,293670
Jun Kunimura,293670
Kim Hwan-hee,293670
Gwyneth Paltrow,67675
Lea Michele,67675
Dianna Agron,67675
Darren Criss,67675
Chris Colfer,67675
Sarunyu Wongkrachang,27329
M.L. Piyapas Bhirombhakdi,27329
Chatchai Plengpanich,27329
Johnny Anfone,27329
Mai Charoenpura,27329
Adrienne Barbeau,29514
Harvey Keitel,29514
E.G. Marshall,29514
Ramy Zada,29514
Madeleine Potter,29514
Franck Dubosc,250349
Lambert Wilson,250349
Florence Foresti,250349
Guillaume de Tonquédec,250349
Jérôme Commandeur,250349
Timothy Spall,12454
James Corden,12454
Sally Hawkins,12454
Lesley Manville,12454
Ruth Sheen,12454
Will Patton,39806
Barry Pepper,39806
Q'orianka Kilcher,39806
Shaun Evans,39806
Jimmy Yuill,39806
Sapphire Boyce,15699
Christian Byers,15699
Vince Colosimo,15699
Jacqueline McKenzie,15699
Robert Morgan,15699
Mads Mikkelsen,8883
Thure Lindhardt,8883
Stine Stengade,8883
Peter Mygind,8883
Mille Lehfeldt,8883
Kip Pardue,17926
Shannyn Sossamon,17926
Carrie Fisher,17926
Steven Strait,17926
Pell James,17926
Andrew Garfield,291081
David Morrissey,291081
Warren Clarke,291081
John Henshaw,291081
Anthony Flanagan,291081
Catherine Deneuve,41248
Michel Blanc,41248
Émilie Dequenne,41248
Nicolas Duvauchelle,41248
Mathieu Demy,41248
David Thewlis,25968
Sarah Michelle Gellar,25968
Melissa Leo,25968
Jonathan Tucker,25968
Erika Christensen,25968
Paul Hogan,9671
Linda Kozlowski,9671
Michael Lombard,9671
Mark Blum,9671
David Gulpilil,9671
John Hurt,52010
Terence Stamp,52010
Sean Pertwee,52010
Donald Sumpter,52010
Steven Waddington,52010
Piper Perabo,11588
Robert Sean Leonard,11588
Stephen Rea,11588
Ryan Phillippe,11588
Sarah Polley,11588
Gyton Grantley,43418
Brendan Cowell,43418
Harrison Gilbertson,43418
Steve Le Marquand,43418
Alan Dukes,43418
Karin Viard,71157
Nicolas Duvauchelle,71157
JoeyStarr,71157
Marina Foïs,71157
Maïwenn,71157
Terrence Howard,13483
Jessica Alba,13483
Hayden Christensen,13483
Lena Olin,13483
Charlie Hewson,13483
Corey Burton,333355
Tom Kane,333355
Mat Lucas,333355
James Arnold Taylor,333355
André Sogliuzzo,333355
Ron Perlman,327833
Dolph Lundgren,327833
Michael Jai White,327833
Tony Jaa,327833
Celina Jade,327833
Kiefer Sutherland,1547
Jason Patric,1547
Dianne Wiest,1547
Corey Haim,1547
Corey Feldman,1547
Jeff Bridges,25196
Maggie Gyllenhaal,25196
Colin Farrell,25196
Robert Duvall,25196
Paul Herman,25196
Bette Midler,16323
David Keith,16323
Frederic Forrest,16323
Alan Bates,16323
Harry Dean Stanton,16323
Djimon Hounsou,175528
Paula Patton,175528
Adam Brody,175528
Christina Milian,175528
Taye Diggs,175528
Jane Fonda,8069
John Phillip Law,8069
Anita Pallenberg,8069
Marcel Marceau,8069
Claude Dauphin,8069
Gabriel Byrne,71805
Stian Smestad,71805
Louisa Milwood-Haigh,71805
Bjørn Sundquist,71805
Joachim Rafaelsen,71805
Reese Witherspoon,9451
Matthew Broderick,9451
Chris Klein,9451
Jessica Campbell,9451
Mark Harelik,9451
Irrfan Khan,16727
Jacinda Barrett,16727
Kal Penn,16727
Tabu,16727
Sahira Nair,16727
Bella Thorne,272693
Mae Whitman,272693
Robbie Amell,272693
Bianca A. Santos,272693
Skyler Samuels,272693
Terrence Howard,10696
Mariah Carey,10696
Max Beesley,10696
Valarie Pettiford,10696
Padma Lakshmi,10696
Katee Sackhoff,150202
Chad Michael Murray,150202
Abigail Spencer,150202
Cicely Tyson,150202
Emily Alyn Lind,150202
Sol Kyung-gu,19644
Heo Jun-ho,19644
Ahn Sung-Ki,19644
Jung Jae-young,19644
Im Won-hee,19644
Abbie Cornish,29963
Ben Whishaw,29963
Paul Schneider,29963
Kerry Fox,29963
Edie Martin,29963
Shah Rukh Khan,26022
Kajol,26022
Jimmy Shergill,26022
Zarina Wahab,26022
Tanay Chheda,26022
Robert Redford,152747
David Strathairn,62676
Kris Kristofferson,62676
Mary Elizabeth Mastrantonio,62676
Vanessa Martinez,62676
Akshay Kumar,20360
Katrina Kaif,20360
Rishi Kapoor,20360
Clive Standen,20360
Upen Patel,20360
Cillian Murphy,1116
Liam Cunningham,1116
Pádraic Delaney,1116
Orla Fitzgerald,1116
Gerard Kearney,1116
Deepika Padukone,185008
Ranbir Kapoor,185008
Kalki Koechlin,185008
Aditya Roy Kapoor,185008
Kunaal Roy Kapur,185008
Robert Taylor,11620
Deborah Kerr,11620
Leo Genn,11620
Peter Ustinov,11620
Patricia Laffan,11620
Alexa PenaVega,14353
Paris Hilton,14353
Paul Sorvino,14353
Anthony Stewart Head,14353
Sarah Brightman,14353
Billy Zane,11818
Muhammed Necati Şaşmaz,11818
Ghassan Massoud,11818
Gurkan Uygun,11818
Bergüzar Korel,11818
Samuel L. Jackson,680
John Travolta,680
Ving Rhames,680
Bruce Willis,680
Uma Thurman,680
Dave Goelz,11176
Frank Oz,11176
Jerry Nelson,11176
Jim Henson,11176
Richard Hunt,11176
Jake Gyllenhaal,242582
Bill Paxton,242582
Rene Russo,242582
Riz Ahmed,242582
Kevin Rahm,242582
Kevin Heffernan,11217
Erik Stolhanske,11217
Jay Chandrasekhar,11217
Paul Soter,11217
Tanja Reichert,11217
Christopher Plummer,15121
Julie Andrews,15121
Eleanor Parker,15121
Richard Haydn,15121
Peggy Wood,15121
Tom Hanks,2619
Eugene Levy,2619
Daryl Hannah,2619
John Candy,2619
Dody Goodman,2619
Steve Carell,773
Abigail Breslin,773
Greg Kinnear,773
Toni Collette,773
Paul Dano,773
Kiefer Sutherland,235
Jerry O'Connell,235
Corey Feldman,235
Wil Wheaton,235
River Phoenix,235
Naomie Harris,170
Cillian Murphy,170
Noah Huntley,170
Christopher Dunne,170
Emma Hitching,170
Marques Houston,14114
Omarion,14114
J-Boog,14114
Lil' Fizz,14114
Raz B,14114
Patrick McGoohan,10734
Clint Eastwood,10734
Fred Ward,10734
Roberts Blossom,10734
Jack Thibeau,10734
Queen Latifah,37964
Sanaa Lathan,37964
Yasiin Bey,37964
Nicole Ari Parker,37964
Taye Diggs,37964
Martin Lawrence,28121
Regina King,28121
Lynn Whitfield,28121
Della Reese,28121
Bobby Brown,28121
Bryce Dallas Howard,40807
Seth Rogen,40807
Joseph Gordon-Levitt,40807
Anna Kendrick,40807
Anjelica Huston,40807
Rachael Taylor,10885
Joshua Jackson,10885
Megumi Okina,10885
David Denman,10885
Eri Otoguro,10885
Miles Teller,225565
Michael B. Jordan,225565
Imogen Poots,225565
Zac Efron,225565
Mackenzie Davis,225565
Mary Kay Place,16471
Chevy Chase,16471
Dabney Coleman,16471
Patti D'Arbanville,16471
Nell Carter,16471
Mahershala Ali,385736
Kofi Siriboe,385736
Christopher Meyer,385736
Natalie Stephany Aguilar,385736
Christopher Jordan Wallace,385736
Michael Keaton,11971
Kenneth Branagh,11971
Keanu Reeves,11971
Robert Sean Leonard,11971
Richard Briers,11971
Gabriele Ferzetti,668
George Lazenby,668
Diana Rigg,668
Telly Savalas,668
Ilse Steppat,668
Miko Hughes,11596
Heather Langenkamp,11596
Robert Englund,11596
Wes Craven,11596
David Newsom,11596
Ali Larter,14429
Susan May Pratt,14429
Adrian Grenier,14429
Melissa Joan Hart,14429
Stephen Collins,14429
Laurence Fishburne,13751
Angela Bassett,13751
Keke Palmer,13751
Curtis Armstrong,13751
J.R. Villarreal,13751
Dave Chappelle,9490
Harland Williams,9490
Tommy Chong,9490
Guillermo Díaz,9490
Jim Breuer,9490
J.K. Simmons,14536
Renée Zellweger,14536
Harry Connick Jr.,14536
Siobhan Fallon,14536
Mike O'Brien,14536
Christian Bale,1359
Willem Dafoe,1359
Jared Leto,1359
Josh Lucas,1359
Samantha Mathis,1359
Jake Gyllenhaal,9962
John C. Reilly,9962
Zooey Deschanel,9962
Jennifer Aniston,9962
Deborah Rush,9962
Colm Feore,15049
Patrick Huard,15049
Michel Beaudry,15049
Patrice Bélanger,15049
Hugolin Chevrette-Landesque,15049
Billy Connolly,22821
Norman Reedus,22821
Clifton Collins Jr,22821
Julie Benz,22821
Sean Patrick Flanery,22821
Alexandra Maria Lara,42819
Omar Metwally,42819
Charlotte Gainsbourg,42819
Nicholas Blandullo,42819
Sofia Viruboff,42819
Catherine Keener,209263
James Gandolfini,209263
Toni Collette,209263
Julia Louis-Dreyfus,209263
Ben Falcone,209263
Emma Stone,37735
Stanley Tucci,37735
Lisa Kudrow,37735
Cam Gigandet,37735
Amanda Bynes,37735
Larenz Tate,59930
Joe Morton,59930
Suzzanne Douglas,59930
Vanessa Bell Calloway,59930
Glynn Turman,59930
Willem Dafoe,10873
John Malkovich,10873
Catherine McCormack,10873
Cary Elwes,10873
Udo Kier,10873
Faith Ford,51588
Nicholas Braun,51588
Aimee Teegarden,51588
Thomas McDonell,51588
Danielle Campbell,51588
Gwyneth Paltrow,23570
David Schwimmer,23570
Michael Rapaport,23570
Toni Collette,23570
Carol Kane,23570
Jamie Foxx,19489
Jake Busey,19489
Nia Long,19489
Barry Corbin,19489
John Cullum,19489
Penélope Cruz,14629
Mark Feuerstein,14629
Murilo Benicio,14629
John de Lancie,14629
Anne Ramsay,14629
Helena Bonham Carter,8293
Emma Thompson,8293
Anthony Hopkins,8293
Vanessa Redgrave,8293
Prunella Scales,8293
David Thewlis,291270
Jennifer Jason Leigh,291270
Tom Noonan,291270
Jim Broadbent,44009
Lesley Manville,44009
Peter Wight,44009
Ruth Sheen,44009
Oliver Maltman,44009
Emmanuelle Béart,1958
Virginie Ledoyen,1958
Isabelle Huppert,1958
Catherine Deneuve,1958
Fanny Ardant,1958
Tia Carrere,13154
Dolph Lundgren,13154
Cary-Hiroyuki Tagawa,13154
Brandon Lee,13154
Philip Tan,13154
Vince Vaughn,26618
Joaquin Phoenix,26618
Georgina Cates,26618
Janeane Garofalo,26618
Gregory Sporleder,26618
Viola Davis,43923
Zach Galifianakis,43923
Zoë Kravitz,43923
Emma Roberts,43923
Keir Gilchrist,43923
Bob Hoskins,46138
Miranda Richardson,46138
Sally Hawkins,46138
Geraldine James,46138
Simon Nehan,46138
Jim Broadbent,45791
Colin Firth,45791
Gina McKee,45791
Juliet Stevenson,45791
Sarah Lancashire,45791
Jared Leto,26306
Breckin Meyer,26306
Ed O'Neill,26306
R. Lee Ermey,26306
Lindsay Crouse,26306
Faye Dunaway,110683
Denholm Elliott,110683
Alan Bates,110683
John Gielgud,110683
Prunella Scales,110683
Brendan Gleeson,26963
Evan McGuire,26963
Christen Mooney,26963
Mick Lally,26963
Liam Hourican,26963
Keira Knightley,198277
Mark Ruffalo,198277
Catherine Keener,198277
Hailee Steinfeld,198277
Adam Levine,198277
Edward Norton,7870
Bruce Dern,7870
David Morse,7870
Rory Culkin,7870
Evan Rachel Wood,7870
Alec Baldwin,13072
Daniel Tay,13072
Paulo Araujo,13072
Ty Thomas Reed,13072
Brian O'Neill,13072
Michael Gambon,153397
Hayley Atwell,153397
Rufus Sewell,153397
Charlotte Rampling,153397
Michelle Dockery,153397
Robert Downey Jr.,30141
Katie Holmes,30141
Robin Wright,30141
Mel Gibson,30141
Jeremy Northam,30141
Rachel Weisz,17044
Paul Bettany,17044
Anna Friel,17044
Catherine McCormack,17044
Steven Mackintosh,17044
Billy Connolly,10288
Carrie-Anne Moss,10288
Henry Czerny,10288
Dylan Baker,10288
Kesun Loder,10288
Owen Wilson,12183
Eva Mendes,12183
Kris Kristofferson,12183
Jacob Vargas,12183
Luke Wilson,12183
Rupert Grint,44147
Bill Nighy,44147
Emily Blunt,44147
Eileen Atkins,44147
Rupert Everett,44147
Johnny Whitworth,12192
Milo Ventimiglia,12192
Alyssa Milano,12192
Michael Weston,12192
Lauren Lee Smith,12192
Tom Hardy,36597
Burn Gorman,36597
Sarah Lancashire,36597
Charlotte Riley,36597
Andrew Lincoln,36597
James Marsden,13197
Brian Dennehy,13197
Giovanni Ribisi,13197
Dennis Hopper,13197
Leo Rossi,13197
Bill Pullman,10913
Jamie Bell,10913
Michael Angarano,10913
Alison Pill,10913
Danso Gordon,10913
Jennifer Connelly,251321
Cillian Murphy,251321
Mélanie Laurent,251321
William Shimell,251321
Zen McGrath,251321
Mitsuo Iwata,149
Nozomu Sasaki,149
Mami Koyama,149
Tesshou Genda,149
Hiroshi Ohtake,149
Olivia Wilde,10425
Paul Walker,10425
Laurence Fishburne,10425
Michael Bowen,10425
Jason Lewis,10425
Roy Dupuis,49081
Michel Barrette,49081
Rémy Girard,49081
Tony Calabretta,49081
Sean Avery,49081
Alfred Molina,256687
Lennie James,256687
Jean-Claude Van Damme,256687
Brad Carter,256687
Josh Henderson,256687
Zhang Ziyi,220488
Leehom Wang,220488
Yao Chen,220488
Ruby Lin,220488
Ada Choi,220488
Lena Headey,1544
Piper Perabo,1544
Celia Imrie,1544
Matthew Goode,1544
Darren Boyd,1544
Eddie Murphy,374461
Britt Robertson,374461
Natascha McElhone,374461
Xavier Samuel,374461
Lucy Fry,374461
Charles Dance,302
Charlotte Rampling,302
Ludivine Sagnier,302
Jean-Marie Lamour,302
Marc Fayolle,302
Scott Adkins,182873
Kacey Clarke,182873
Joey Ansah,182873
Mark Wingett,182873
Roberta Taylor,182873
Vincent D'Onofrio,21512
Delroy Lindo,21512
Joan Chen,21512
Rutger Hauer,21512
Anna Katarina,21512
Steven Seagal,389425
Louis Mandylor,389425
Craig Sheffer,389425
Helena Mattsson,389425
Griff Furst,389425
Morgan Freeman,403
Dan Aykroyd,403
Jessica Tandy,403
Patti LuPone,403
Esther Rolle,403
Vivica A. Fox,29461
Mekhi Phifer,29461
Nia Long,29461
Michael Beach,29461
Brandon Hammond,29461
Jackie Chan,33542
Anita Mui,33542
Françoise Yip,33542
Bill Tung,33542
Marc Akerstream,33542
Viggo Mortensen,283708
Reda Kateb,283708
Djemel Barek,283708
Vincent Martin,283708
Nicolas Giraud,283708
Sam Elliott,9388
Aaron Eckhart,9388
Maria Bello,9388
Adam Brody,9388
Cameron Bright,9388
Heather Matarazzo,1691
Roger Bart,1691
Lauren German,1691
Bijou Phillips,1691
Richard Burgi,1691
Peter Sarsgaard,24684
Carey Mulligan,24684
Alfred Molina,24684
Olivia Williams,24684
Cara Seymour,24684
Claire Danes,2610
Steve Martin,2610
Frances Conroy,2610
Jason Schwartzman,2610
Bridgette Wilson,2610
Seth Green,11308
Jodie Foster,11308
Rob Lowe,11308
Beau Bridges,11308
Paul McCrane,11308
Jason Patric,11022
Chi McBride,11022
Ray Liotta,11022
Busta Rhymes,11022
Lloyd Adams,11022
Leslie Nielsen,34341
Paul Gross,34341
Peter Outerbridge,34341
Molly Parker,34341
Polly Shannon,34341
Larry the Cable Guy,15365
Peter Stormare,15365
Jenny McCarthy,15365
Yaphet Kotto,15365
Ivana Miličević,15365
Tiffany Dupont,36046
Sam Hennings,36046
Brenda Strong,36046
Eric Johnson,36046
Alexander Carroll,36046
Ben Affleck,12569
Mila Kunis,12569
J.K. Simmons,12569
Jason Bateman,12569
Kristen Wiig,12569
Penélope Cruz,24356
John Goodman,24356
Jeff Bridges,24356
Jessica Lange,24356
Bob Dylan,24356
Sandrine Kiberlain,55903
Nicole Garcia,55903
Mathilde Seigner,55903
Luck Mervil,55903
Stéphane Freiss,55903
Samantha Morton,2577
Tim Robbins,2577
Om Puri,2577
Nabil Elouahabi,2577
Emil Marwa,2577
Bob Hoskins,103903
Vincent Regan,103903
Jenny Agutter,103903
Phil Davis,103903
Calum MacNab,103903
Mia Wasikowska,73873
Brendan Gleeson,73873
Glenn Close,73873
Aaron Taylor-Johnson,73873
Pauline Collins,73873
Mickey Rourke,312113
Anne Heche,312113
Kim Basinger,312113
Sarah Wayne Callies,312113
Razaaq Adoti,312113
Rani Mukerji,14165
Saif Ali Khan,14165
Angelina Idnani,14165
Master Ali Haji,14165
Catherine Deneuve,2011
Simon Abkarian,2011
Chiara Mastroianni,2011
Danielle Darrieux,2011
Gabrielle Lopes Benites,2011
Bruce Dern,45650
Teri Polo,45650
Haley Bennett,45650
Chris Massoglia,45650
Nathan Gamble,45650
Jürgen Vogel,7735
Frederick Lau,7735
Max Riemelt,7735
Jennifer Ulrich,7735
Christiane Paul,7735
Elle Fanning,301365
Jena Malone,301365
Bella Heathcote,301365
Karl Glusman,301365
Abbey Lee,301365
Michael Caine,25941
Emily Mortimer,25941
Iain Glen,25941
Liam Cunningham,25941
Lee Oakes,25941
Michael Ironside,29064
Casper Van Dien,29064
Michael York,29064
Catherine Oxenberg,29064
Jan Tříska,29064
Ellen Page,7326
Jason Bateman,7326
Allison Janney,7326
Michael Cera,7326
Jennifer Garner,7326
Jean-Claude Van Damme,326284
John Ralston,326284
Darren Shahlavi,326284
Aki Aleong,326284
Jason Tobin,326284
Sean Connery,681
Jill St. John,681
Charles Gray,681
Lana Wood,681
Jimmy Dean,681
James Caan,238
Al Pacino,238
Robert Duvall,238
Marlon Brando,238
Richard S. Castellano,238
Jennifer Beals,535
Michael Nouri,535
Lilia Skala,535
Kyle T. Heffner,535
Sunny Johnson,535
Chloë Grace Moretz,19913
Joseph Gordon-Levitt,19913
Zooey Deschanel,19913
Matthew Gray Gubler,19913
Geoffrey Arend,19913
Cliff Curtis,713
Sam Neill,713
Holly Hunter,713
Harvey Keitel,713
Anna Paquin,713
Channing Tatum,77930
Matthew McConaughey,77930
Olivia Munn,77930
Alex Pettyfer,77930
Cody Horn,77930
Sullivan Stapleton,10727
Chaney Kley,10727
Emma Caulfield,10727
Lee Cormie,10727
Grant Piro,10727
Jane Seymour,253
Roger Moore,253
Yaphet Kotto,253
Clifton James,253
Julius Harris,253
Diane Lane,17908
Kevin Bacon,17908
Luke Wilson,17908
Frankie Muniz,17908
Chaon Cross,17908
Rachel Weisz,8390
Ryan Reynolds,8390
Elizabeth Banks,8390
Isla Fisher,8390
Abigail Breslin,8390
Paula Patton,57119
Angela Bassett,57119
Meagan Good,57119
Mike Epps,57119
Julie Bowen,57119
David Strathairn,3291
Jeff Daniels,3291
Alex Borstein,3291
Rose Abdoo,3291
Dianne Reeves,3291
Philip Seymour Hoffman,398
Allie Mickelson,398
Craig Archibald,398
Bronwen Coleman,398
Kate Shindle,398
Steve Buscemi,8068
Salma Hayek,8068
Antonio Banderas,8068
Joaquim de Almeida,8068
Cheech Marin,8068
Michael York,10803
Richard Jordan,10803
Jenny Agutter,10803
Roscoe Lee Browne,10803
Farrah Fawcett,10803
Roger Moore,682
Maud Adams,682
Christopher Lee,682
Britt Ekland,682
Hervé Villechaize,682
Sharon Stone,10117
Craig T. Nelson,10117
Thomas F. Wilson,10117
Carl Weathers,10117
Vanity,10117
Shauna Macdonald,9392
Natalie Mendoza,9392
Alex Reid,9392
Saskia Mulder,9392
MyAnna Buring,9392
Bill Murray,24977
Laurence Fishburne,24977
Michael Jordan,24977
Phil Jackson,24977
Bob Costas,24977
Allison Miller,79316
Zach Gilford,79316
Sam Anderson,79316
Robert Belushi,79316
Catherine Kresge,79316
Ben Stiller,2074
Téa Leoni,2074
Alan Alda,2074
Patricia Arquette,2074
Mary Tyler Moore,2074
William Forsythe,1696
Bill Moseley,1696
Sheri Moon Zombie,1696
Sid Haig,1696
Ken Foree,1696
Zoë Kravitz,308639
Kiersey Clemons,308639
Tony Revolori,308639
Shameik Moore,308639
Chanel Iman,308639
Stanley Tucci,22314
LL Cool J,22314
Nia Long,22314
Omar Epps,22314
Hill Harper,22314
Bill Moseley,2662
Sheri Moon Zombie,2662
Erin Daniels,2662
Karen Black,2662
Sid Haig,2662
John Ericson,77156
Ivor Francis,77156
Judith Novgrod,77156
Burr DeBenning,77156
Charles Aidman,77156
Michael Stuhlbarg,12573
Richard Kind,12573
Fred Melamed,12573
Sari Lennick,12573
Aaron Wolff,12573
Bill Murray,44718
Lucas Black,44718
Robert Duvall,44718
Sissy Spacek,44718
Bill Cobbs,44718
Richard E. Grant,11342
Julian Sands,11342
Lori Singer,11342
Mary Woronov,11342
Kevin O'Brien,11342
Danny Glover,241771
Minnie Driver,241771
Nate Parker,241771
Gugu Mbatha-Raw,241771
Machine Gun Kelly,241771
Nicholas Hoult,34653
Julianne Moore,34653
Colin Firth,34653
Matthew Goode,34653
Jon Kortajarena,34653
Willem Dafoe,11051
Harvey Keitel,11051
Barbara Hershey,11051
Harry Dean Stanton,11051
David Bowie,11051
Richard Jenkins,14578
Alec Baldwin,14578
Amy Smart,14578
Shawn Hatosy,14578
Jon Abrahams,14578
Naveen Andrews,57825
Aishwarya Rai Bachchan,57825
Martin Henderson,57825
Daniel Gillies,57825
Indira Varma,57825
Kenneth Branagh,9555
David Gulpilil,9555
Everlyn Sampi,9555
Tianna Sansbury,9555
Laura Monaghan,9555
Sherri Shepherd,15581
Mick Partridge,15581
Big Boi,15581
Lil Wayne,15581
Andy Milonakis,15581
Kim Cattrall,13006
Alun Armstrong,13006
Rutger Hauer,13006
Michael J. Pollard,13006
Alastair Duncan,13006
Anne Hathaway,16651
Christopher Gorham,16651
Joe Folau,16651
Miriama Smith,16651
Shah Rukh Khan,4251
Rani Mukerji,4251
Preity Zinta,4251
Amitabh Bachchan,4251
Hema Malini,4251
Tim Allen,12400
Chiwetel Ejiofor,12400
Alice Braga,12400
Randy Couture,12400
Jose Pablo Cantillo,12400
John C. Reilly,39053
Jonah Hill,39053
Catherine Keener,39053
Marisa Tomei,39053
Matt Walsh,39053
Jon Voight,104896
Jesse James,104896
Jack Warden,104896
Jeremy James Kissner,104896
Cheryl Ladd,104896
Willem Dafoe,14112
Maria Bello,14112
Greg Kinnear,14112
Rita Wilson,14112
Ron Leibman,14112
Guy Pearce,12271
Sienna Miller,12271
Hayden Christensen,12271
Jimmy Fallon,12271
Mena Suvari,12271
John C. Reilly,71859
Tilda Swinton,71859
Siobhan Fallon,71859
Ezra Miller,71859
Jasper Newell,71859
James Cosmo,226354
Hans Matheson,226354
Lesley Manville,226354
Samantha Barks,226354
Sylvester McCoy,226354
Carla Gugino,48620
Marley Shelton,48620
Ellen Burstyn,48620
David Boreanaz,48620
Jennifer Butler,48620
Tom Cruise,33676
Jackie Earle Haley,33676
Shelley Long,33676
John Stockwell,33676
"John P. Navin, Jr.",33676
Naomi Watts,37080
Samuel L. Jackson,37080
Kerry Washington,37080
Annette Bening,37080
Carla Gallo,37080
Ian Holm,25388
Gene Hackman,25388
Catherine Deneuve,25388
Terence Hill,25388
Jack O'Halloran,25388
Jean Reno,11687
Christian Clavier,11687
Valérie Lemercier,11687
Marie-Anne Chazel,11687
Christian Bujeau,11687
Stephen Dorff,39210
Chris Pontius,39210
Erin Wasson,39210
Alexandra Williams,39210
Nathalie Fay,39210
Jesse Bradford,30128
Traci Lords,30128
Matt Czuchry,30128
Marika Dominczyk,30128
Geoff Stults,30128
M. Emmet Walsh,31535
Larry Miller,31535
Jack Warden,31535
Scott 'Carrot Top' Thompson,31535
Courtney Thorne-Smith,31535
Rainn Wilson,44835
Joseph Gordon-Levitt,44835
Natalie Portman,44835
Frank Collison,44835
Audrey Wasilewski,44835
Emilia Clarke,192134
Jude Law,192134
Richard E. Grant,192134
Demián Bichir,192134
Matthew C. Martino,192134
Casey Affleck,1956
Matt Damon,1956
Helena Bonham Carter,24985
Paul Bettany,24985
Olivia Williams,24985
Eleanor Bron,24985
Tom Ward,24985
Michael Shannon,306745
Steve Carell,306745
Ellen Page,306745
Julianne Moore,306745
Luke Grimes,306745
Kevin Kline,47088
John C. Reilly,47088
Katie Holmes,47088
Dan Hedaya,47088
Paul Dano,47088
Yuriy Tsurilo,110402
Leonid Yarmolnik,110402
Natalya Moteva,110402
Aleksandr Chutko,110402
Aleksandr Ilin,110402
Chris Hemsworth,27004
Sean Bean,27004
Mike Starr,27004
Victoria Profeta,27004
Thampy Antony,27004
Nicholas Hoult,15013
Julie Walters,15013
Gabriel Byrne,15013
Emily Watson,15013
Miranda Richardson,15013
Willem Dafoe,8374
Norman Reedus,8374
Sean Patrick Flanery,8374
David Della Rocco,8374
David Ferry,8374
Gordon Lam Ka-Tung,277519
Louis Koo,277519
Dada Chan,277519
Janelle Sing,277519
Michael Wong,277519
Elle Fanning,78381
Val Kilmer,78381
Bruce Dern,78381
Ben Chaplin,78381
Joanne Whalley,78381
Ivan Okhlobystin,164372
Dmitriy Nagiev,164372
Lyudmila Artemeva,164372
Anna Ardova,164372
Elizaveta Arzamasova,164372
Dee Dee Greene,294512
Ben Diskin,294512
Lindsay Torrance,294512
Kate Higgins,294512
Christopher Corey Smith,294512
Clint Eastwood,8879
Michael Moriarty,8879
Richard Dysart,8879
Chris Penn,8879
Carrie Snodgress,8879
Beau Bridges,13001
Ben Browder,13001
Amanda Tapping,13001
Christopher Judge,13001
Michael Shanks,13001
Jason London,9571
Rory Cochrane,9571
Wiley Wiggins,9571
Sasha Jenson,9571
Michelle Burke,9571
Vanessa Hudgens,13649
Zac Efron,13649
Lucas Grabeel,13649
Ashley Tisdale,13649
Corbin Bleu,13649
Dane DeHaan,325373
Tatiana Maslany,325373
John Ralston,325373
Gordon Pinsent,325373
Joel Gagne,325373
John Travolta,334527
Jackie Earle Haley,334527
Michael Pitt,334527
Dan Stevens,334527
Travis Aaron Wade,334527
Heike Makatsch,2211
Johanna Wokalek,2211
Juliane Köhler,2211
Maria Schrader,2211
Elisabeth Degen,2211
Justin Chatwin,13919
Jamie Bell,13919
Glenn Close,13919
Camilla Belle,13919
Kathi Copeland,13919
Jamie Foxx,14576
Thandie Newton,14576
Gabriel Byrne,14576
Stuart Townsend,14576
Roger Guenveur Smith,14576
Jennifer Lawrence,82505
Elisabeth Shue,82505
Gil Bellows,82505
Max Thieriot,82505
Nolan Gerard Funk,82505
Lubna Azabal,46738
Rémy Girard,46738
Mélissa Désormeaux-Poulin,46738
Maxim Gaudette,46738
Allen Altman,46738
Monica Bellucci,38970
Laura Morante,38970
Fabrizio Bentivoglio,38970
Silvio Muccino,38970
Nicoletta Romanoff,38970
Brendan Gleeson,41009
Jim Broadbent,41009
Cillian Murphy,41009
Padraic Delaney,41009
Natalie Britton,41009
Wagner Moura,7347
Caio Junqueira,7347
André Ramiro,7347
Milhem Cortaz,7347
Fernanda Machado,7347
Alfre Woodard,250546
Annabelle Wallis,250546
Ward Horton,250546
Tony Amendola,250546
Eric Ladin,250546
Geoffrey Rush,38415
Ernie Dingo,38415
Rocky McKenzie,38415
Jessica Mauboy,38415
Missy Higgins,38415
Cuba Gooding Jr.,650
Laurence Fishburne,650
Angela Bassett,650
Morris Chestnut,650
Ice Cube,650
Lou Diamond Phillips,16620
Elizabeth Peña,16620
Esai Morales,16620
Danielle von Zerneck,16620
Rosanna DeSoto,16620
Alan Alda,25113
Len Cariou,25113
Carol Burnett,25113
Sandy Dennis,25113
Rita Moreno,25113
Michael Caine,11033
Dennis Franz,11033
Nancy Allen,11033
Angie Dickinson,11033
Keith Gordon,11033
Ron Perlman,34723
Robbie Coltrane,34723
Elijah Wood,34723
Courtney B. Vance,34723
Jason Robards,34723
William Fichtner,9430
Katie Holmes,9430
Timothy Olyphant,9430
Jay Mohr,9430
Sarah Polley,9430
Joan Cusack,8998
Catherine Keener,8998
Jason Isaacs,8998
Jennifer Aniston,8998
Timm Sharp,8998
James Olson,10514
Arthur Hill,10514
David Wayne,10514
Kate Reid,10514
Paula Kelly,10514
Dina Meyer,10496
Bob Gunton,10496
Lou Diamond Phillips,10496
Leon Robinson,10496
Carlos Jacott,10496
Juliane Köhler,1591
Merab Ninidze,1591
Sidede Onyulo,1591
Matthias Habich,1591
Lea Kurka,1591
Michael Fassbender,76025
Carey Mulligan,76025
James Badge Dale,76025
Nicole Beharie,76025
Alex Manette,76025
Daniel Craig,4836
Tom Hardy,4836
Colm Meaney,4836
Sally Hawkins,4836
George Harris,4836
Sam Hennings,14631
Brenda Strong,14631
Eric Johnson,14631
Alexander Carroll,14631
Brighton Hertford,14631
Alexander Skarsgård,87499
Toby Kebbell,87499
Ellen Page,87499
Shiloh Fernandez,87499
Brit Marling,87499
Colin Farrell,18923
Robin Wright,18923
Sissy Spacek,18923
Dallas Roberts,18923
Ryan Donowho,18923
Stellan Skarsgård,26665
Lena Headey,26665
Ian Hart,26665
Charlotte Rampling,26665
Louise Goodall,26665
Samantha Morton,28089
Woody Harrelson,28089
Ben Foster,28089
Eamonn Walker,28089
Jena Malone,28089
Ray Winstone,62255
Temuera Morrison,62255
Andy Anderson,62255
Gareth Reeves,62255
Mark Mitchinson,62255
Samantha Morton,5708
Sam Riley,5708
Joe Anderson,5708
Alexandra Maria Lara,5708
James Anthony Pearson,5708
Arnold Schwarzenegger,218
Linda Hamilton,218
Michael Biehn,218
Lance Henriksen,218
Paul Winfield,218
Daniel Brühl,338
Katrin Sass,338
Chulpan Khamatova,338
Maria Simon,338
Florian Lukas,338
Jim Broadbent,21641
Timothy Spall,21641
Colm Meaney,21641
Michael Sheen,21641
Maurice Roeves,21641
James Karen,10925
Clu Gulager,10925
Don Calfa,10925
Thom Mathews,10925
John Philbin,10925
Ben Affleck,2293
Jason Lee,2293
Claire Forlani,2293
Jeremy London,2293
Shannen Doherty,2293
John Travolta,621
Stockard Channing,621
Olivia Newton-John,621
Jeff Conaway,621
Didi Conn,621
Willem Dafoe,792
Forest Whitaker,792
Charlie Sheen,792
Tom Berenger,792
John C. McGinley,792
Ben Affleck,1777
Robert De Niro,1777
Michael Moore,1777
George W. Bush,1777
Stevie Wonder,1777
Robert Redford,642
Paul Newman,642
Katharine Ross,642
Strother Martin,642
Henry Jones,642
Julie Andrews,433
Dick Van Dyke,433
David Tomlinson,433
Glynis Johns,433
Hermione Baddeley,433
M. Emmet Walsh,16619
Donald Sutherland,16619
Judd Hirsch,16619
Timothy Hutton,16619
Mary Tyler Moore,16619
Natalie Wood,1725
Richard Beymer,1725
Rita Moreno,1725
Russ Tamblyn,1725
George Chakiris,1725
Bill Murray,11977
Chevy Chase,11977
Michael O'Keefe,11977
Rodney Dangerfield,11977
Ted Knight,11977
Morris Chestnut,20322
Bill Bellamy,20322
D. L. Hughley,20322
Shemar Moore,20322
Tatyana Ali,20322
Richard T. Jones,16158
Omar Epps,16158
Taye Diggs,16158
Malinda Williams,16158
Sean Nelson,16158
Gabriel Byrne,629
Kevin Pollak,629
Pete Postlethwaite,629
Stephen Baldwin,629
Chazz Palminteri,629
Robert Englund,10160
Lisa Wilcox,10160
Erika Anderson,10160
Valorie Armstrong,10160
Michael Ashton,10160
Ryan Reynolds,11452
Kal Penn,11452
Tara Reid,11452
Simon Helberg,11452
Tim Matheson,11452
Mickey Rourke,12163
Marisa Tomei,12163
Evan Rachel Wood,12163
Mark Margolis,12163
Todd Barry,12163
Gregory Peck,32275
Joseph Cotten,32275
Jennifer Jones,32275
Lionel Barrymore,32275
Herbert Marshall,32275
Parker Posey,13785
Catherine O'Hara,13785
Eugene Levy,13785
Jay Brazeau,13785
Michael Hitchcock,13785
Kurt Russell,1103
Isaac Hayes,1103
Ernest Borgnine,1103
Donald Pleasence,1103
Lee Van Cleef,1103
Samuel L. Jackson,36739
Laurence Fishburne,36739
Ossie Davis,36739
Giancarlo Esposito,36739
Tisha Campbell-Martin,36739
Cuba Gooding Jr.,14144
Richard Gant,14144
Lochlyn Munro,14144
Tamala Jones,14144
Paul Rae,14144
Jackie Chan,10622
Richard Norton,10622
Miki Lee,10622
Gabrielle Fitzpatrick,10622
Karen McLymont,10622
John Michael Higgins,13370
Jane Lynch,13370
Bob Balaban,13370
Eugene Levy,13370
Christopher Guest,13370
Vincent D'Onofrio,11191
Julia Roberts,11191
Lili Taylor,11191
Annabeth Gish,11191
William R. Moses,11191
Gwyneth Paltrow,10215
John Hannah,10215
Jeanne Tripplehorn,10215
John Lynch,10215
Zara Turner,10215
David Alan Grier,25066
Corbin Bernsen,25066
Clarence Williams III,25066
Wings Hauser,25066
Duane Whitaker,25066
James McAvoy,1523
Kerry Washington,1523
Forest Whitaker,1523
Simon McBurney,1523
Gillian Anderson,1523
Donald Pleasence,11361
Danielle Harris,11361
Ellie Cornell,11361
Beau Starr,11361
Don Shanks,11361
Jack Black,92591
Matthew McConaughey,92591
Shirley MacLaine,92591
Brady Coleman,92591
Tommy G. Kendrick,92591
Charlotte Rampling,57612
Daryl Hannah,57612
Jennifer Connelly,12509
Ed Harris,12509
Marcia Gay Harden,12509
Tom Bower,12509
Bud Cort,12509
Ben Affleck,15256
Casey Affleck,15256
Kate Hudson,15256
Dave Chappelle,15256
Janeane Garofalo,15256
Zoe Saldana,83686
Olivia Wilde,83686
Dennis Quaid,83686
Bradley Cooper,83686
Jeremy Irons,83686
Will Ferrell,80304
Diego Luna,80304
Gael García Bernal,80304
Efren Ramirez,80304
Génesis Rodríguez,80304
Andy García,28053
Julianna Margulies,28053
Dominik García-Lorido,28053
Steven Strait,28053
Ezra Miller,28053
Don Cheadle,67913
Mark Strong,67913
Brendan Gleeson,67913
Liam Cunningham,67913
Katarina Cas,67913
Drake Bell,13991
Andrew Caldwell,13991
Andree Moss,13991
Carolyn Moss,13991
Wendy Talley,13991
Kirsten Dunst,1443
Josh Hartnett,1443
James Woods,1443
Kathleen Turner,1443
Michael Paré,1443
Michael Caine,8545
Ewan McGregor,8545
Jim Broadbent,8545
Jane Horrocks,8545
Brenda Blethyn,8545
Craig Robinson,19556
Zach Cregger,19556
Trevor Moore,19556
Raquel Alessi,19556
Molly Stanton,19556
Zach Braff,231576
Joey King,231576
Kate Hudson,231576
Donald Faison,231576
Pierce Gagnon,231576
Sarah Michelle Gellar,16172
Dylan Baker,16172
Patricia Clarkson,16172
Sean Patrick Flanery,16172
Lawrence Gilliard Jr.,16172
John Cameron Mitchell,13403
Miriam Shor,13403
Stephen Trask,13403
Theodore Liscinski,13403
Rob Campbell,13403
Mark Dacascos,15797
Geoffrey Lewis,15797
Stacey Travis,15797
Paco Christian Prieto,15797
Todd Susman,15797
Alexis Kendra,347764
Elizabeth Sandy,347764
Monda Scott,347764
Woody Naismith,347764
Ray Grady,347764
Peter Sarsgaard,13537
Hayden Christensen,13537
Rosario Dawson,13537
Melanie Lynskey,13537
Chloë Sevigny,13537
Steve Martin,20794
Laura Dern,20794
Chelcie Ross,20794
Lynne Thigpen,20794
Polly Noonan,20794
Julia Stiles,31064
Stockard Channing,31064
Frederick Weller,31064
Marcus Giamatti,31064
Jack Hallett,31064
Ernest Borgnine,576
Warren Oates,576
William Holden,576
Robert Ryan,576
Edmond O'Brien,576
Famke Janssen,13990
Ben Kingsley,13990
Olivia Thirlby,13990
Josh Peck,13990
Mary-Kate Olsen,13990
Donald Sutherland,11583
Sean Connery,11583
Lesley-Anne Down,11583
Alan Webb,11583
Malcolm Terris,11583
Samantha Morton,18602
Kathleen McDermott,18602
James Wilson,18602
Dolly Wells,18602
Paul Popplewell,18602
Sarah Douglas,27549
Kari Wuhrer,27549
Wings Hauser,27549
Marc Singer,27549
Robert Fieldsteel,27549
Andie MacDowell,59728
Aidan Quinn,59728
Ryan Merriman,59728
Michael Harding,59728
Stacy Earl,59728
Nathalie Baye,10930
Benoît Magimel,10930
Mélanie Doutey,10930
Suzanne Flon,10930
Bernard Le Coq,10930
Carey Mulligan,32395
Pierce Brosnan,32395
Susan Sarandon,32395
Johnny Simmons,32395
Aaron Taylor-Johnson,32395
Hugh Jackman,58882
Li Bingbing,58882
Vivian Wu,58882
Jun Ji-hyun,58882
Jiang Wu,58882
Stacy Keach,7547
Jeffrey Donovan,7547
Ashley Judd,7547
Scott Wilson,7547
Laura Prepon,7547
Bill Nighy,35944
Christopher Plummer,35944
Timothy Spall,35944
Olivia Williams,35944
James Nesbitt,35944
Hal Holbrook,42222
Vanessa Redgrave,42222
Jane Fonda,42222
Jason Robards,42222
Maximilian Schell,42222
Matthew McConaughey,13827
Woody Harrelson,13827
Willie Nelson,13827
Jeffrey Nordling,13827
Zachary Knighton,13827
Noam Chomsky,44260
Bill Baird,44260
Flip Benham,44260
Hilary Swank,9282
Henry Thomas,9282
Clark Gregg,9282
Barbara Hershey,9282
Blake Heron,9282
Dolph Lundgren,38940
Catherine Bell,38940
BD Wong,38940
Charlotte Lewis,38940
Tim Guinee,38940
Thomas Haden Church,35689
M. Emmet Walsh,35689
Keith David,35689
Elisabeth Shue,35689
Melissa Leo,35689
Olivia Wilde,97614
Charlie Hunnam,97614
Eric Bana,97614
Kris Kristofferson,97614
Patrick Kerton,97614
Connie Nielsen,37206
Aidan Quinn,37206
John Bell,37206
Tara Alice Scully,37206
Niamh Shaw,37206
Cuba Gooding Jr.,58626
Cole Hauser,58626
Jonathan LaPaglia,58626
Ginny Weirick,58626
Sean Cook,58626
Michael Gambon,183894
Jonny Lee Miller,183894
Romola Garai,183894
Louise Dylan,183894
Blake Ritson,183894
James Woods,837
Sonja Smits,837
Deborah Harry,837
Peter Dvorsky,837
Jack Creley,837
Audrey Tautou,1555
Kelly Reilly,1555
Cécile de France,1555
Romain Duris,1555
Cristina Brondo,1555
Anne Hathaway,244783
Mary Steenburgen,244783
Johnny Flynn,244783
Ben Rosenfield,244783
Lola Kirke,244783
Jamie Campbell Bower,16564
Martijn Lakemeier,16564
Melody Klaver,16564
Yorick van Wageningen,16564
Raymond Thiry,16564
Crispin Glover,168027
Christian Slater,168027
Billy Burke,168027
Michael Jai White,168027
Breanne Racano,168027
Paul Scofield,3482
Suzanne Flon,3482
Burt Lancaster,3482
Jeanne Moreau,3482
Michel Simon,3482
John Billingsley,135595
Dermot Mulroney,135595
Mira Sorvino,135595
Trieu Tran,135595
Kiều Chinh,135595
Tony Jaa,8982
Petchtai Wongkamlao,8982
Bongkoj Khongmalai,8982
Xing Jing,8982
Nathan Jones,8982
Sean Pertwee,89861
Georgina Cates,89861
Peter Ustinov,89861
Prunella Scales,89861
Samuel West,89861
Keira Knightley,455
Jonathan Rhys Meyers,455
Anupam Kher,455
Parminder Nagra,455
Shaheen Khan,455
Angela Bassett,57022
Mary Steenburgen,57022
Timothy Hutton,57022
Clifton James,57022
Alan King,57022
Anthony Mackie,14351
Wayne Brady,14351
Allen Payne,14351
Marcello Thedford,14351
Wesley Jonathan,14351
Akshay Kumar,147767
Asin Thottumkal,147767
Himesh Reshammiya,147767
Mithun Chakraborty,147767
Raj Babbar,147767
Manuela Velasco,10664
Ferran Terraza,10664
Claudia Silva,10664
Javier Botet,10664
Pablo Rosso,10664
Kayla Jackson,55567
Kayla Raparelli,55567
Sal Dupree,55567
Al Sapienza,55567
Alexis Biesiada,55567
Robert Redford,9277
Paul Newman,9277
Charles Durning,9277
Ray Walston,9277
Robert Shaw,9277
Ben Cross,9443
Alice Krige,9443
Ian Charleson,9443
Cheryl Campbell,9443
Nigel Havers,9443
Kimberly Elise,16186
Tyler Perry,16186
Steve Harris,16186
Shemar Moore,16186
Vickie Eng,16186
Geoffrey Rush,7863
Noah Taylor,7863
Armin Mueller-Stahl,7863
Justin Braine,7863
Sonia Todd,7863
Scarlett Johansson,138697
Joseph Gordon-Levitt,138697
Julianne Moore,138697
Glenne Headly,138697
Tony Danza,138697
Clint Eastwood,11901
Verna Bloom,11901
Marianna Hill,11901
Mitchell Ryan,11901
Jack Ging,11901
Scarlett Johansson,1548
Steve Buscemi,1548
Bob Balaban,1548
Thora Birch,1548
Brad Renfro,1548
Kate Winslet,11889
Judi Dench,11889
Jim Broadbent,11889
Penelope Wilton,11889
Hugh Bonneville,11889
Dorothy Stratten,33155
Stephen Macht,33155
Avery Schreiber,33155
Lionel Mark Smith,33155
J.D. Hinton,33155
François Berléand,5528
Kad Merad,5528
Gérard Jugnot,5528
Jean-Paul Bonnaire,5528
Marie Bunel,5528
Paul Sorvino,321
Luke Kirby,321
Ginette Reno,321
Mary Walsh,321
Peter Miller,321
Kate Bosworth,4997
Josh Lucas,4997
Val Kilmer,4997
Dylan McDermott,4997
Lisa Kudrow,4997
Ossie Davis,925
Giancarlo Esposito,925
Danny Aiello,925
Ruby Dee,925
Richard Edson,925
Sarah Michelle Gellar,27451
Joey Lauren Adams,27451
Eric Stoltz,27451
Rebecca Gayheart,27451
Adrian Grenier,27451
André Wilms,73532
Kati Outinen,73532
Blondin Miguel,73532
Elina Salo,73532
Evelyne Didi,73532
Monica Bellucci,979
Vincent Cassel,979
Philippe Nahon,979
Albert Dupontel,979
Jo Prestia,979
Nao Omori,193722
Mao Daichi,193722
Shinobu Terajima,193722
Hairi Katagiri,193722
Eriko Satô,193722
Aamir Khan,7913
Soha Ali Khan,7913
Alice Patten,7913
Sharman Joshi,7913
Kunal Kapoor,7913
John Heard,253253
David Dastmalchian,253253
Kim Shaw,253253
John Hoogenakker,253253
Shon McGregory,253253
Pierce Brosnan,51995
Jennifer Connelly,51995
Ed Harris,51995
Greg Kinnear,51995
Marisa Tomei,51995
Paul Rudd,13173
Adam Brody,13173
Jon Hamm,13173
Winona Ryder,13173
Ken Marino,13173
Paddy Considine,22908
Andrew Shim,22908
Frank Harper,22908
Vicky McClure,22908
Johann Myers,22908
Nikolaj Coster-Waldau,70670
Aksel Hennie,70670
Synnøve Macody Lund,70670
Julie R. Ølgaard,70670
Eivind Sander,70670
Richard Coyle,84204
Ruth Bradley,84204
Russell Tovey,84204
Bronagh Gallagher,84204
David Pearse,84204
Campbell Scott,25248
Tamara Hope,25248
Gordon Pinsent,25248
Adam Butcher,25248
Michael Kanev,25248
Samantha Morton,230266
Jessica Chastain,230266
Colin Farrell,230266
Nora McMenamy,230266
Christopher Plummer,16633
Christopher Reeve,16633
Jane Seymour,16633
Teresa Wright,16633
Bill Erwin,16633
Bipasha Basu,63006
Rana Daggubati,63006
Abhishek Bachchan,63006
Deepika Padukone,63006
Prateik Babbar,63006
Rose Byrne,91586
Patrick Wilson,91586
Lin Shaye,91586
Barbara Hershey,91586
Ty Simpkins,91586
Donnie Wahlberg,215
Glenn Plummer,215
Tobin Bell,215
Shawnee Smith,215
Franky G,215
John Goodman,333371
Bradley Cooper,333371
Mary Elizabeth Winstead,333371
John Gallagher Jr.,333371
Douglas M. Griffin,333371
Johnny Knoxville,9012
Bam Margera,9012
Steve-O,9012
Chris Pontius,9012
Dave England,9012
Maria Bello,345911
Teresa Palmer,345911
Gabriel Bateman,345911
Alexander DiPersia,345911
Alicia Vela-Bailey,345911
Katie Featherston,72571
Sprague Grayden,72571
Lauren Bittner,72571
Christopher Nicholas Smith,72571
Chloe Csengery,72571
Douglas Smith,242512
Bianca A. Santos,242512
Olivia Cooke,242512
Ana Coto,242512
Daren Kagasoff,242512
Patricia Arquette,10072
John Saxon,10072
Heather Langenkamp,10072
Robert Englund,10072
Craig Wasson,10072
Eugenio Derbez,211954
Loreto Peralta,211954
Jessica Lindsey,211954
Daniel Raymont,211954
Hugo Stiglitz,211954
Katie Featherston,82990
Kathryn Newton,82990
Matt Shively,82990
Aiden Lovekamp,82990
Brady Allen,82990
Richard Burton,29912
Jean Simmons,29912
Victor Mature,29912
Jay Robinson,29912
Richard Boone,29912
Christopher Plummer,11843
Peter Sellers,11843
Herbert Lom,11843
Catherine Schell,11843
Peter Arne,11843
Robert Englund,11284
Lisa Zane,11284
Shon Greenblatt,11284
Lezlie Deane,11284
Ricky Dean Logan,11284
Charlize Theron,504
Christina Ricci,504
Bruce Dern,504
Annie Corley,504
Lee Tergesen,504
James Mason,173
Kirk Douglas,173
Paul Lukas,173
Peter Lorre,173
Robert J. Wilke,173
Carlos Pratts,227348
Andrew Jacobs,227348
Richard Cabral,227348
Eddie J. Fernandez,227348
Jorge Diaz,227348
Anthony Hopkins,1955
John Hurt,1955
Anne Bancroft,1955
John Gielgud,1955
Wendy Hiller,1955
Jared Leto,152532
Matthew McConaughey,152532
Steve Zahn,152532
Jennifer Garner,152532
Denis O'Hare,152532
Olivia Wilde,243940
Sarah Bolger,243940
Evan Peters,243940
Mark Duplass,243940
Donald Glover,243940
Guy Pearce,77
Carrie-Anne Moss,77
Joe Pantoliano,77
Stephen Tobolowsky,77
Mark Boone Junior,77
Brenton Thwaites,157547
Katee Sackhoff,157547
Rory Cochrane,157547
Karen Gillan,157547
James Lafferty,157547
Rosario Dawson,2295
Kevin Smith,2295
Jason Mewes,2295
Jeff Anderson,2295
Brian O'Halloran,2295
Julie Walters,71
Jamie Bell,71
Gary Lewis,71
Jean Heywood,71
Jamie Draven,71
Steve Carell,147773
AnnaSophia Robb,147773
Sam Rockwell,147773
Toni Collette,147773
Liam James,147773
Martin Lawrence,16096
Tisha Campbell-Martin,16096
Christopher Martin,16096
Christopher Reid,16096
Paul Anthony,16096
Kirk Douglas,24266
Tom Burlinson,24266
Terence Donovan,24266
Tommy Dysart,24266
Bruce Kerr,24266
Thomas McHugh,16508
Fred Newman,16508
Chris Phillips,16508
Constance Shulman,16508
Billy Bob Thornton,2895
Robert Duvall,2895
Miranda Richardson,2895
Farrah Fawcett,2895
June Carter Cash,2895
Diana Scarwid,15660
Faye Dunaway,15660
Steve Forrest,15660
Howard Da Silva,15660
Mara Hobel,15660
Emily Mortimer,59968
Paul Rudd,59968
Elizabeth Banks,59968
Zooey Deschanel,59968
Adam Scott,59968
Jeremy Irons,323677
Jason Sudeikis,323677
Carice van Houten,323677
Amanda Crew,323677
Stephan James,323677
LisaRaye McCoy,19848
Dick Anthony Williams,19848
Judyann Elder,19848
Chrystale Wilson,19848
Adele Givens,19848
Edwin Hodge,256274
Ben Feldman,256274
Perdita Weeks,256274
François Civil,256274
Marion Lambert,256274
Boris Kodjoe,235271
Brandon Gonzales,235271
Cameron Mills,235271
Emayatzy Corinealdi,235271
Garrett Hines,235271
Samuel L. Jackson,45153
Meagan Good,45153
Lynn Whitfield,45153
Jurnee Smollett,45153
Debbi Morgan,45153
Kate Bosworth,284293
Kristen Stewart,284293
Alec Baldwin,284293
Julianne Moore,284293
Shane McRae,284293
Peter Ustinov,24973
Jean Simmons,24973
Victor Mature,24973
Gene Tierney,24973
Edmund Purdom,24973
Sylvester Stallone,21610
Billy Dee Williams,21610
Rutger Hauer,21610
Persis Khambatta,21610
Lindsay Wagner,21610
Kane Hodder,10283
Jensen Daggett,10283
Scott Reeves,10283
Barbara Bingham,10283
Peter Mark Richman,10283
Lainie Kazan,8346
John Corbett,8346
Andrea Martin,8346
Nia Vardalos,8346
Michael Constantine,8346
James Franco,122081
Selena Gomez,122081
Vanessa Hudgens,122081
Ashley Benson,122081
Rachel Korine,122081
Paul Rudd,10987
Donald Pleasence,10987
Mitchell Ryan,10987
Marianne Hagan,10987
Kim Darby,10987
Diego Luna,1391
Gael García Bernal,1391
Maribel Verdú,1391
Ana López Mercado,1391
Diana Bracho,1391
Simon Pegg,747
Nick Frost,747
Dylan Moran,747
Kate Ashfield,747
Lucy Davis,747
Haley Bennett,14745
Jake Weber,14745
Chace Crawford,14745
Shannon Woodward,14745
Shanna Collins,14745
Matthew McConaughey,26748
Kris Kristofferson,26748
Chris Cooper,26748
Joe Morton,26748
Elizabeth Peña,26748
Donald Pleasence,11357
Danielle Harris,11357
Ellie Cornell,11357
George P. Wilbur,11357
Michael Pataki,11357
Thomas F. Wilson,24913
Deborah Foreman,24913
Lloyd Berry,24913
Tom Heaton,24913
Ken Olandt,24913
Mickey Rourke,13776
Kevin Bacon,13776
Tim Daly,13776
Daniel Stern,13776
Steve Guttenberg,13776
David Carradine,14854
Barbara Carrera,14854
Chuck Norris,14854
Leon Isaac Kennedy,14854
Dana Kimmell,14854
Ryan Robbins,50357
Warren Christie,50357
Lloyd Owen,50357
Andrew Airlie,50357
Michael Kopsa,50357
Amy Adams,13090
Emily Blunt,13090
Steve Zahn,13090
Alan Arkin,13090
Jason Spevack,13090
Owen Wilson,192141
Sterling Jerins,192141
Pierce Brosnan,192141
Lake Bell,192141
Claire Geare,192141
Rip Torn,16441
Tanya Roberts,16441
Marc Singer,16441
John Amos,16441
Joshua Milrad,16441
Yul Brynner,29996
Gina Lollobrigida,29996
George Sanders,29996
Marisa Pavan,29996
David Farrar,29996
Fred Willard,351819
Marlon Wayans,351819
Mike Epps,351819
Kali Hawk,351819
Affion Crockett,351819
Kevin Hart,14834
Morris Chestnut,14834
Taraji P. Henson,14834
Jenifer Lewis,14834
Maeve Quinlan,14834
Helen Hayes,22649
Gary Cooper,22649
Adolphe Menjou,22649
Mary Philips,22649
Jack La Rue,22649
Paula Patton,378200
Brandy Norwood,378200
Lauren London,378200
Kali Hawk,378200
Terrence Jenkins,378200
Lara Jill Miller,20455
Joshua Seth,20455
Bob Papenbrook,20455
Doug Berholt,20455
Steve Blum,20455
Mandy Moore,13193
Jena Malone,13193
Patrick Fugit,13193
Heather Matarazzo,13193
Macaulay Culkin,13193
Stéphane Rousseau,11042
Marie-Josée Croze,11042
Rémy Girard,11042
Dorothée Berryman,11042
Louise Portal,11042
Richard Harris,10786
Sean Connery,10786
Nicol Williamson,10786
Audrey Hepburn,10786
Robert Shaw,10786
Izabella Miko,12484
Kerr Smith,12484
Johnathon Schaech,12484
Brendan Fehr,12484
Phina Oruche,12484
Harrison Ford,17339
Franco Nero,17339
Edward Fox,17339
Barbara Bach,17339
Robert Shaw,17339
"""Weird Al"" Yankovic",11959
Victoria Jackson,11959
Michael Richards,11959
David Bowe,11959
Fran Drescher,11959
Linda Cardellini,9900
Allen Covert,9900
Shirley Knight,9900
Joel David Moore,9900
Peter Dante,9900
Alan Arkin,14662
Marisa Tomei,14662
Eli Marienthal,14662
Natasha Lyonne,14662
Mena Suvari,14662
Henry Fonda,335
Jason Robards,335
Gabriele Ferzetti,335
Claudia Cardinale,335
Charles Bronson,335
Famke Janssen,15745
Jon Favreau,15745
Vince Vaughn,15745
Peter Falk,15745
Sean Combs,15745
Kevin Spacey,17431
Sam Rockwell,17431
Dominique McElligott,17431
Rosie Shaw,17431
Adrienne Shaw,17431
Daryl Sabara,21014
Jami Gertz,21014
Jeremy Piven,21014
Carter Jenkins,21014
Cheryl Hines,21014
Guillaume Denaiffe,78394
Norbert Ferrer,78394
Chloe Hollings,78394
Richard Rider,78394
Tom Yang,78394
Ian Holm,10217
Sarah Polley,10217
Caerthan Banks,10217
Tom McCamus,10217
Gabrielle Rose,10217
Lambert Wilson,46332
Michael Lonsdale,46332
Olivier Rabourdin,46332
Philippe Laudenbach,46332
Jacques Herlin,46332
Chris Pine,13996
Bill Pullman,13996
Alan Rickman,13996
Rachael Taylor,13996
Freddy Rodríguez,13996
Mark Blankfield,3028
Bess Armstrong,3028
Krista Errickson,3028
Tim Thomerson,3028
Michael McGuire,3028
Kate Winslet,1024
Melanie Lynskey,1024
Sarah Peirse,1024
Simon O'Connor,1024
Diana Kent,1024
Kate Bosworth,343795
Hayden Christensen,343795
Hudson Meek,343795
Bobby Batson,343795
Elizabeth Hunter,343795
Rebecca Hall,45658
Will Ferrell,45658
Laura Dern,45658
Christopher Jordan Wallace,45658
Glenn Howerton,45658
Bill Pullman,16148
Ben Stiller,16148
Kim Dickens,16148
Ryan O'Neal,16148
Angela Featherstone,16148
Christian Bale,4553
Michael Ironside,4553
Jennifer Jason Leigh,4553
Aitana Sánchez-Gijón,4553
John Sharian,4553
Willem Dafoe,36351
Susan Sarandon,36351
Mary Beth Hurt,36351
Dana Delany,36351
David Clennon,36351
Jeremy Renner,245916
Robert Patrick,245916
Mary Elizabeth Winstead,245916
Ray Liotta,245916
Michael Sheen,245916
Nicole Kidman,27585
Aaron Eckhart,27585
Miles Teller,27585
Dianne Wiest,27585
Tammy Blanchard,27585
Seth Green,1415
Diana Scarwid,1415
Macaulay Culkin,1415
Chloë Sevigny,1415
Marilyn Manson,1415
Anton Yelchin,313922
Imogen Poots,313922
Alia Shawkat,313922
Joe Cole,313922
Callum Turner,313922
Parker Posey,14474
Paul Rudd,14474
Danny DeVito,14474
Mischa Barton,14474
Miranda Bailey,14474
Stephen Tobolowsky,199933
Rob Morrow,199933
Eric Allan Kramer,199933
Kristoffer Polaha,199933
Lew Temple,199933
Owen Wilson,13685
Luke Wilson,13685
Lumi Cavazos,13685
Andrew Wilson,13685
Robert Musgrave,13685
William Fichtner,8744
Viggo Mortensen,8744
Gary Sinise,8744
Matt Dillon,8744
Faye Dunaway,8744
Darshan Jariwala,38428
Akshaye Khanna,38428
Bhumika Chawla,38428
Shefali Shah,38428
Vinay Jain,38428
Javal Davis,8847
Ken Davis,8847
Tony Diaz,8847
Tim Dugan,8847
Lynndie England,8847
Dennis Hopper,39269
Raymond Burr,39269
Sharon Farrell,39269
Linda Manz,39269
Don Gordon,39269
Alan Tudyk,46838
Katrina Bowden,46838
Tyler Labine,46838
Jesse Moss,46838
Philip Granger,46838
Elizabeth Banks,51384
Adam Scott,51384
Martin Landau,51384
Ellen Burstyn,51384
Anthony Quinn,56930
John Wayne,56930
Laraine Day,56930
Cedric Hardwicke,56930
Judith Anderson,56930
Casey Affleck,41730
Christina Ricci,41730
Ethan Suplee,41730
Kate Hudson,41730
Brendan Sexton III,41730
Kim Poirier,18442
Stefanie von Pfetten,18442
Elias Toufexis,18442
Meghan Ory,18442
Ennis Esmer,18442
Kathryn Hahn,298312
Ed Oxenbould,298312
Olivia DeJonge,298312
Benjamin Kanes,298312
Deanna Dunagan,298312
Izzy Diaz,11600
Rob Devaney,11600
Ty Jones,11600
Anas Wellman,11600
Mike Figueroa,11600
Alice Evans,71547
Stuart Wilson,71547
Adam Garcia,71547
Jacqueline Bisset,71547
James Naughton,71547
Reid Warner,57876
Darrin Bragg,57876
Ben Rovner,57876
Jelena Nik,57876
Roy Abramsohn,57876
Luis Tosar,77495
Marta Etura ,77495
Alberto San Juan,77495
Petra Martínez,77495
Iris Almeida,77495
Andy Serkis,13849
Reece Shearsmith,13849
Jennifer Ellison,13849
Steven O'Donnell,13849
James Bierman,13849
Sarah Wynter,14849
Callum Blue,14849
Jasmine Guy,14849
Ellen Muth,14849
Britt McKillip,14849
Samuel L. Jackson,12486
Christina Applegate,12486
Jim Belushi,12486
Jason Biggs,12486
Whoopi Goldberg,12486
Heather Locklear,19615
Billy Ray Cyrus,19615
Ahnaise Christmas,19615
Arabella Field,19615
Mo Collins,19615
Anton Yelchin,244403
Laurence Fishburne,244403
Billy Crudup,244403
Selena Gomez,244403
Felicity Huffman,244403
Luis Guzmán,292481
Richard Gere,292481
Chazz Palminteri,292481
Cyndi Lauper,292481
Lucie Arnaz,292481
Patrick Stewart,340816
Jon Heder,340816
Gary Cole,340816
Cheryl Hines,340816
James Roday,340816
Teri Polo,78814
Nicholas Gonzalez,78814
Esai Morales,78814
William R. Moses,78814
Olivia d'Abo,78814
Anton Yelchin,297596
Nicolas Cage,297596
Alexander Karim,297596
Irène Jacob,297596
Aymen Hamdouchi,297596
James Frain,299552
Sofia Black-D'Elia,299552
Joey Ansah,299552
Lydia Leonard,299552
Michael Maloney,299552
Sam Waterston,11935
James Brolin,11935
O.J. Simpson,11935
Elliott Gould,11935
Brenda Vaccaro,11935
Ed Asner,113406
Michael Rapaport,113406
Carol Kane,113406
Paul Ben-Victor,113406
Jordenn Thompson,113406
Adam Brody,290825
Justin Long,290825
Austin Butler,290825
Lily-Rose Depp,290825
Harley Quinn Smith,290825
Molly Hagan,361159
Ed Quinn,361159
Michael Dudikoff,361159
Rick Fox,361159
"Chad ""Gunner"" Lail",361159
Ivan Barnev,12555
Oldřich Kaiser,12555
Julia Jentsch,12555
Marián Labuda,12555
Martin Huba,12555
Moritz Bleibtreu,31175
Adam Bousdoukos,31175
Birol Ünel,31175
Wotan Wilke Möhring,31175
Dorka Gryllus,31175
Billy Bob Thornton,12498
Lucas Black,12498
Dwight Yoakam,12498
J. T. Walsh,12498
John Ritter,12498
Rebecca Hall,77949
Imelda Staunton,77949
Dominic West,77949
Isaac Hempstead-Wright,77949
Lucy Cohu,77949
Jay Hernandez,1690
Derek Richardson,1690
Eythor Gudjonsson,1690
Barbara Nedeljakova,1690
Jana Kaderabkova,1690
Steve Coogan,8435
Keeley Hawes,8435
Shirley Henderson,8435
Rob Brydon,8435
Raymond Waring,8435
Michael Shannon,64720
Jessica Chastain,64720
Katy Mixon,64720
Shea Whigham,64720
Ray McKinnon,64720
Len Cariou,49365
Alex Rocco,49365
Katherine Helmond,49365
Lukas Haas,49365
Jason Presson,49365
Rupert Grint,11404
Julie Walters,11404
Laura Linney,11404
Michelle Duncan,11404
Oliver Milburn,11404
Patrick Wilson,300706
Scott Foley,300706
Dagmara Domińczyk,300706
Donald Faison,300706
Amy Acker,300706
Dennis Hopper,16337
Bill Moseley,16337
Caroline Williams,16337
Jim Siedow,16337
Bill Johnson,16337
James Coburn,11577
Kris Kristofferson,11577
Richard Jaeckel,11577
Katy Jurado,11577
Chill Wills,11577
Kristin Scott Thomas,77987
Ryan Gosling,77987
Gordon Brown,77987
Tom Burke,77987
Vithaya Pansringarm,77987
Denis Lavant,40185
Isild Le Besco,40185
Pascal Bongard,40185
Jean-Michel Guerin,40185
Martine Demaret,40185
Christian Slater,68202
Eva Longoria,68202
Kate del Castillo,68202
Oscar Nunez,68202
Mónica Huarte,68202
Emily Mortimer,8981
Gerard Butler,8981
Sharon Small,8981
Jack McElhone,8981
Katy Murphy,8981
Graham Greene,10914
Rachael Leigh Cook,10914
Keith Carradine,10914
Luke Kirby,10914
Lisa Ray,10914
Jacques Gamblin,50848
Sara Forestier,50848
Zinedine Soualem,50848
Jacques Boudet,50848
Carole Franck,50848
Zoë Kravitz,166624
Douglas Smith,166624
Don McKellar,166624
Ariadna Gil,166624
Kim Ly,166624
Eddie Redmayne,10822
Julianne Moore,10822
Stephen Dillane,10822
Hugh Dancy,10822
Elena Anaya,10822
Karl Urban,10844
Tandi Wright,10844
Simon Ferry,10844
Matthew Sunderland,10844
Lois Lawn,10844
G. W. Bailey,9336
Kim Cattrall,9336
Donovan Scott,9336
Steve Guttenberg,9336
Bubba Smith,9336
Brooke Shields,5689
Christopher Atkins,5689
Leo McKern,5689
William Daniels,5689
Jeffrey Kleiser,5689
John Hannah,712
Andie MacDowell,712
Hugh Grant,712
Simon Callow,712
James Fleet,712
Sean Penn,13342
Jennifer Jason Leigh,13342
Judge Reinhold,13342
Phoebe Cates,13342
Brian Backer,13342
Gregory Peck,10339
Leo Genn,10339
Richard Basehart,10339
James Robertson Justice,10339
Harry Andrews,10339
Philip Seymour Hoffman,1429
Edward Norton,1429
Rosario Dawson,1429
Barry Pepper,1429
Anna Paquin,1429
Jennifer Tilly,9303
Joe Pantoliano,9303
Gina Gershon,9303
Christopher Meloni,9303
John P. Ryan,9303
Jared Leto,641
Marlon Wayans,641
Jennifer Connelly,641
Christopher McDonald,641
Ellen Burstyn,641
Jeanne Crain,27686
Dana Andrews,27686
Dick Haymes,27686
Vivian Blaine,27686
Charles Winninger,27686
Mía Maestro,65749
Miguel Ángel Solá,65749
Cecilia Narova,65749
Juan Carlos Copes,65749
James Woods,6106
Jim Belushi,6106
John Savage,6106
Michael Murphy,6106
Tony Plana,6106
Sean Astin,252680
Sarah Drew,252680
Patricia Heaton,252680
Logan White,252680
Robert Amaya ,252680
Jake Gyllenhaal,141
Maggie Gyllenhaal,141
Drew Barrymore,141
Jena Malone,141
Patrick Swayze,141
Gerardo Taracena,66607
Joaquín Cosio,66607
Jaime Camil,66607
Miguel Rodarte,66607
Jesús Ochoa,66607
Jan Decleir,17139
Fedja van Huêt,17139
Betty Schuurman,17139
Tamar van den Dop,17139
Mickey Rourke,12079
John Leguizamo,12079
Brittany Murphy,12079
Jason Schwartzman,12079
Chloe Hunter,12079
Allison Janney,39800
Paul Reubens,39800
Michael Kenneth Williams,39800
Shirley Henderson,39800
Ally Sheedy,39800
Choi Min-sik,4550
Lee Young-ae,4550
Kwon Yea-young,4550
Go Soo-hee,4550
Kim Bu-seon,4550
Marie Féret,62116
Marc Barbé,62116
Delphine Chuillot,62116
David Moreau,62116
David Kelly,9991
Vinnie Jones,9991
Ralph Brown,9991
David Hemmings,9991
Vas Blackwood,9991
Anthony Wong,13807
Francis Ng,13807
Simon Yam,13807
Nick Cheung,13807
Richie Ren,13807
Sam Shepard,68818
Stephen Rea,68818
Eduardo Noriega,68818
Magaly Solier,68818
Daniel Aguirre,68818
Oksana Akinshina,12093
Artyom Bogucharsky,12093
Lyubov Agapova,12093
Liliya Shinkaryova,12093
Elina Benenson,12093
Liam Neeson,36419
Christina Ricci,36419
Justin Long,36419
Josh Charles,36419
Chandler Canterbury,36419
Jimmy Shergill,281730
Mohit Marwah,281730
Kiara Advani,281730
Vijendar Singh,281730
Arfi Lamba,281730
Jack Nicholson,510
Danny DeVito,510
Scatman Crothers,510
Louise Fletcher,510
William Redfield,510
Dove Cameron,362105
Katherine McNamara,362105
Ryan McCartan,362105
Laine MacNeil,362105
Briana Buckmaster,362105
Mel Brooks,10970
Harold Gould,10970
Dom DeLuise,10970
Sid Caesar,10970
Marty Feldman,10970
Akshay Kumar,375290
Nimrat Kaur,375290
Feryna Wazheir,375290
Lena,375290
Purab Kohli,375290
Richard Farnsworth,17663
Megan Follows,17663
Colleen Dewhurst,17663
Patricia Hamilton,17663
Marilyn Lightstone,17663
Neal McDonough,270938
Michael Jai White,270938
Lateef Crowder,270938
Laila Ali,270938
Hazuki Kato,270938
Ray Winstone,116613
Hayley Atwell,116613
Damian Lewis,116613
Ben Drew,116613
Alan Ford,116613
Ian McShane,11826
Ben Kingsley,11826
Ray Winstone,11826
James Fox,11826
Amanda Redman,11826
Joel Kinnaman,29920
Matias Varela,29920
Dragomir Mrsic,29920
Lisa Henni,29920
Mahmut Suvakci,29920
Cliff Curtis,1088
Keisha Castle-Hughes,1088
Rawiri Paratene,1088
Vicky Haughton,1088
Grant Roa,1088
Abhishek Bachchan,26379
Amitabh Bachchan,26379
Vidya Balan,26379
Paresh Rawal,26379
Arundathi Nag,26379
Martin Rapold,34069
Anna-Katharina Schwabroh,34069
Regula Grauwiller,34069
Yangzom Brauen,34069
Michael Finger,34069
Vanessa Hudgens,10947
Zac Efron,10947
Lucas Grabeel,10947
Ashley Tisdale,10947
Corbin Bleu,10947
John Hurt,47452
Maury Chaykin,47452
Jason Priestley,47452
Sheila Hancock,47452
Fiona Loewi,47452
Konstantin Khabenskiy,3040
Vladimir Menshov,3040
Galina Tyunina,3040
Mariya Poroshina,3040
Zhanna Friske,3040
Forest Whitaker,11386
Stephen Rea,11386
Miranda Richardson,11386
Adrian Dunbar,11386
Jaye Davidson,11386
Dan Monahan,10246
Mark Herrier,10246
Wyatt Knight,10246
Cyril O'Reilly,10246
Kaki Hunter,10246
Kenneth Welsh,29426
Devon Bostick,29426
Alan van Sprang,29426
Kathleen Munroe,29426
Richard Fitzpatrick,29426
Duane Jones,10331
Judith O'Dea,10331
Karl Hardman,10331
Marilyn Eastman,10331
Keith Wayne,10331
Scarlett Johansson,153
Bill Murray,153
Giovanni Ribisi,153
Anna Faris,153
Akiko Takeshita,153
Diane Keaton,703
Woody Allen,703
Carol Kane,703
Tony Roberts,703
Paul Simon,703
Charlton Heston,27191
Betty Hutton,27191
Cornel Wilde,27191
Dorothy Lamour,27191
Gloria Grahame,27191
Halle Berry,1365
Heath Ledger,1365
Billy Bob Thornton,1365
Sean Combs,1365
Coronji Calhoun,1365
Arnold Schwarzenegger,287424
Joely Richardson,287424
Abigail Breslin,287424
Douglas M. Griffin,287424
J.D. Evermore,287424
Nicolas Cage,451
Elisabeth Shue,451
Julian Sands,451
Steven Weber,451
Richard Lewis,451
Lara Flynn Boyle,165864
Cary Elwes,165864
Lochlyn Munro,165864
Molly C. Quinn,165864
Michael Welch,165864
Susan Sarandon,987
Walter Matthau,987
Vincent Gardenia,987
Jack Lemmon,987
David Wayne,987
Jennifer Lopez,241251
Kristin Chenoweth,241251
John Corbett,241251
Ryan Guzman,241251
Ian Nelson,241251
Burt Lancaster,40494
Gina Lollobrigida,40494
Katy Jurado,40494
Tony Curtis,40494
Thomas Gomez,40494
Mark Ruffalo,39781
Mia Wasikowska,39781
Josh Hutcherson,39781
Julianne Moore,39781
Annette Bening,39781
Keith David,8337
Roddy Piper,8337
Meg Foster,8337
George Buck Flower,8337
Peter Jason,8337
James Garner,5925
Richard Attenborough,5925
Charles Bronson,5925
Steve McQueen,5925
James Donald,5925
Elaine Hendrix,8357
Marlee Matlin,8357
Robert Blanche,8357
John Ross Bowie,8357
Robert Bailey Jr.,8357
Spencer Treat Clark,146203
Ashley Bell,146203
Julia Garner,146203
Andrew Sensenig,146203
Judd Lormand,146203
Patricia Arquette,85350
Ethan Hawke,85350
Ellar Coltrane,85350
Elijah Smith,85350
Lorelei Linklater,85350
Ian McShane,512
Scarlett Johansson,512
Hugh Jackman,512
Kevin McNally,512
Woody Allen,512
Snoop Dogg,13408
Dr. Dre,13408
DJ Pooh,13408
Angell Conwell,13408
Bruce Bruce,13408
Faizon Love,47816
N'Bushe Wright,47816
Brian Hooks,47816
E-40,47816
Starletta DuPois,47816
Maria Bello,10744
Alec Baldwin,10744
William H. Macy,10744
Paul Sorvino,10744
Shawn Hatosy,10744
Eli Wallach,11536
Clark Gable,11536
Marilyn Monroe,11536
Montgomery Clift,11536
Thelma Ritter,11536
Robin Williams,9782
Bobby Cannavale,9782
Rory Culkin,9782
Toni Collette,9782
Joe Morton,9782
Alan Arkin,18713
Vincent Pastore,18713
William Hickey,18713
John G. Brennan,18713
Kamal Ahmed,18713
Belén Rueda,6537
Fernando Cayo,6537
Roger Príncep,6537
Mabel Rivera,6537
Montserrat Carulla,6537
Marlon Wayans,184345
Jaime Pressly,184345
Missi Pyle,184345
Essence Atkins,184345
Gabriel Iglesias,184345
Kate Bosworth,1809
Jessica Biel,1809
Shannyn Sossamon,1809
James Van Der Beek,1809
Ian Somerhalder,1809
Karin Dor,2370
Frederick Stafford,2370
Dany Robin,2370
Claude Jade,2370
Michel Subor,2370
Will Arnett,9809
Dylan Baker,9809
Chi McBride,9809
Dax Shepard,9809
David Koechner,9809
Antonio Banderas,5
Tim Roth,5
Jennifer Beals,5
Marisa Tomei,5
Madonna,5
Maggie Gyllenhaal,11013
James Spader,11013
Stephen McHattie,11013
Jeremy Davies,11013
Lesley Ann Warren,11013
Laura Ramsey,19153
Alec Baldwin,10132
Eric Bogosian,10132
John C. McGinley,10132
Ellen Greene,10132
Leslie Hope,10132
Fred Willard,16448
Catherine O'Hara,16448
Eugene Levy,16448
Christopher Guest,16448
Michael Hitchcock,16448
Tyra Banks,15122
Bridgette Wilson,15122
French Stewart,15122
Bill Bellamy,15122
Tiffani Thiessen,15122
Ben Kingsley,8141
Bill Pullman,8141
Téa Leoni,8141
Luke Wilson,8141
Dennis Farina,8141
Vincent D'Onofrio,1546
Keanu Reeves,1546
Tilda Swinton,1546
Benjamin Bratt,1546
Lou Taylor Pucci,1546
John Goodman,48572
Melissa Leo,48572
Kyle Gallner,48572
Michael Angarano,48572
Michael Parks,48572
Gina McKee,14517
Rob Brydon,14517
Stephanie Leonidas,14517
Jason Barry,14517
Dora Bryan,14517
Marcos Luna,89708
Putu Dinda Pratika,89708
Puti Sri Candra Dewi,89708
Ni Made Megahadi Pratiwi,89708
Richard Lynch,27551
Peter Paul,27551
David Paul,27551
Eva LaRue,27551
Virginia Bryant,27551
Freddie Highmore,64678
Elizabeth Reaser,64678
Alicia Silverstone,64678
Emma Roberts,64678
Michael Angarano,64678
Ray Winstone,309503
Richard Dreyfuss,309503
Patrick Wilson,309503
Lena Headey,309503
John Cho,309503
Chazz Palminteri,14293
Rod Steiger,14293
Michael Rosenbaum,14293
Ricky Schroder,14293
Mars Callahan,14293
Kelly Macdonald,15059
Saffron Burrows,15059
Julian Sands,15059
Justin Chadwick,15059
Stefano Dionisi,15059
Eva Mendes,103328
Kylie Minogue,103328
Denis Lavant,103328
Michel Piccoli,103328
Edith Scob,103328
Nicolas Cage,157847
Tye Sheridan,157847
Ronnie Gene Blevins,157847
Sue Rock,157847
Heather Kafka,157847
Kate Beckinsale,25719
Stuart Townsend,25719
Dan Futterman,25719
Rowena Cooper,25719
Scott Charles,25719
Viggo Mortensen,48309
Chelsea Field,48309
Lane Smith,48309
Lincoln Kilpatrick,48309
Tom Everett,48309
Amy Adams,27723
Lauren Ambrose,27723
Nicholas Brendon,27723
Charles Busch,27723
Thomas Gibson,27723
Craig Ferguson,20468
Donal Logue,20468
Mary McCormack,20468
David Rasche,20468
Nina Siemaszko,20468
Adriana Barraza,242575
Rüdiger Evers,242575
Hector Kotsifakis,242575
Franziska Kruse,242575
Arcelia Ramírez,242575
Viola Davis,44945
Jason Clarke,44945
Catherine Keener,44945
Clive Owen,44945
Liana Liberato,44945
Anna Friel,29122
Brían F. O'Byrne,29122
Barry McEvoy,29122
Pauline McLynn,29122
Ruth McCabe,29122
Andy Serkis,125123
Lennie James,125123
Pete Postlethwaite,125123
Rachel Griffiths,125123
James Thornton,125123
Naomi Watts,111190
Robin Wright,111190
Ben Mendelsohn,111190
Xavier Samuel,111190
James Frecheville,111190
Vincent D'Onofrio,133575
Salma Hayek,133575
Thomas Jane,133575
Olivia d'Abo,133575
Javier Bardem,54580
Luis Tosar,54580
Nieve de Medina,54580
Enrique Villén,54580
Celso Bugallo,54580
Kelly McGillis,52015
Nick Damici,52015
Danielle Harris,52015
Connor Paolo,52015
Gregory Jones,52015
Adrien Brody,34941
Keanu Reeves,34941
Claire Forlani,34941
Thomas Jane,34941
Gretchen Mol,34941
Wagner Moura,227975
Clemens Schick,227975
Jesuíta Barbosa,227975
Sabine Timoteo,227975
Sophie Charlotte Conrad,227975
Kate Bosworth,60422
Demi Moore,60422
Ellen Barkin,60422
George Kennedy,60422
Ezra Miller,60422
Ed Speleers,81390
Eamonn Walker,81390
Karel Roden,81390
Melissa George,81390
Alec Newman,81390
David Hewlett,10981
Marie-Josée Croze,10981
Gordon Pinsent,10981
Andrew Miller,10981
Konstantin Khabenskiy,225235
Elena Lyadova,225235
Aleksandr Robak,225235
Evgeniya Khirivskaya,225235
Agrippina Steklova,225235
Blythe Danner,14902
Ken Howard,14902
Howard Da Silva,14902
William Daniels,14902
Donald Madden,14902
Oded Fehr,121676
Marisa Tomei,121676
Alexander Siddig,121676
Joshua Jackson,121676
Saad Siddiqui,121676
Ben Lyon,22301
James Hall,22301
Jean Harlow,22301
John Darrow,22301
Lucien Prival,22301
Patrick Wilson,20065
Debra Messing,20065
Selma Blair,20065
Edward Burns,20065
Dennis Farina,20065
Jessica Alba,257087
Thomas Jane,257087
Lily Rabe,257087
Shannon Woodward,257087
Aleksa Palladino,257087
Xavier Samuel,46420
Jessica McNamee,46420
Robin McLeavy,46420
Victoria Thaine,46420
John Brumpton,46420
Kristen Quintrall,114635
Denyce Lawton,114635
JoJo Wright,114635
Rachel Sterling,114635
Black Thomas,114635
Eric Mabius,158150
Brooke D'Orsay,158150
Jody Thompson,158150
Gina Holden,158150
Panou,158150
Scott Eastwood,251979
Patrick Lyster,251979
Cheryl Ladd,251979
Rachel Hendrix ,251979
Scott Mortensen,251979
Orson Welles,874
Robert Shaw,874
Paul Scofield,874
Wendy Hiller,874
Leo McKern,874
Robert Duvall,10774
Faye Dunaway,10774
William Holden,10774
Peter Finch,10774
Wesley Addy,10774
Clark Gable,770
Vivien Leigh,770
Olivia de Havilland,770
Thomas Mitchell,770
Leslie Howard,770
Freida Pinto,266102
Nazanin Boniadi,266102
Reece Ritchie,266102
Tom Cullen,266102
Marama Corlett,266102
Richard Harris,29715
James Coburn,29715
Michael Anderson Jr.,29715
Charlton Heston,29715
Jim Hutton,29715
Betty Hutton,25209
Howard Keel,25209
Louis Calhern,25209
J. Carrol Naish,25209
Edward Arnold,25209
Riz Ahmed,37495
Nigel Lindsay,37495
Kayvan Novak,37495
Adeel Akhtar,37495
Arsher Ali,37495
Fernanda Montenegro,29262
Ruy Guerra,29262
Fernanda Torres,29262
Seu Jorge,29262
Stênio Garcia,29262
Woody Harrelson,34769
Elias Koteas,34769
Kat Dennings,34769
Sandra Oh,34769
Clark Johnson,34769
Gladys Cooper,35032
Judy Garland,35032
Gene Kelly,35032
Walter Slezak,35032
Reginald Owen,35032
Brian Cox,5178
Stephanie Szostak,5178
Paul Dano,5178
Isild Le Besco,5178
Bill Buell,5178
Dominic Cooper,8618
James Corden,8618
Russell Tovey,8618
Samuel Anderson,8618
Samuel Barnett,8618
Jon Voight,3116
Dustin Hoffman,3116
Brenda Vaccaro,3116
Sylvia Miles,3116
John McGiver,3116
Robert Carlyle,9427
Mark Addy,9427
Tom Wilkinson,9427
William Snape,9427
Steve Huison,9427
Robert Hays,813
Julie Hagerty,813
Kareem Abdul-Jabbar,813
Lloyd Bridges,813
Peter Graves,813
Michael Jai White,352978
Max Ryan,352978
Steve Austin,352978
Allen Yates,352978
Chris Tucker,10634
Tom Lister Jr.,10634
John Witherspoon,10634
Ice Cube,10634
Nia Long,10634
Samuel L. Jackson,9516
Jada Pinkett Smith,9516
Larenz Tate,9516
Glenn Plummer,9516
Tyrin Turner,9516
Lois Chiles,16288
George Kennedy,16288
Dorothy Lamour,16288
Tom Savini,16288
Tom Wright,16288
L.Q. Jones,23330
David Warner,23330
Jason Robards,23330
Stella Stevens,23330
Slim Pickens,23330
John Forsythe,18900
Robert Blake,18900
Scott Wilson,18900
Paul Stewart,18900
Gerald S. O'Loughlin,18900
Peggy Ashcroft,27029
Audrey Hepburn,27029
Peter Finch,27029
Dean Jagger,27029
Mildred Dunnock,27029
Paul Newman,26268
Lauren Bacall,26268
Janet Leigh,26268
Arthur Hill,26268
Julie Harris,26268
Billie Whitelaw,573
Jon Finch,573
Alec McCowen,573
Barry Foster,573
Anna Massey,573
Anya Taylor-Joy,310131
Ralph Ineson,310131
Kate Dickie,310131
Harvey Scrimshaw,310131
Ellie Grainger,310131
Tom Lister Jr.,40505
Ice Cube,40505
Master P,40505
Anthony Johnson,40505
Cameron Diaz,11363
John Mahoney,11363
Jennifer Aniston,11363
Edward Burns,11363
Michael McGlone,11363
Ian McKellen,3033
Brendan Fraser,3033
Lolita Davidovich,3033
Lynn Redgrave,3033
David Dukes,3033
Pablo Rago,25376
Ricardo Darín,25376
Soledad Villamil,25376
Javier Godino,25376
Guillermo Francella,25376
Thora Birch,22007
Gideon Emery,22007
Gloria Votsis,22007
Derek Magyar,22007
Todd Jensen,22007
Bruce Campbell,765
Sarah Berry,765
Dan Hicks,765
Kassie DePaiva,765
Denise Bixler,765
Jennifer Coolidge,10615
J.B. Smoove,10615
Lance Crouther,10615
Reg E. Cathey,10615
Robert Vaughn,10615
John Heard,205321
Tara Reid,205321
Ian Ziering,205321
Cassandra Scerbo,205321
Jaason Simmons,205321
Elpidia Carrillo,89540
Damián Delgado,89540
José Carlos Rodríguez,89540
Iñaki Aierra,89540
Honorato Magaloni,89540
Otto Jespersen,46146
Hans Morten Hansen,46146
Tomas Alf Larsen,46146
Johanna Mørck,46146
Knut Nærum,46146
Chris Messina,38007
Kevin Sussman,38007
David Margulies,38007
Jennifer Westfeldt,38007
Kali Rocha,38007
Will Ferrell,14256
Ed Harris,14256
Zooey Deschanel,14256
Amy Madigan,14256
Amelia Warner,14256
Jordana Brewster,540
Meagan Good,540
Sara Foster,540
Devon Aoki,540
Jill Ritchie,540
Roddy Piper,370464
Brett Granstaff,370464
Lara Jean Chorostecki,370464
T.J. McGibbon,370464
Diahann Carroll,370464
Oded Fehr,20055
Melissa George,20055
Alice Krige,20055
Christian Campbell,20055
Connor Christopher Levins,20055
Michael Chiklis,224569
Joe Pantoliano,224569
Elizabeth Berkley,224569
Wade Dominguez,224569
Robert Townsend,224569
James Nesbitt,395766
Genevieve O'Reilly,395766
Jason Watkins,395766
Laura Pyper,395766
Glen Wallace,395766
Kevin Pollak,39303
Teri Polo,39303
Mark Thompson,39303
Mark Pellegrino,39303
Ariel Winter,142061
David Selby,142061
Peter Weller,142061
Michael Emerson,142061
Mark Valley,142061
Oscar Isaac,370662
Jane Goodall,370662
Jerry Brown,370662
Neal Barnard,370662
Michael Pollan,370662
Dominic Purcell,252360
Ralitsa Paskaleva,252360
Bashar Rahal,252360
Nikolai Sotirov,252360
Marian Valev,252360
Sean Bean,256740
Abigail Breslin,256740
Jake Busey,256740
Alexa PenaVega,256740
James Purefoy,256740
Rita Wilson,299145
Scott Eastwood,299145
Jeff Fahey,299145
David James Elliott,299145
Kim Matula,299145
Ray Winstone,241766
Glen Murphy,241766
Giovanni Capalbo,241766
Serena Iansiti,241766
Christopher Hatherhall,241766
Cloris Leachman,12535
Mel Brooks,12535
Madeline Kahn,12535
Harvey Korman,12535
Ron Carey,12535
Morgan Freeman,1667
Romane Bohringer,1667
Charles Berling,1667
Jules Sitruk,1667
Kevin Spacey,50839
Zachary Quinto,50839
Paul Bettany,50839
Jeremy Irons,50839
Ashley Williams,50839
Murray Bartlett,86549
Daniel Dugan,86549
Adrian Gonzalez,86549
Kelly Macdonald,13973
Sam Rockwell,13973
Anjelica Huston,13973
Clark Gregg,13973
Brad William Henke,13973
J.K. Simmons,244786
Miles Teller,244786
Melissa Benoist,244786
Austin Stowell,244786
Jayson Blair,244786
Alexandre Rodrigues,598
Leandro Firmino,598
Phellipe Haagensen,598
Douglas Silva,598
Jonathan Haagensen,598
Danny Dyer,11129
John Simm,11129
Lorraine Pilkington,11129
Shaun Parkes,11129
Nicola Reynolds,11129
Chad Michael Murray,75861
Kat Dennings,75861
Rupert Friend,75861
Corbin Bleu,75861
Mark Saul,75861
James Franco,13551
Josh Brolin,13551
Rose Byrne,13551
Brittany Murphy,13551
Toni Collette,13551
Mads Mikkelsen,103663
Alexandra Rapaport,103663
Thomas Bo Larsen,103663
Anne Louise Hassing,103663
Lars Ranthe,103663
Melinda Dillon,850
Darren McGavin,850
Peter Billingsley,850
Jean Shepherd,850
Ian Petrella,850
Angélica Aragón,12586
Tammy Blanchard,12586
Ali Landry,12586
Jaime Tirelli,12586
Manny Pérez,12586
Michael J. Fox,11564
Roddy McDowall,11564
Perry King,11564
Merrie Lynn Ross,11564
Tim Van Patten,11564
Eric Roberts,301748
Kristin Chenoweth,301748
Kenan Thompson,301748
Mena Suvari,301748
Dana Ashbrook,301748
Samantha Morton,108346
Rupert Graves,108346
Nicholas Woodeson,108346
Lee Ross,108346
Felix Billson,108346
François Bégaudeau,8841
Franck Keïta,8841
Esmeralda Ouertani,8841
Rachel Regulier,8841
Wei Huang,8841
Mia Farrow,805
John Cassavetes,805
Ruth Gordon,805
Sidney Blackmer,805
Maurice Evans,805
Lee Marvin,11697
Vera Miles,11697
Edmond O'Brien,11697
John Wayne,11697
James Stewart,11697
Rose Byrne,22051
Hugh Dancy,22051
Peter Gallagher,22051
Frankie Faison,22051
Amy Irving,22051
Catalina Sandino Moreno,436
Guilied Lopez,436
Yenny Paola Vega,436
John Álex Toro,436
Virgina Ariza,436
Ewan McGregor,55347
Christopher Plummer,55347
Goran Visnjic,55347
Mélanie Laurent,55347
Kai Lennox,55347
Jason Mewes,10070
Balthazar Getty,10070
Henry Rollins,10070
Navi Rawat,10070
Judah Friedlander,10070
Tom Hulce,8469
John Belushi,8469
Tim Matheson,8469
Verna Bloom,8469
John Vernon,8469
Sean Connery,658
Honor Blackman,658
Gert Fröbe,658
Shirley Eaton,658
Tania Mallet,658
Malcolm McDowell,125490
Sarah Gadon,125490
Caleb Landry Jones,125490
Joe Pingue,125490
Sheila McCarthy,125490
Lionel Barrymore,1585
Thomas Mitchell,1585
James Stewart,1585
Donna Reed,1585
Henry Travers,1585
Ewan McGregor,627
Kelly Macdonald,627
Jonny Lee Miller,627
Robert Carlyle,627
Ewen Bremner,627
Cedric the Entertainer,23618
Bernie Mac,23618
Steve Harvey,23618
D. L. Hughley,23618
Katie Featherston,41436
David Bierend,41436
Brian Boland,41436
Molly Ephraim,41436
Seth Ginsberg,41436
David Kelly,10162
Fionnula Flanagan,10162
Ian Bannen,10162
Susan Lynch,10162
Brendan Dempsey,10162
Michael Moore,1430
Charlton Heston,1430
George W. Bush,1430
George H. W. Bush,1430
Dick Clark,1430
Gong Li,259943
Yan Ni,259943
Chen Dao-Ming,259943
Guo Tao,259943
Zhang Jia-Yi,259943
Robert Englund,10014
Clu Gulager,10014
Mark Patton,10014
Kim Myers,10014
Robert Rusler,10014
Helena Bonham Carter,11257
Maggie Smith,11257
Denholm Elliott,11257
Julian Sands,11257
Simon Callow,11257
Lena Headey,158015
Ethan Hawke,158015
Rhys Wakefield,158015
Max Burkholder,158015
Adelaide Kane,158015
Vincent D'Onofrio,82507
Ethan Hawke,82507
Fred Dalton Thompson,82507
James Ransone,82507
Juliet Rylance,82507
Martin Lawrence,20337
Paul Newman,261
Elizabeth Taylor,261
Judith Anderson,261
Burl Ives,261
Jack Carson,261
Charlton Heston,1685
Maurice Evans,1685
James Franciscus,1685
Kim Hunter,1685
Linda Harrison,1685
Michael Jeter,20737
Kevin Zegers,20737
Bill Cobbs,20737
Wendy Makkena,20737
Brendan Fletcher,20737
Veronica Taylor,10991
Rachael Lillis,10991
Eric Stuart,10991
Thom Mathews,10225
Jennifer Cooke,10225
David Kagen,10225
Renée Jones,10225
Tom Fridley,10225
Alec Guinness,826
Jack Hawkins,826
William Holden,826
James Donald,826
Sessue Hayakawa,826
Ariana Richards,34086
Douglas Barr,34086
Royal Dano,34086
William Holmes,34086
Bruce Dern,5854
Karen Black,5854
Barbara Harris,5854
William Devane,5854
Ed Lauter,5854
Shirley MacLaine,284
Jack Lemmon,284
Ray Walston,284
Fred MacMurray,284
Jack Kruschen,284
Steven Culp,10285
Kane Hodder,10285
John D. LeMay,10285
Kari Keegan,10285
Steven Williams,10285
Julie Andrews,5780
Paul Newman,5780
Lila Kedrova,5780
Hansjörg Felmy,5780
Tamara Toumanova,5780
Dave Chappelle,292
Yasiin Bey,292
Common,292
Erykah Badu,292
Bilal,292
Michael Fassbender,223485
Ben Mendelsohn,223485
Kodi Smit-McPhee,223485
Caren Pistorius,223485
Rory McCann,223485
Blair Underwood,29463
Joseph Simmons,29463
Darryl McDaniels,29463
Sheila E.,29463
Kurtis Blow,29463
Wood Harris,18065
Yasiin Bey,18065
Mike Epps,18065
Donald Faison,18065
Omari Hardwick,18065
Burt Lancaster,22013
Jean Simmons,22013
Dean Jagger,22013
Arthur Kennedy,22013
Shirley Jones,22013
Maximilian Schell,821
Spencer Tracy,821
Burt Lancaster,821
Richard Widmark,821
Marlene Dietrich,821
Guy Torry,53862
Donald Faison,53862
Deon Richmond,53862
Maia Campbell,53862
Aloma Wright,53862
John Wayne,3089
Montgomery Clift,3089
Joanne Dru,3089
Walter Brennan,3089
Coleen Gray,3089
Mo'Nique,30139
Jimmy Jean-Louis,30139
Godfrey,30139
Joyful Drake,30139
Brendan Walsh,30139
Ethan Hawke,132344
Julie Delpy,132344
Seamus Davey-Fitzpatrick,132344
Jennifer Prior,132344
Charlotte Prior,132344
Jason Bateman,15582
Kim Darby,15582
John Astin,15582
Mark Holton,15582
Estee Chandler,15582
James Le Gros,15158
Reggie Bannister,15158
Angus Scrimm,15158
Paula Irvine,15158
Samantha Phillips,15158
Kimberly Elise,44634
Loretta Devine,44634
Debbi Morgan,44634
Michael Boatman,44634
Louisa Abernathy,44634
America Ferrera,30309
George Lopez,30309
Lupe Ontiveros,30309
Ingrid Oliu,30309
Brian Sites,30309
Lisa Ray,7509
Sarala,7509
John Abraham,7509
Seema Biswas,7509
Waheeda Rehman,7509
Archie Panjabi,10557
Om Puri,10557
Jimi Mistry,10557
Linda Bassett,10557
Ian Aspinall,10557
Amanda Peet,23531
Brian Van Holt,23531
Jonathan Abrahams,23531
Zorie Barber,23531
Judah Domke,23531
Sarita Choudhury,28005
Naveen Andrews,28005
Indira Varma,28005
Ramon Tikaram,28005
Rebecca Hall,40247
Amanda Peet,40247
Oliver Platt,40247
Catherine Keener,40247
Sarah Steele,40247
Gene Wilder,252
Jack Albertson,252
Peter Ostrum,252
Roy Kinnear,252
Denise Nickerson,252
Steve Kahan,24126
Julian Sands,24126
Chris Young,24126
Paula Marshall,24126
Joanna Pacula,24126
Joe Pesci,13982
Kristy Swanson,13982
George Hamilton,13982
Dyan Cannon,13982
Andy Comeau,13982
Sam Shepard,16642
Richard Gere,16642
Brooke Adams,16642
Robert J. Wilke,16642
Linda Manz,16642
John Turturro,17734
Matthew McConaughey,17734
Alan Arkin,17734
Clea DuVall,17734
Amy Irving,17734
Pam Grier,18892
Julie Benz,18892
Carol Kane,18892
Rose McGowan,18892
Rebecca Gayheart,18892
Gary Oldman,549
Jeffrey Wright,549
Benicio del Toro,549
Dennis Hopper,549
David Bowie,549
Greta Gerwig,121986
Michael Zegen,121986
Adam Driver,121986
Mickey Sumner,121986
Michael Esper,121986
Presley Chweneyagae,868
Jerry Mofokeng,868
Terry Pheto,868
Kenneth Nkosi,868
Zenzo Ngqobe,868
Philip Seymour Hoffman,10683
Dylan Baker,10683
Jon Lovitz,10683
Jane Adams,10683
Evan Silverberg,10683
Eddie Griffin,17995
Joe Howard,17995
Matthew Brent,17995
Robert Noble,17995
Justin Long,246403
Haley Joel Osment,246403
Génesis Rodríguez,246403
Michael Parks,246403
Ralph Garman,246403
Choi Min-sik,670
Yoo Ji-tae,670
Kang Hye-jung,670
Kim Byeong-ok,670
Oh Dal-su,670
Bailee Madison,35691
Robyn Lively,35691
Jeffrey Johnson,35691
Maree Cheatham,35691
Tanner Maguire,35691
Gregory Smith,49010
Rutger Hauer,49010
Robb Wells,49010
Brian Downey,49010
Molly Dunsworth,49010
Eric Roberts,317930
Omar Chaparro,317930
Joey Morgan,317930
Aislinn Derbez,317930
Camila Sodi,317930
Reese Witherspoon,11229
Kiefer Sutherland,11229
Dan Hedaya,11229
Amanda Plummer,11229
Wolfgang Bodison,11229
Irene Bedard,22488
Erin Cottrell,22488
Logan Bartholomew,22488
William Morgan Sheppard,22488
James Tupper,22488
Michael Fassbender,24469
Harry Treadaway,24469
Katie Jarvis,24469
Kierston Wareing,24469
Rebecca Griffiths,24469
Analeigh Tipton,82533
Greta Gerwig,82533
Carrie MacLemore,82533
Megalyn Echikunwoke,82533
Ryan Metcalf,82533
Colm Feore,50942
Kim Cattrall,50942
Craig T. Nelson,50942
Michael Reilly Burke,50942
Cress Williams,50942
Kirsten Dunst,84174
Isla Fisher,84174
Rebel Wilson,84174
Adam Scott,84174
Lizzy Caplan,84174
Virginia Madsen,34099
John Ralston,34099
Lindsey Haun,34099
Barbara Mamabolo,34099
Nick Roth,34099
John C. Reilly,79940
Zach Galifianakis,79940
Will Ferrell,79940
Eric Wareheim,79940
Tim Heidecker,79940
Alicja Bachleda-Curuś,342
Robert Stadlober,342
Kostja Ullmann,342
Jürgen Tonkel,342
Tristano Casanova,342
Eric Stoltz,281230
Kate Connor,281230
Lyndsy Fonseca,281230
Andy Hirsch,281230
Camryn Manheim,281230
Keith David,38033
Brad Dourif,38033
Betsy Russell,38033
Nikki Reed,38033
Cherilyn Wilson,38033
Ryan Merriman,100975
Gretchen Mol,100975
Patti LuPone,100975
Peter Onorati,100975
Richard V. Licata,100975
Michael Biehn,38541
Courtney B. Vance,38541
Milo Ventimiglia,38541
Ashton Holmes,38541
Lauren German,38541
Ciarán Hinds,39563
Aidan Quinn,39563
Iben Hjejle,39563
Jim Norton,39563
Valerie Spelman,39563
Maria Bello,234212
Frank Grillo,234212
Dustin Milligan,234212
Cody Horn,234212
Megan Park,234212
Paget Brewster,27404
Neil Barton,27404
Eric Hoffman,27404
Darren Keefe,27404
Ashley Head,27404
Talia Shire,170480
Nicholas Turturro,170480
Paul Rodríguez,170480
Gary Valentine,170480
Nick Turturro III,170480
Rooney Mara,71866
Brie Larson,71866
Georgia King,71866
Amy Ferguson,71866
Antonia Steinberg,71866
Andy García,192210
Juliette Lewis,192210
Colin Egglesfield,192210
Camilla Belle,192210
Christiane Torloni,192210
Paul Rudd,180296
Amy Poehler,180296
Bill Hader,180296
Ellie Kemper,180296
Cobie Smulders,180296
Kathryn Fiore,157058
Flip Schultz,157058
Olivia Alexander,157058
Arturo del Puerto,157058
Danny Woodburn,157058
Stacey Asaro,70006
Gralen Bryant Banks,70006
Rus Blackwell,70006
Beau Brasso,70006
Eddie Bravo,70006
Carroll O'Connor,26039
Lee Marvin,26039
Angie Dickinson,26039
Keenan Wynn,26039
Lloyd Bochner,26039
Lenny Venito,79587
Alessandro Gassman,79587
Jennifer Esposito,79587
Francesco Quinn,79587
Joe Urla,79587
Scott Bakula,176077
Jason Priestley,176077
Nikki Reed,176077
Jake Hoffman,176077
Thomas Dekker,176077
Brittany Murphy,260947
Shantel VanSanten,260947
John Robinson,260947
Robert Blanche,260947
James Patrick Stuart,260947
Bokeem Woodbine,342502
RZA,342502
Luke Goss,342502
Louis Mandylor,342502
Brooke Newton,342502
Stacy Keach,43213
Armand Assante,43213
Frank Vincent,43213
Mike Starr,43213
Kathrine Narducci,43213
Malcolm McDowell,44594
Patrick Wilson,44594
Judy Greer,44594
Missi Pyle,44594
Chloë Sevigny,44594
Fernanda Montenegro,666
Marília Pêra,666
Vinícius de Oliveira,666
Othon Bastos,666
Otávio Augusto,666
Peter Falk,248
Glenn Ford,248
Bette Davis,248
Hope Lange,248
Arthur O'Connell,248
Nick Chinlund,325173
Scott Adkins,325173
Caitlin Keats,325173
Jake La Botz,325173
Tony Perez,325173
Brenda Vaccaro,55831
Dyan Cannon,55831
Joseph Bologna,55831
Kate Bosworth,351043
Wes Bentley,351043
Shashawnee Hall,351043
Richard Riehle,351043
Patrick Bauchau,351043
Zoe Sloane,43942
Jade Viggiano,43942
Amancaya Aguilar,43942
Kahiry Bess,43942
Alisha Naragsheth,43942
Cécile de France,10226
Philippe Nahon,10226
Maïwenn,10226
Franck Khalfoun,10226
Andrei Finti,10226
Ryan Kwanten,66942
Maeve Dermody,66942
Marshall Napier,66942
Heather Mitchell,66942
Patrick Brammall,66942
James Remar,356483
Graham Greene,356483
Sherilyn Fenn,356483
Ron Carlson,356483
Allegra Carpenter,356483
Terrence Howard,10476
Anthony Anderson,10476
Taraji P. Henson,10476
Elise Neal,10476
Taryn Manning,10476
Jack Lemmon,239
Tony Curtis,239
Marilyn Monroe,239
George Raft,239
Pat O’Brien,239
Kane Hodder,10281
Lar Park Lincoln,10281
Susan Jennifer Sullivan,10281
Kevin Spirtas,10281
Terry Kiser,10281
Judy Garland,630
Frank Morgan,630
Ray Bolger,630
Bert Lahr,630
Jack Haley,630
Cloris Leachman,3034
Peter Boyle,3034
Madeline Kahn,3034
Marty Feldman,3034
Gene Wilder,3034
Shawn Roberts,13025
Joe Dinicol,13025
Michelle Morgan,13025
Joshua Close,13025
Amy Lalonde,13025
Vidya Balan,21461
Sanjay Dutt,21461
Arshad Warsi,21461
Dilip Prabhavalkar,21461
Dia Mirza,21461
Jessica Biel,55306
Peter Fonda,55306
Patricia Richardson,55306
Christine Dunford,55306
Tom Wood,55306
Mickey Rooney,17264
Teri Garr,17264
Hoyt Axton,17264
Kelly Reno,17264
Clarence Muse,17264
Iben Hjejle,16016
Casper Christensen,16016
Frank Hvam,16016
Ali Kazim,16016
Peter Belli,16016
Lee Marvin,15875
John Wayne,15875
Elizabeth Allen,15875
Cesar Romero,15875
Mike Mazurki,15875
Henri Garcin,5900
Ingeborg Elzevier,5900
Khaldoun Elmecky,5900
Margo Dames,5900
Frans Vorstman,5900
Van Johnson,43306
Spencer Tracy,43306
Irene Dunne,43306
Ward Bond,43306
James Gleason,43306
Madeline Kahn,11072
Harvey Korman,11072
Slim Pickens,11072
Gene Wilder,11072
Cleavon Little,11072
Crispin Glover,9730
Corey Feldman,9730
Kimberly Beck,9730
Erich Anderson,9730
Barbara Howard,9730
Agata Trzebuchowska,209274
Agata Kulesza,209274
Joanna Kulig,209274
Dawid Ogrodnik,209274
Adam Szyszkowski,209274
Hugh Grant,26371
Denholm Elliott,26371
Rupert Graves,26371
Simon Callow,26371
James Wilby,26371
Ralph Macchio,14137
Artie Lange,14137
Anthony DeSando,14137
Jimmy Palumbo,14137
Joe Lo Truglio,14137
Jeff Clark,291
Darrick Doerner,291
Laird Hamilton,291
Dave Kalama,291
David H. Kalama Jr.,291
Karra Elejalde,14139
Candela Fernández,14139
Bárbara Goenaga,14139
Nacho Vigalondo,14139
Juan Inciarte,14139
Huang Bo,33106
Kong Jiu,33106
Shaohua Ma,33106
Xu Zheng,33106
Yung Cheung,33106
Nick Searcy,8875
Josh Randall,8875
Beth Broderick,8875
Sascha Rosemann,8875
T.W. Leshner,8875
Debbie Reynolds,872
Gene Kelly,872
Donald O'Connor,872
Jean Hagen,872
Millard Mitchell,872
Joe Cross,72914
Phil Riverstone,72914
Amy Badberg,72914
Merv Cross,72914
Virginia Cross,72914
Marlon Wayans,139038
Cedric the Entertainer,139038
Nick Swardson,139038
David Koechner,139038
Essence Atkins,139038
Tom Hanks,9591
Steve Zahn,9591
Tom Everett Scott,9591
Ethan Embry,9591
Johnathon Schaech,9591
Tom Atkins,10676
Stacey Nelkin,10676
Dan O'Herlihy,10676
Michael Currie,10676
Ralph Strait,10676
Roddy McDowall,1687
Eric Braeden,1687
Kim Hunter,1687
Bradford Dillman,1687
Natalie Trundy,1687
Paul Newman,24748
Melvyn Douglas,24748
Patricia Neal,24748
Brandon De Wilde,24748
Whit Bissell,24748
Kevin Hart,181330
David Terrell,181330
David Jason Perez,181330
Justine Herron,181330
Harry Ratchford,181330
Keanu Reeves,468
James Russo,468
River Phoenix,468
William Richert,468
Rodney Harvey,468
Peter Sarsgaard,401
Zach Braff,401
Ian Holm,401
Natalie Portman,401
Jean Smart,401
Ethan Hawke,76
Julie Delpy,76
Andrea Eckert,76
Hanno Pöschl,76
Karl Bruckschwaiger,76
Patrick Huard,50538
Michel Côté,50538
Catherine Florent,50538
Albert Millaire,50538
Jean L'Italien,50538
Jack Black,25636
Denis Leary,25636
Billy Crudup,25636
Holly Hunter,25636
Dennis Hopper,25636
Joan Chen,19316
Michelle Krusiec,19316
Lynn Chen,19316
Ato Essandoh,19316
Jessica Hecht,19316
Tannishtha Chatterjee,21074
Satish Kaushik,21074
Christopher Simpson,21074
Naeema Begum,21074
Lana Rahman,21074
Peter Sarsgaard,84329
James Marsden,84329
Liv Tyler,84329
Susan Sarandon,84329
Frank Langella,84329
Scott Speedman,20
Sarah Polley,20
Amanda Plummer,20
Leonor Watling,20
Deborah Harry,20
Miles Teller,157386
Shailene Woodley,157386
Brie Larson,157386
Dayo Okeniyi,157386
Masam Holden,157386
Bill Maher,13007
Jose Luis De Jesus Miranda,13007
Andrew Newberg,13007
Steve Burg,13007
Tal Bachman,13007
George W. Bush,13518
Joshua Tickell,13518
Barbara Boxer,13518
Richard Branson,13518
Sheryl Crow,13518
Diana Scarwid,116584
Pete Postlethwaite,116584
Gabriel Mann,116584
Emily Harrison,116584
Carly Schroeder,46849
Adrian Dunbar,46849
George Harris,46849
Katharine Ross,46849
Christine Adams,46849
Rocky Mayor Anderson,40428
Matt Aune,40428
Tyler Barrick,40428
Bruce Barton,40428
Melissa Bird,40428
Larry Miller,17334
Jesse Metcalfe,17334
Austin Basis,17334
Michael Chen,17334
Nouva Monika Wahlgren,17334
Franka Potente,1698
Benno Fürmann,1698
Anna Loos,1698
Oliver Wnuk,1698
Sebastian Blomberg,1698
Leonor Varela,20764
Jacob Vargas,20764
Luis Fernando Peña,20764
Rainn Wilson,45132
Ellen Page,45132
Kevin Bacon,45132
Liv Tyler,45132
Gregg Henry,45132
Ashley Scott,76706
Lochlyn Munro,76706
A.J. Buckley,76706
Rolanda Watts,76706
Vanessa Evigan,76706
Matt O'Leary,254472
Clifton Collins Jr,254472
Lance Henriksen,254472
Jessica Cook,254472
David Masterson,254472
Natasha Lyonne,332285
Chloë Sevigny,332285
Meg Tilly,332285
Mark Webber,332285
Maxwell McCabe-Lokos,332285
Ossie Davis,49471
Charles S. Dutton,49471
Andre Braugher,49471
Richard Belzer,49471
De'Aundre Bonds,49471
Justine Waddell,13569
Bill Moseley,13569
Marc Blucas,13569
Priscilla Barnes,13569
Jack Ryan,13569
Maya Rudolph,7512
Dax Shepard,7512
Terry Crews,7512
Luke Wilson,7512
Anthony 'Citric' Campos,7512
Kevin Leslie,356216
Simon Cotton,356216
Phil Dunster,356216
Danny Midwinter,356216
Dan Parr,356216
Andrew Shim,11798
Vicky McClure,11798
Thomas Turgoose,11798
Stephen Graham,11798
Jo Hartley,11798
Jean-Claude Van Damme,146631
Bianca Bree,146631
Sean Brosnan,146631
Simon Phillips,146631
Peter Barrett,146631
Red Skelton,43546
Esther Williams,43546
Basil Rathbone,43546
Bill Goodwin,43546
Jean Porter,43546
Aimee Garcia,61038
Al Bandiero,61038
Jossara Jinaro,61038
Gina Rodriguez,61038
Breckin Meyer,78373
Peter Facinelli,78373
Ethan Embry,78373
Ashley Johnson,78373
Eddie Mills,78373
Ava Gardner,17820
Howard Keel,17820
Kathryn Grayson,17820
Joe E. Brown,17820
Marge Champion,17820
Michael Clarke Duncan,74457
Taryn Manning,74457
Luke Perry,74457
Kiele Sanchez,74457
Morgan Simpson,74457
Topher Grace,283384
Donald Sutherland,283384
Susan Sarandon,283384
Ellen Burstyn,283384
Gil Bellows,283384
Phil Hartman,19933
Jon Lovitz,19933
Timothy Stack,19933
Deanna Oliver,19933
Timothy E. Day,19933
Deems Taylor,756
Walt Disney,756
Julietta Novis,756
Leopold Stokowski,756
Nicole Smolen,433715
Kim Baldwin,433715
Ariana Stephens,433715
Bryson Funk,433715
Dana Kimmell,9728
Paul Kratka,9728
Tracie Savage,9728
Jeffrey Rogers,9728
Catherine Parks,9728
Melanie Kinnaman,9731
John Shepherd,9731
Shavar Ross,9731
Richard Young,9731
Marco St. John,9731
Soren Fulton,9916
Henry Thomas,9916
Louise Fletcher,9916
A.J. Buckley,9916
Stewart Finlay-McLennan,9916
Sean Astin,309425
Alexa PenaVega,309425
Mira Sorvino,309425
Brian Bosworth,309425
Cybill Shepherd,309425
Linden Ashby,14156
Joe Manganiello,14156
Brian Austin Green,14156
Melissa Keller,14156
Eddie Alfano,14156
Gregory Peck,43610
Lionel Barrymore,43610
Greer Garson,43610
Donald Crisp,43610
Preston Foster,43610
Diego Boneta,360339
Nate Parker,360339
Jessica Lowndes,360339
Ethan Peck,360339
Mario Casas,360339
Chris Bisson,31163
Saeed Jaffrey,31163
Sally Bankes,31163
Peter Ash,31163
Zohra Sehgal,31163
Brittany Snow,297621
Allison Miller,297621
Rumer Willis,297621
James Wolk,297621
Katey Sagal,297621
Robert Englund,16205
Daniel Kash,16205
Trevor Matthews,16205
David Fox,16205
Dean Hawes,16205
Teresa Wright,887
Dana Andrews,887
Fredric March,887
Myrna Loy,887
Virginia Mayo,887
Nick Stahl,9517
Michael Pitt,9517
Brad Renfro,9517
Bijou Phillips,9517
Rachel Miner,9517
Per Christian Ellefsen,6007
Sven Nordin,6007
Jørgen Langhelle,6007
Marit Pia Jacobsen,6007
Per Christensen,6007
Robert Fontaine,364083
Michael Brainard,364083
Grant Boyd,364083
Michael Derek,364083
Lily Autumn Page,364083
Manuela Velasco,8329
Ferran Terraza,8329
Martha Carbonell,8329
David Vert,8329
Carlos Lasarte,8329
Yul Vazquez,69640
Chad Michael Murray,69640
Martha Higareda,69640
Benito Martinez,69640
Cheyenne Haynes,69640
Lee Ross,347548
Louise Brealey,347548
Sheila Reid,347548
Pippa Nixon,347548
Claire Greasley,347548
Josh Peck,322443
James Ransone,322443
Elisa Lasowski,322443
Attila Árpa,322443
William Gaunt,322443
Sean Connery,657
Robert Shaw,657
Daniela Bianchi,657
Pedro Armendáriz,657
Lotte Lenya,657
Ron Fazio,28165
John Altamura,28165
Phoebe Legere,28165
Rick Collins,28165
Rikiya Yasuoka,28165
Diane Keaton,11561
Woody Allen,11561
John Beck,11561
Mary Gregory,11561
Brian Avery,11561
Maika Monroe,270303
Keir Gilchrist,270303
Daniel Zovatto,270303
Jake Weary,270303
Olivia Luccardi,270303
Woody Allen,11624
Anthony Quayle,11624
John Carradine,11624
Lou Jacobi,11624
Louise Lasser,11624
Gregory Peck,595
Brock Peters,595
James Anderson,595
Mary Badham,595
Phillip Alford,595
Mel Gibson,8810
Bruce Spence,8810
Vernon Wells,8810
Michael Preston,8810
Max Phipps,8810
Jackie Chan,12207
Ti Lung,12207
Anita Mui,12207
Felix Wong,12207
Liu Chia-Liang,12207
Peter Sarsgaard,226
Hilary Swank,226
Chloë Sevigny,226
Brendan Sexton III,226
Alicia Goranson,226
Elizabeth Olsen,92182
Adam Trese,92182
Eric Sheffer Stevens,92182
Julia Taylor Ross,92182
Adam Barnett,92182
Sebastian Koch,582
Martina Gedeck,582
Ulrich Tukur,582
Ulrich Mühe,582
Thomas Thieme,582
Alex Kendrick,72213
Ken Bevel,72213
Ben Davies,72213
Kevin Downes,72213
Rusty Martin,72213
Paul Newman,990
Piper Laurie,990
George C. Scott,990
Jackie Gleason,990
Myron McCormick,990
Spencer Tracy,55604
Clark Gable,55604
Frank Morgan,55604
Claudette Colbert,55604
Hedy Lamarr,55604
Béatrice Bonifassi,9662
Lina Boudreau,9662
Michèle Caucheteux,9662
Jean-Claude Donda,9662
Mari-Lou Gauthier,9662
Adam Beach,20862
Irene Bedard,20862
Evan Adams,20862
Gary Farmer,20862
Tantoo Cardinal,20862
Paul Giamatti,2771
Hope Davis,2771
Judah Friedlander,2771
James Urbaniak,2771
Harvey Pekar,2771
Ethan Hawke,80
Julie Delpy,80
Vernon Dobtcheff,80
Louise Lemoine Torrès,80
Mariane Plasteig,80
Emilio Echevarría,55
Gael García Bernal,55
Vanessa Bauche,55
Goya Toledo,55
Alvaro Guerrero,55
Holly Hunter,11023
Vanessa Hudgens,11023
Evan Rachel Wood,11023
Brady Corbet,11023
Nikki Reed,11023
Gregory Peck,33667
Dorothy McGuire,33667
John Garfield,33667
Celeste Holm,33667
Anne Revere,33667
Jennifer Lawrence,39013
John Hawkes,39013
Dale Dickey,39013
Garret Dillahunt,39013
Kevin Breznahan,39013
Brendan Mackey,11194
Nicholas Aaron,11194
Richard Hawking,11194
Ollie Ryall,11194
Joe Simpson,11194
Jack Haley,43839
Tyrone Power,43839
Alice Faye,43839
Don Ameche,43839
Ethel Merman,43839
John Hawkes,1382
Miranda July,1382
Brandon Ratcliff,1382
Miles Thompson,1382
Carlie Westerman,1382
Matt Damon,44639
George W. Bush,44639
William Ackman,44639
Barack Obama,44639
Jonathan Alpert,44639
Wes Bentley,301351
Zac Efron,301351
Emily Ratajkowski,301351
Nick Rotteveel,301351
Alessandro Lindblad,301351
Forest Whitaker,4816
Henry Silva,4816
Cliff Gorman,4816
Tricia Vessey,4816
Victor Argo,4816
Christian Bale,7873
Eva Longoria,7873
Freddy Rodríguez,7873
Chaka Forman,7873
Tammy Trull,7873
Kate Mara,331190
Mimi Rogers,331190
David Oyelowo,331190
Leonor Varela,331190
Michael Kenneth Williams,331190
Catherine Keener,15186
David Hyde Pierce,15186
David Duchovny,15186
Mary McCormack,15186
Nicky Katt,15186
Stephen Nichols,17994
Tawny Kitaen,17994
Todd Allen,17994
Kathleen Wilhoite,17994
Burke Byrnes,17994
Sook-Yin Lee,1378
Paul Dawson,1378
PJ DeBoy,1378
Jay Brannan,1378
Lindsay Beamish,1378
Ari Folman,8885
Ron Ben-Yishai,8885
Dror Harazi,8885
Ronny Dayag,8885
Campbell Scott,12901
Gerald Burke,12901
Ali Fadhil,12901
Robert Hutchings,12901
Alexander Skarsgård,250124
Kristen Wiig,250124
Christopher Meloni,250124
Bel Powley,250124
Austin Lyon,250124
Buzz Aldrin,14284
Michael Collins,14284
Alan Bean,14284
Eugene Cernan,14284
Charles Duke,14284
Michelle Williams,57120
Will Patton,57120
Bruce Greenwood,57120
Paul Dano,57120
Zoe Kazan,57120
Warren Beatty,12228
Dennis Hopper,12228
Peter Bart,12228
Carl Bernstein,12228
Danny Aiello,22617
John Rothman,22617
Frank Bongiorno,22617
Lexie Sperduto,22617
Zainab Jah,22617
Parker Posey,55561
Lisa Kudrow,55561
Toni Collette,55561
Alanna Ubach,55561
Helen FitzGerald,55561
Matt Bennett,42889
Zack Pearlman,42889
Jacob Davich,42889
Justin Kline,42889
Krysta Rodriguez,42889
Isabelle Adjani,10656
Christopher Lambert,10656
Jean-Hugues Anglade,10656
Richard Bohringer,10656
Michel Galabru,10656
Anton Yelchin,24363
Robin Williams,24363
Téa Leoni,24363
David Duchovny,24363
Erica Tazel,24363
Jess Weixler,13121
John Hensley,13121
Josh Pais,13121
Hale Appleman,13121
Lenny Von Dohlen,13121
Jeffrey Falcon,24746
Justin McGuire,24746
Kim De Angelo,24746
Stephane Gauger,24746
Clifford Hugo,24746
Paul Kaye,12109
Kate Magowan,12109
Neil Maskell,12109
Beatriz Batarda,12109
Pete Tong,12109
Steve Buscemi,27023
Sarah Silverman,27023
Tim Blake Nelson,27023
Romany Malco,27023
John Cho,27023
Bob Hoskins,22913
Frank Harper,22913
Danny Nussbaum,22913
Bruce Jones,22913
Annette Badland,22913
Ron Perlman,273899
Jonathan Rhys Meyers,273899
Jeremy Irvine,273899
Caleb Landry Jones,273899
Jonny Beauchamp,273899
Saif Ali Khan,20653
Kareena Kapoor,20653
Javed Jaffrey,20653
Tanaaz Currim Irani,20653
Vrajesh Hirjee,20653
James Caan,67373
Vincent Pastore,67373
Frank Vincent,67373
Louis Vanaria,67373
James Hong,171759
Mark Dacascos,171759
Alex Kendrick,171759
William Brent,171759
Sammi Hanratty,171759
Anna Kendrick,206296
Jeremy Jordan,206296
Natalie Knepp,206296
Bettina Bresnan,206296
Marceline Hugot,206296
Michael Shannon,35219
Amy Ryan,35219
Linda Emond,35219
Frank Wood,35219
John Ventimiglia,35219
Sarah Douglas,28260
Melinda Clarke,28260
J. Trevor Edmond,28260
Kent McCord,28260
James T. Callahan,28260
Chris Evans,7515
Jessica Biel,7515
Jason Statham,7515
Joy Bryant,7515
Kelli Garner,7515
Maggie Gyllenhaal,13075
Danny Trejo,13075
Brad William Henke,13075
Michelle Hurst,13075
Sandra Rodríguez,13075
Carter Jenkins,335866
Julie Benz,335866
Lisa Pelikan,335866
Cesar Garcia,335866
Mercy Malick,335866
Michael Fassbender,13510
Kelly Reilly,13510
Jack O'Connell,13510
Tara Ellis,13510
Finn Atkins,13510
Frances Fisher,215881
Emily Browning,215881
Cam Gigandet,215881
Xavier Samuel,215881
Dawn Olivieri,215881
James Corden,18238
Paul McGann,18238
MyAnna Buring,18238
Mathew Horne,18238
Vera Filatova,18238
Daniel Buckland,22600
Robert Hobbs,22600
Rapulana Seiphemo,22600
Jeffrey Zekele,22600
Ronnie Nyakale,22600
Colin Salmon,12612
Lee Evans,12612
Ian McNeice,12612
Sean McGinley,12612
Mackenzie Gray,50698
Sean Rogerson,50698
Juan Riedinger,50698
Ashleigh Gryzko,50698
Arthur Corber,50698
Ross Noble,115210
Tommy Knight,115210
Gemma-Leah Devereux,115210
John McDonnell,115210
Melissa Joan Hart,34335
John Terry,34335
Chip Bent,34335
Lawrence Turner,34335
Edrick Browne,34335
Woody Allen,11302
Louise Lasser,11302
Carlos Montalbán,11302
Nati Abascal,11302
Jacobo Morales,11302
Linus Roache,119458
Derek Ting,119458
Richard Ng,119458
Michael Park,119458
Kathy Uyen,119458
Nicholas Gonzalez,20406
Mario Cimarro,20406
Oleg Taktarov,20406
Vitali Baganov,20406
Ricardo Chavira,20406
Orson Welles,3766
Rita Hayworth,3766
Everett Sloane,3766
Glenn Anders,3766
Ted de Corsia,3766
Mircea Monroe,18616
Stephen Martines,18616
Valerie Cruz,18616
Desmond Askew,18616
Michael Robert Brandon,18616
Jake Gyllenhaal,18808
Jared Leto,18808
Selma Blair,18808
Jeremy Piven,18808
John C. McGinley,18808
Billy Crystal,95755
Juno Temple,95755
James Caan,95755
Dolph Lundgren,95755
Matt Lucas,95755
Adrianne Palicki,198062
Ben Schwartz,198062
Glenn Howerton,198062
Steve Little,198062
Josh Groban,198062
Reggie Bannister,188652
Will Keenan,188652
Creed Bratton,188652
De Anna Joy Brooks,188652
Jed Rowen,188652
Paul Rudd,174311
Paul Giamatti,174311
Sally Hawkins,174311
Peter Hermann,174311
Michael Drayer,174311
Christopher Lee,12602
Karin Dor,12602
Lex Barker,12602
Carl Lange,12602
Christiane Rücker,12602
Ryan Phillippe,153795
Powers Boothe,153795
Anna Paquin,153795
Luke Wilson,153795
Riley Thomas Stewart,153795
Jack Gilford,17768
Zero Mostel,17768
Phil Silvers,17768
Buster Keaton,17768
Michael Crawford,17768
Michael Moore,13516
Eddie Vedder,13516
Robert Ellis Orrall,13516
Steve Earle,13516
Celeste Zappala,13516
Lou Taylor Pucci,98549
Henry Thomas,98549
Eric Balfour,98549
James Lafferty,98549
Summer Glau,98549
Tim Ogletree,312793
Troy Ogletree,312793
Dave Sheridan,312793
Joey Oglesby,312793
Sophia Taylor Ali,312793
Lucas Till,309919
Bella Heathcote,309919
Helen Slater,309919
Penelope Mitchell,309919
Mark L. Young,309919
Dolph Lundgren,299553
James Chalke,299553
Sara Malakul Lane,299553
Michael Aaron Milligan,299553
Ibrahim Renno Jr.,299553
Crispin Glover,21309
Keanu Reeves,21309
Dennis Hopper,21309
Daniel Roebuck,21309
Ione Skye,21309
Nick Nolte,32235
James Woods,32235
Claire Forlani,32235
Daryl Hannah,32235
Douglas Sebern,32235
Mike Mizanin,329540
Melissa Roxburgh,329540
Josh Blacker,329540
Matthew MacCaull,329540
Paul McGillion,329540
Ryan Reynolds,26388
Samantha Mathis,26388
Stephen Tobolowsky,26388
José Luis García Pérez,26388
Robert Paterson,26388
Paddy Considine,49020
Noah Taylor,49020
Sally Hawkins,49020
Craig Roberts,49020
Gemma Chan,49020
Khalid Abdalla,159037
Dina Abdullah,159037
Dina Amer,159037
Magdy Ashour,159037
Ramy Essam,159037
Lizzie Brocheré,12838
Arthur Dupont,12838
Guillaume Baché,12838
Pierre Perrier,12838
Nicolas Nollet,12838
Prabhu Deva,157293
Ganesh Acharya,157293
Kay Kay Menon,157293
Lauren Gottlieb,157293
Salman Yusuff Khan,157293
Philippe Petit,14048
Jean François Heckel,14048
Jean-Louis Blondeau,14048
Annie Allix,14048
David Forman,14048
Dominic Purcell,356987
Peter Feeney,356987
Owen Black,356987
Siobhan Marshall,356987
Serena Cotton,356987
Cory Hardrict,295886
Keke Palmer,295886
Eric D. Hill Jr.,295886
Quincy Brown,295886
Nafessa Williams,295886
Iris Bahr,38358
Patrick Fabian,38358
Ashley Bell,38358
Caleb Landry Jones,38358
Louis Herthum,38358
David Morrissey,33511
Kristin Scott Thomas,33511
Aaron Taylor-Johnson,33511
Anne-Marie Duff,33511
David Threlfall,33511
Marlon Brando,702
Karl Malden,702
Vivien Leigh,702
Kim Hunter,702
Rudy Bond,702
Peter Sellers,935
George C. Scott,935
Slim Pickens,935
Keenan Wynn,935
Sterling Hayden,935
Gael García Bernal,542
Ana Claudia Talancón,542
Angélica Aragón,542
Sancho Gracia,542
Ernesto Gómez Cruz,542
Quvenzhané Wallis,84175
Dwight Henry,84175
Levy Easterly,84175
Gina Montana,84175
Lowell Landes,84175
Roddy McDowall,1705
Natalie Trundy,1705
Austin Stoker,1705
Severn Darden,1705
Claude Akins,1705
Janet McTeer,62677
Jane Adams,62677
Michael Davis,62677
Michael Goodwin,62677
Gregory Russell Cook,62677
Donna Murphy,50875
Vera Farmiga,50875
John Hawkes,50875
Dagmara Domińczyk,50875
Joshua Leonard,50875
Silambarasan,260778
Hansika Motwani,260778
Santhanam,260778
VTV Ganesh,260778
Brahmanandam,260778
Peter Berg,58492
Morgan Spurlock,58492
Paul Brennan,58492
Ralph Nader,58492
Brett Ratner,58492
Steve Buscemi,44562
Ned Beatty,44562
Eric Christmas,44562
Harper Roisman,44562
Sam Jenkins,44562
Tshewang Dendup,37232
Sonam Lhamo,37232
Lhakpa Dorji,37232
Deki Yangzom,37232
Sonam Kinga,37232
Clint Eastwood,4929
Pat Hingle,4929
Inger Stevens,4929
Ed Begley,4929
Ben Johnson,4929
Kim Hunter,36334
Ed Begley,36334
Humphrey Bogart,36334
Ethel Barrymore,36334
Warren Stevens,36334
Tom Cavanagh,9783
Paget Brewster,9783
Jeffrey Anderson-Gunter,9783
Cas Anvar,9783
Jordi Caballero,9783
Brad Greenquist,386826
Joey Kern,386826
Luke Edwards,386826
Bree Williamson,386826
Perry Laylon Ojeda,386826
Casey Dubois,205126
Iain Belcher,205126
Andrea Brooks,205126
Nicholas Carella,205126
Emily Holmes,205126
Stacey Dash,98557
Wesley Jonathan,98557
Reagan Gomez-Preston,98557
Persia White,98557
Jason Weaver,98557
Franka Potente,104
Armin Rohde,104
Moritz Bleibtreu,104
Herbert Knaup,104
Nina Petri,104
Anna Faris,10894
Angela Bettis,10894
Jeremy Sisto,10894
James Duval,10894
Nichole Hiltz,10894
CJ Adams,246449
Natasha Henstridge,246449
Erin Pitt,246449
Ted Whittall,246449
Rainbow Francks,246449
America Ferrera,32579
Adrián Alonso Barona,32579
Eugenio Derbez,32579
Kate del Castillo,32579
Angelina Peláez,32579
Roddy McDowall,1688
Ricardo Montalban,1688
Severn Darden,1688
Don Murray,1688
Hari Rhodes,1688
Nick Stahl,1999
Sissy Spacek,1999
Marisa Tomei,1999
Tom Wilkinson,1999
William Mapother,1999
Chad Lindberg,43947
Rodney Eastman,43947
Sarah Butler,43947
Daniel Franzese,43947
Jeff Branson,43947
Ron Perlman,24066
Steve Zahn,24066
William H. Macy,24066
Jeremy Northam,24066
Ally Walker,24066
Emily Blunt,9709
Paddy Considine,9709
Natalie Press,9709
Dean Andrews,9709
Irrfan Khan,191714
Nimrat Kaur,191714
Nawazuddin Siddiqui,191714
Denzil Smith,191714
Bharati Achrekar,191714
Sam Neill,25312
Joan Allen,25312
Shirley Henderson,25312
Simon Abkarian,25312
Stephanie Leonidas,25312
Lionel Barrymore,34106
Edward Arnold,34106
James Stewart,34106
Jean Arthur,34106
Mischa Auer,34106
Deborah Kerr,11426
Burt Lancaster,11426
Montgomery Clift,11426
Donna Reed,11426
Frank Sinatra,11426
John Wayne,13909
Joanne Dru,13909
Ben Johnson,13909
John Agar,13909
"Harry Carey, Jr.",13909
Kevin Pollak,206284
Shawnee Smith,206284
Michael Welch,206284
AJ Michalka,206284
James Denton,206284
Eddie Griffin,27455
Master P,27455
Amie Petersen,27455
Frank Sivero,27455
Daphnée Duplaix Samuel,27455
Essence Atkins,66468
Cordell Moore,66468
Denise Boutte,66468
Tempestt Bledsoe,66468
Lamman Rucker,66468
Nadine Labaki,7973
Yasmine Al Massri,7973
Joanna Moukarzel,7973
Gisèle Aouad,7973
Adel Karam,7973
Julia Stiles,283686
Stephen Rea,283686
Scott Speedman,283686
Alejandro Furth,283686
Pixie Davies,283686
Ohad Knoller,15976
Yousef Sweid,15976
Daniella Wircer,15976
Alon Friedman,15976
Zion Baruch,15976
Harrison Ford,592
Gene Hackman,592
Frederic Forrest,592
John Cazale,592
Cindy Williams,592
Amitabh Bachchan,74084
Annabelle Wallis,74084
Revathi,74084
Karan Sharma,74084
Malcolm Stoddard,74084
Catherine Deneuve,1651
Jean-Paul Belmondo,1651
Michel Bouquet,1651
Nelly Borgeaud,1651
Martine Ferrière,1651
Jared Harris,25428
Judy Greer,25428
Joshua Jackson,25428
Marisa Coughlan,25428
Shalom Harlow,25428
Eli Roth,298584
Matthew Daddario,298584
Samuel Davis,298584
Dustin Ingram,298584
Gage Golightly,298584
Keri Russell,10758
Nathan Fillion,10758
Cheryl Hines,10758
Andy Griffith,10758
Eddie Jemison,10758
Jean-Claude Van Damme,11690
Philip Chan Yan-Kin,11690
Bolo Yeung,11690
Roy Chiao,11690
Donald Gibb,11690
Edward Arnold,3083
James Stewart,3083
Jean Arthur,3083
Claude Rains,3083
Guy Kibbee,3083
Rosario Dawson,9344
Chloë Sevigny,9344
Justin Pierce,9344
Leo Fitzpatrick,9344
Sajan Bhagat,9344
Jesse Eisenberg,10707
Laura Linney,10707
Jeff Daniels,10707
William Baldwin,10707
Owen Kline,10707
Jon Hamm,15647
Tovah Feldshuh,15647
Jennifer Westfeldt,15647
Esther Wurmfeld,15647
Hillel Friedman,15647
Dave Bautista,308529
Jean-Claude Van Damme,308529
Darren Shahlavi,308529
Sara Malakul Lane,308529
Alain Moussi,308529
Gregory Peck,4174
Ingrid Bergman,4174
Michael Chekhov,4174
Rhonda Fleming,4174
Leo G. Carroll,4174
Bruce Greenwood,20156
Elias Koteas,20156
Mia Kirshner,20156
Sarah Polley,20156
Don McKellar,20156
Mickey Rourke,9464
Christina Ricci,9464
Ben Gazzara,9464
Rosanna Arquette,9464
Vincent Gallo,9464
Rose Byrne,49018
Patrick Wilson,49018
Lin Shaye,49018
Barbara Hershey,49018
Ty Simpkins,49018
Tracey Walter,13820
Emilio Estevez,13820
Harry Dean Stanton,13820
Olivia Barash,13820
Sy Richardson,13820
Ricardo Darín,18079
Gastón Pauls,18079
Leticia Brédice,18079
María Mercedes Villagra,18079
Gabriel Correa,18079
Ami Ayalon,127918
Avraham Shalom,127918
Yaakov Peri,127918
Carmi Gillon,127918
Avi Dichter,127918
Catherine Keener,17113
Daniel Day-Lewis,17113
Paul Dano,17113
Camilla Belle,17113
Ryan McDonald,17113
Bill Hader,129139
Johnny Simmons,129139
Alia Shawkat,129139
Aubrey Plaza,129139
Sarah Steele,129139
Eric Stoltz,507
Bruce Ramsay,507
Jean-Hugues Anglade,507
Julie Delpy,507
Tai Thai,507
Billy Zane,4012
Ryan Gosling,4012
Theresa Russell,4012
Summer Phoenix,4012
Joshua Harto,4012
Kate Beckinsale,14054
Sam Rockwell,14054
Amy Sedaris,14054
Olivia Thirlby,14054
Michael Angarano,14054
Rusty Joiner,323271
Murray Gray,323271
James Gaudioso,323271
Erin Boyes,323271
Josh Lucas,10972
Peter Mullan,10972
David Caruso,10972
Brendan Sexton III,10972
Stephen Gevedon,10972
Jeff Garlin,13066
Elle Fanning,13066
Sarah Silverman,13066
Bonnie Hunt,13066
Jessy Schram,13066
Danny Glover,66025
Nia Long,66025
Evan Ross,66025
Summer Bishil,66025
Joel David Moore,11908
Kane Hodder,11908
Deon Richmond,11908
Tamara Feldman,11908
Mercedes McNab,11908
Charlie Chaplin,3082
Paulette Goddard,3082
Henry Bergman,3082
Tiny Sandford,3082
Chester Conklin,3082
Kevin Pollak,39541
Bonnie Hunt,39541
Eddie Kaye Thomas,39541
Aidan Quinn,39541
Lisa Dodson,39541
Bruce Campbell,1961
Grace Thorsen,1961
Ted Raimi,1961
Adam Boyd,1961
Mike Estes,1961
Terrence Howard,51820
Darrin Henson,51820
Dondre Whitfield,51820
Kym Whitley,51820
Monica Calhoun,51820
Larry Miller,291362
David Koechner,291362
Adam Carolla,291362
Diane Farr,291362
Mindy Robinson,291362
Rip Torn,30082
Dina Korzun,30082
Darren E. Burrows,30082
Andrew Henderson,30082
Elizabeth Morton,30082
Chris Cooper,72913
Yul Vazquez,72913
DJ Qualls,72913
Garret Dillahunt,72913
Lucas Neff,72913
Stephen McHattie,23963
Lisa Houle,23963
Georgina Reilly,23963
Hrant Alianak,23963
Rick Roberts,23963
Jimmy Bennett,29406
Michelle Monaghan,29406
Joey Lauren Adams,29406
Nathan Fillion,29406
Mika Boorem,29406
Bruce Davison,104755
Sheri Moon Zombie,104755
Meg Foster,104755
Jeff Daniel Phillips,104755
Judy Geeson,104755
Morgana O'Reilly,253306
Rima Te Wiata,253306
Glen-Paul Waru,253306
Cameron Rhodes,253306
Millen Baird,253306
Lee Scott,29595
Don Hunter,29595
Jon Hunter,29595
Jeremy Hunter,29595
Matt Hunter,29595
Jay Baruchel,46729
Sarah Lind,46729
Jim Byrnes,46729
Neil Denis,46729
Chilton Crane,46729
Michael Rapaport,294600
Chazz Palminteri,294600
Paul Sorvino,294600
Renee Props,294600
Mark Strong,137347
Vera Farmiga,137347
Harry Lloyd,137347
Anton Lesser,137347
Joe Armstrong,137347
Kim Coates,290370
Holly Deveaux,290370
Ashanti,290370
Amber Marshall,290370
Jason Cermak,290370
Jason Lee,426469
Brighton Sharbino,426469
Roni Akurati,426469
Anjul Nigam,426469
Hilarie Burton,426469
Danny Glover,356841
Sean Astin,356841
Vinnie Jones,356841
Mischa Barton,356841
Michael Paré,356841
Timothy Hutton,301325
Natasha Lyonne,301325
Taryn Manning,301325
Chloë Sevigny,301325
Balthazar Getty,301325
Zane Holtz,347755
Glen Powell,347755
Kiowa Gordon,347755
Castille Landon,347755
Johnny Sequoyah,347755
Adriana Caselotti,408
Lucille La Verne,408
Harry Stockwell,408
Roy Atwell,408
Pinto Colvig,408
Mía Maestro,44413
María Alché,44413
Mercedes Morán,44413
Carlos Belloso,44413
Alejandro Urdapilleta,44413
Sean Connery,39209
Jack Hawkins,39209
Stephen Boyd,39209
Brigitte Bardot,39209
Peter van Eyck,39209
Werner Herzog,48463
Kitana Baker,48463
Gabriel Beistain,48463
Russell Williams II,48463
David A. Davidson,48463
James Remar,394047
Lea Thompson,394047
Sherry Stringfield,394047
Jayson Blair,394047
Allison Paige,394047
Ali Cobrin,312791
Erin Agostino,312791
James Thomas,312791
Alice Hunter,312791
Alyson Bath,312791
Mathieu Amalric,266034
Léa Drucker,266034
Stéphanie Cléau,266034
Laurent Poitrenaux,266034
Lance Henriksen,280381
James Oliver,280381
Jonathan Mangum,280381
Alison Raimondi,280381
Angela Jones,280381
Cesar Romero,2661
Adam West,2661
Burt Ward,2661
Lee Meriwether,2661
Burgess Meredith,2661
Jason Flemyng,100
Jason Statham,100
Vinnie Jones,100
Dexter Fletcher,100
Nick Moran,100
Edward James Olmos,218500
James Gammon,218500
Tom Bower,218500
Ulrich Thomsen,309
Thomas Bo Larsen,309
Henning Moritzen,309
Paprika Steen,309
Birthe Neumann,309
Steve Buscemi,27845
Carol Kane,27845
Mark Boone Junior,27845
Chloë Sevigny,27845
Bronson Dudley,27845
Kiều Chinh,25784
Long Nguyen,25784
Diem Lien,25784
Jayvee Mai The Hiep,25784
Khanh Doan,25784
Karen Allen,52790
Peter Coyote,52790
Robert Burke,52790
Amber Willenborg,52790
Jack MacDonald,52790
Stephen McHattie,100275
Thure Lindhardt,100275
Georgina Reilly,100275
Dylan Smith,100275
Alain Goulem,100275
Elina Abai Kyzy,295914
Aziz Muradillayev,295914
Nasira Mambetov,295914
Adilet Usubaliyev,295914
Mirlan Abdulayev,295914
Maury Chaykin,42033
Lenore Zann,42033
Kate Lynch,42033
Kevin King,42033
John Walsch,42033
Mario Van Peebles,19187
Andy Dick,19187
Adam Goldberg,19187
Judy Greer,19187
Abhishek Bachchan,46415
Uday Chopra,46415
Tanisha Mukherjee,46415
Richa Pallod,46415
Gaurav Gera,46415
Mircea Monroe,38570
Bryan Callen,38570
Noureen DeWulf,38570
Stephen Kramer Glickman,38570
Austin Michael Scott,38570
Carly Schroeder,27588
Cody Linley,27588
Brie Gabrielle,27588
Chloe Bridges,27588
Micah Alberti,27588
Laurence Olivier,223
George Sanders,223
Judith Anderson,223
Joan Fontaine,223
Nigel Bruce,223
Amy Steel,9725
John Furey,9725
Adrienne King,9725
Kirsten Baker,9725
Betsy Palmer,9725
Howard Da Silva,28580
Ray Milland,28580
Jane Wyman,28580
Phillip Terry,28580
Doris Dowling,28580
John Heard,23730
Daniel Stern,23730
Christopher Curry,23730
Kim Greist,23730
Laure Mattos,23730
Jorge Diaz,84197
Resmine Atis,84197
Baby Bash,84197
David Bianchi,84197
Chingo Bling,84197
Michael Madsen,46256
Scott Eastwood,46256
Ernest Borgnine,46256
Georgina Cordova,46256
Joseph Cotten,19997
Marilyn Monroe,19997
Jean Peters,19997
Max Showalter,19997
Denis O'Dea,19997
Roddy McDowall,43266
Donald Crisp,43266
Walter Pidgeon,43266
Maureen O'Hara,43266
Anna Lee,43266
Felicia Pearson,278316
Zaraah Abrahams,278316
Elvis Nolasco,278316
Steven Hauck,278316
Stephen Tyrone Williams,278316
Andie MacDowell,1412
James Spader,1412
Peter Gallagher,1412
Laura San Giacomo,1412
Ron Vawter,1412
Danny Glover,176
Cary Elwes,176
Monica Potter,176
Michael Emerson,176
Ken Leung,176
Kevin Heffernan,39939
Jay Chandrasekhar,39939
Steve Lemme,39939
Paul Soter,39939
Geoffrey Arend,39939
Lisa Owen,215924
Ximena Ayala,215924
Sonia Franco,215924
Wendy Guillén,215924
Andrea Baeza,215924
Naseeruddin Shah,480
Lillete Dubey,480
Vijay Raaz,480
Tillotama Shome,480
Vasundhara Das,480
Mark Ruffalo,14295
Matthew Broderick,14295
Laura Linney,14295
Rory Culkin,14295
Jon Tenney,14295
Shirley MacLaine,11219
John Forsythe,11219
Mildred Dunnock,11219
Edmund Gwenn,11219
Mildred Natwick,11219
Michelle Williams,20770
Natasha Lyonne,20770
Bud Cort,20770
Brandt Wille,20770
RuPaul,20770
Scott Elrod,176124
Dorian Brown,176124
Charles Henry Wyson,176124
James Devoti,176124
Nicole Leigh,176124
Steve Buscemi,500
Tim Roth,500
Harvey Keitel,500
Michael Madsen,500
Chris Penn,500
Nigel Bruce,60400
Shirley Temple,60400
Spring Byington,60400
Gale Sondergaard,60400
Eddie Collins,60400
Eli Wallach,429
Clint Eastwood,429
Lee Van Cleef,429
Aldo Giuffrè,429
Luigi Pistilli,429
Regina Casé,310569
Michel Joelsas,310569
Camila Márdila,310569
Karine Teles,310569
Lourenço Mutarelli,310569
Tania Raymonde,98369
Marshall Allman,98369
Claire Holt,98369
Justin Welborn,98369
Eric Lange,98369
Samantha King,89750
Barbara Brenner,89750
Barbara Ehrenreich,89750
Nancy Brinker,89750
Susan Love,89750
Sarah Silverman,49951
Robin Williams,49951
Jonathan Winters,49951
Patricia Arquette,49951
Déborah Révy,86331
Hélène Zimmer,86331
Gowan Didi,86331
Johnny Amaro,86331
Johan Libéreau,86331
Juan Carlos Montoya,355629
Rodrigo Viaggio,355629
Irma Maury,355629
Antonio Arrué,355629
Viviana Andrade,355629
Johnny Knoxville,16433
Christina Applegate,16433
Gabriel Macht,16433
Robert Forster,16433
Marley Shelton,16433
Michael Cera,15544
Frankie Muniz,15544
Denise Boutte,15544
Patrick J. Adams,15544
Ryan Pinkston,15544
Olivia de Havilland,43884
Nigel Bruce,43884
Errol Flynn,43884
Patric Knowles,43884
Henry Stephenson,43884
Edward Furlong,107315
Michael Berryman,107315
Kristin Booth,107315
Michael Eisner,107315
Dee Hanna,107315
Seth Green,13064
Shane McDermott,13064
Brittney Powell,13064
Chris Conrad,13064
Edie McClurg,13064
Godfrey Cambridge,59917
Raymond St. Jacques,59917
Calvin Lockhart,59917
Judy Pace,59917
Redd Foxx,59917
Sienna Guillory,157422
Enzo Cilenti,157422
Gianni Capaldi,157422
Michele Hicks,157422
Sonja Kinski,157422
Robert Loggia,310933
Wilson Jermaine Heredia,310933
Charles Durning,310933
Tony Todd,310933
Dustin Diamond,310933
Ryan Reynolds,7553
Luis Guzmán,7553
Justin Long,7553
Anna Faris,7553
David Koechner,7553
Toby Kebbell,12877
Paddy Considine,12877
Jo Hartley,12877
Gary Stretch,12877
Seamus O'Neill,12877
Vincent Price,39895
Clu Gulager,39895
Terry Kiser,39895
Rosalind Cash,39895
Cameron Mitchell,39895
Wei-Qiang Zhang,55616
Tara Birtwhistle,55616
David Moroni,55616
CindyMarie Small,55616
Johnny A. Wright,55616
Frank Rautenbach,29697
Jeanne Neilson,29697
Hamilton Dlamini,29697
Sean Cameron Michael,29697
Rochelle Buchan,29697
Michael Rogers,50037
Scott Hylands,50037
Marilyn Norry,50037
Eva Allan,50037
Rondel Reynoldson,50037
Iko Uwais,94329
Joe Taslim,94329
Donny Alamsyah,94329
Yayan Ruhian,94329
Ray Sahetapy,94329
Luke Goss,53502
Joshua Alba,53502
Matthew R. Anderson,53502
Laura Chinn,53502
Cameron Goodman,53502
Joe Marino,202604
Humphrey Bogart,289
Claude Rains,289
Ingrid Bergman,289
Paul Henreid,289
Conrad Veidt,289
Talia Zucker,27374
Rosie Traynor,27374
David Pledger,27374
Martin Sharpe,27374
Steve Jodrell,27374
Ranbir Kapoor,26815
Sumeet Darshan Dobhal,26815
Gauhar Khan,26815
Shazahn Padamsee,26815
Prem Chopra,26815
Bruce Dern,811
Ron Rifkin,811
Cliff Potts,811
Jesse Vint,811
Steven Brown,811
Sylvester Stallone,1366
Talia Shire,1366
Burt Young,1366
Carl Weathers,1366
Burgess Meredith,1366
Brady Corbet,244776
Christopher Abbott,244776
Stephanie Ellis,244776
Gitte Witt,244776
Albert Finney,5769
Susannah York,5769
Hugh Griffith,5769
Edith Evans,5769
Joan Greenwood,5769
Shelley Hennig,277685
Moses Jacob Storm,277685
Renee Olstead,277685
William Peltz,277685
Jacob Wysocki,277685
Jodie Foster,103
Robert De Niro,103
Harvey Keitel,103
Peter Boyle,103
Cybill Shepherd,103
Patrick Macnee,11298
Dennis Dugan,11298
Christopher Stone,11298
Belinda Balaski,11298
Kevin McCarthy,11298
Sean Connery,646
Ursula Andress,646
Joseph Wiseman,646
Jack Lord,646
Bernard Lee,646
Jesse McCartney,93856
Olivia Taylor Dudley,93856
Jonathan Sadowski,93856
Ingrid Bolsø Berdal,93856
Alex Feldman,93856
Andrew Robinson,9003
Clare Higgins,9003
Ashley Laurence,9003
Sean Chapman,9003
Oliver Smith,9003
Ray Wise,347126
Melissa Joan Hart,347126
Jesse Metcalfe,347126
Hayley Orrantia,347126
David A.R. White,347126
Jon Bon Jovi,10092
Jared Padalecki,10092
Julian Morris,10092
Lindy Booth,10092
Sandra McCoy,10092
Takehiro Murata,10643
Naomi Nishida,10643
Mayu Suzuki,10643
Hiroshi Abe,10643
Shirô Sano,10643
Michelle Williams,46705
Ryan Gosling,46705
Mike Vogel,46705
John Doman,46705
Faith Wladyka,46705
Kevin Zegers,546
Elizabeth Peña,546
Felicity Huffman,546
Danny Burstein,546
Maurice Orozco,546
Fernanda Andrade,76487
Simon Quarterman,76487
Evan Helmuth,76487
Ionut Grama,76487
Suzan Crowley,76487
Dolly Read,5722
Cynthia Myers,5722
Marcia McBroom,5722
John Lazar,5722
Michael Blodgett,5722
Richard Egan,39833
Debra Paget,39833
Elvis Presley,39833
Robert Middleton,39833
William Campbell,39833
Billy West,1781
George W. Bush,1781
George H. W. Bush,1781
Al Gore,1781
Ronald Reagan,1781
John Wayne,18712
John Agar,18712
Adele Mara,18712
Forrest Tucker,18712
Wally Cassell,18712
Christina Aguilera,7944
Mick Jagger,7944
Keith Richards,7944
Charlie Watts,7944
Ronnie Wood,7944
Kirby Bliss Blanton,171424
Lorenza Izzo,171424
Ariel Levy,171424
Sky Ferreira,171424
Nicolas Martinez,171424
Juliet Stevenson,361475
Alex Lawther,361475
Phénix Brossard,361475
Finbar Lynch,361475
Niamh Cusack,361475
Moon Bloodgood,113947
William H. Macy,113947
Helen Hunt,113947
John Hawkes,113947
Annika Marks,113947
Michael Pollan,18570
Eric Schlosser,18570
Richard Lobb,18570
Vince Edwards,18570
Carole Morison,18570
Robert Amaya ,83860
Rachel Hendrix ,83860
Jason Burkey,83860
John Schneider,83860
Philip Seymour Hoffman,41469
Hope Davis,41469
Jason Lewis,41469
Holland Taylor,41469
Alan Gelfant,41469
Bill Hader,244772
Ty Burrell,244772
Kristen Wiig,244772
Boyd Holbrook,244772
Luke Wilson,244772
Hugh Dancy,50837
John Hawkes,50837
Brady Corbet,50837
Elizabeth Olsen,50837
Sarah Paulson,50837
Gaby Hoffmann,248774
Jenny Slate,248774
Jake Lacy,248774
Paul Briganti,248774
Stephen Singer,248774
Melissa Leo,10183
Misty Upham,10183
Charlie McDermott,10183
John Canoe,10183
Jay Klaitz,10183
Bette Midler,159014
Sheryl Crow,159014
Mick Jagger,159014
Sting,159014
Bruce Springsteen,159014
Robert Downey Jr.,32456
Heather Graham,32456
Natasha Gregson Wagner,32456
Angel David,32456
Frederique van der Wal,32456
Liev Schreiber,49963
Catherine Keener,49963
Anne Heche,49963
Randall Batinkoff,49963
Amy Braverman,49963
Tom Hanks,13508
Mel Gibson,13508
Martin Sheen,13508
Zach Braff,22597
Timothy Olyphant,22597
Dean Cain,22597
Ben Weber,22597
Matt McGrath,22597
Ossie Davis,9707
Bruce Campbell,9707
Ella Joyce,9707
Heidi Marnhout,9707
Bob Ivy,9707
Saul Williams,37532
Sonja Sohn,37532
Bonz Malone,37532
Beau Sia,37532
Wilford Brimley,26791
Richard Dutcher,26791
Matthew A. Brown,26791
Hrithik Roshan,56666
Karisma Kapoor,56666
Jaya Bachchan,56666
Neha,56666
Bikram Saluja,56666
Trey Parker,8675
Matt Stone,8675
Dian Bachar,8675
Ron Jeremy,8675
Michael Dean Jacobs,8675
Danny McBride,13132
Zooey Deschanel,13132
Paul Schneider,13132
Maurice Compte,13132
Heather McComb,13132
Cathy Moriarty,47686
David Arquette,47686
Kathryn Erbe,47686
Brad Hunt,47686
Patrick McGaw,47686
Frances Fisher,46989
David Strathairn,46989
Margaret Colin,46989
Agnes Bruckner,46989
A.J. Buckley,46989
James Franco,192132
Emma Roberts,192132
Nat Wolff,192132
Jack Kilmer,192132
Zoe Levin,192132
Fouad Habash,24424
Nisrine Rihan,24424
Elias Saba,24424
Youssef Sahwani,24424
Abu George Shibli,24424
Will Arnett,13198
Patrick Fugit,13198
Leslie Bibb,13198
Shannyn Sossamon,13198
Shea Whigham,13198
Archie Panjabi,244267
Michael Pitt,244267
Brit Marling,244267
Astrid Bergès-Frisbey,244267
Steven Yeun,244267
Shia LaBeouf,21413
Kathleen Quinlan,21413
Amy Smart,21413
Elden Henson,21413
Billy Kay,21413
Anwar Congo,123678
Herman Koto,123678
Syamsul Arifin,123678
Ibrahim Sinik,123678
Yapto Soerjosoemarno,123678
Brian Keith Allen,13362
Moazzam Begg,13362
Christopher Beiring,13362
Alex Gibney,13362
Pelé,39183
Franz Beckenbauer,39183
Carlos Alberto,39183
Raphael de la Sierra,39183
Phil Woosnam,39183
Aasheekaa Bathija,62402
Thomas Garvey,62402
Kumar Gaurav,62402
Rufus Graham,62402
Asim Mujahid,62402
Genevieve Bachman,201132
William Brotman,201132
Michael Christiansen,201132
Tom Hamann,201132
George Lampman,201132
Jason Bateman,251471
Matthias Klie,251471
Rosanna Arquette,112456
John Schneider,112456
Randy Wayne,112456
Sean Michael Afable,112456
Jason Dundas,112456
Irrfan Khan,20296
Anil Kapoor,20296
Arshad Warsi,20296
Sunil Shetty,20296
Emraan Hashmi,20296
Greta Gerwig,25983
Mary Woronov,25983
Jocelin Donahue,25983
AJ Bowen,25983
Heather Robb,25983
David Hyde Pierce,66195
Nathaniel Parker,66195
Clayne Crawford,66195
Helen Reddy,66195
Mark Ruffalo,16155
Sam Rockwell,16155
Steve Zahn,16155
Paul Giamatti,16155
Josh Pais,16155
Jonathan Taylor Thomas,46727
Daryl Hannah,46727
Jesse Bradford,46727
Tiffani Thiessen,46727
Jordan Brower,46727
Mark Ruffalo,55180
Yul Vazquez,55180
Dan Zukovic,55180
Sibel Ergener,55180
James Lorinz,55180
Thomas Haden Church,29015
Jamie Kennedy,29015
Rob Lowe,29015
Jordan Ladd,29015
James Gunn,29015
Will Rothhaar,91122
Shiloh Fernandez,91122
Theresa Russell,91122
Hallee Hirsh,91122
Colin Hanks,18206
Ana Claudia Talancón,18206
Jordana Spiro,18206
Jonathon Trent,18206
Alex Boling,18206
Benjamin Dickinson,320146
Nora Zehetner,320146
Dan Gill,320146
Alexia Rasmussen,320146
Gavin McInnes,320146
Michael Rapaport,13856
Jack Kehler,13856
Josh Peck,13856
Alexandra Holden,13856
Robert Baker,13856
David Keith,56491
Mariel Hemingway,56491
David Millbern,56491
Jill Bennett,56491
Sydney Jackson,56491
Carla Gugino,99826
Ethan Hawke,99826
Frank Whaley,99826
Lynn Cohen,99826
Jillian Stacom,99826
Armando Espitia,186935
Andrea Vergara,186935
Linda Gonzalez,186935
Juan Eduardo Palacios,186935
Kenny Johnston,186935
Shehzad Sheikh,357441
Ayesha Omar,357441
Yasir Hussain,357441
Javed Sheikh,357441
Michelle Horn,19344
Erin Kelly,19344
Diane Gaidry,19344
Laura Breckenridge,19344
Gustine Fudickar,19344
Jake Cherry,242083
Matt Walsh,242083
Meredith Hagner,242083
James Adomian,242083
Derek Waters,242083
Edward Furlong,18869
William Sadler,18869
Rachael Bella,18869
Randy Wayne,26673
Caroline D'Amore,26673
Jareb Dauplaise,26673
Lauren C. Mayhew,26673
Dan Levy,26673
Oliver Reed,41830
Clifford David,41830
Ann Lynn,41830
Louise Sorel,41830
Mike Pratt,41830
Vernel Bagneris,37694
Marcus Chait,37694
Michael Ciesla,37694
Jennifer Lawrence,63287
Chloë Grace Moretz,63287
Selma Blair,63287
Bokeem Woodbine,63287
Sophia Bairley,63287
Janette Armand,34592
Doug Fahl,34592
Cooper Hopkins,34592
Bill Johns,34592
Russell Hodgkinson,34592
Eric Roberts,92635
Shanley Caswell,92635
Maureen McCormick,92635
Tim Abell,92635
R.J. Cantu,92635
Germán Alcarazu,258755
Adil Koukouh,258755
Ana Wagener,258755
Alex Angulo,258755
Nicole Beharie,96534
Reg E. Cathey,96534
Ken Duken,96534
Marlene Forte,96534
Laith Nakli,96534
Anthony Anderson,21283
Wesley Jonathan,21283
Chrystee Pharris,21283
Eric Roberts,272724
Tom Berenger,272724
Ashley Hayes,272724
Bart Voitila,272724
Oliver Rayon,272724
Kate Bosworth,84178
Lake Bell,84178
Jay Paulson,84178
Katie Aselton,84178
Will Bouvier,84178
Liam Boyle,101179
Jack Gordon,101179
Florence Hall,101179
David Oakes,101179
Jennie Jacques,101179
Pierre Dulat,52462
Andrea Edmondson,52462
Summer Nguyen,52462
Lydia McLane,52462
Steven Wollenberg,52462
Justin Chatwin,269057
Peter Stormare,269057
Jane Levy,269057
David Reale,269057
Kristian Bruun,269057
Robert Englund,287524
Thomas Dekker,287524
Cleopatra Coleman,287524
Fiona Dourif,287524
Kevin Gage,287524
Danny Trejo,206213
Martin Copping,206213
Clare Niederpruem,206213
Terry Guthrie,206213
Jason Regier,206213
Leonor Varela,248402
Luke Perry,248402
Anna Claire Sneed,248402
Cliff Robertson,29146
Lilia Skala,29146
Claire Bloom,29146
Leon Janney,29146
Ruth White,29146
Ted Levine,207769
Katia Winter,207769
Michael McMillian,207769
Monique Candelaria,207769
Jenny Gabrielle,207769
Britt Robertson,271185
Justin Long,271185
Martin Sheen,271185
Andy Buckley,271185
Christian Slater,271185
Vanessa Williams,29731
Eartha Kitt,29731
Michael Boatman,29731
Kevin Daniels,29731
Jeremy Gumbs,29731
Marlon Brando,654
Rod Steiger,654
Karl Malden,654
Lee J. Cobb,654
Pat Henning,654
Kate Bosworth,91070
Rachel Bilson,91070
Krysten Ritter,91070
Geoff Stults,91070
Justin Kirk,91070
Anamaria Marinca,2009
Laura Vasiliu,2009
Vlad Ivanov,2009
Alexandru Potocean,2009
Luminița Gheorghiu,2009
Javier Botet,323270
Nick Frangione,323270
Artem Mishin,323270
Jan Cornet,323270
Brian Dorton,323270
Ellen Page,2652
Patrick Wilson,2652
Sandra Oh,2652
Odessa Rae,2652
G.J. Echternkamp,2652
Martin Donovan,9813
Elisha Cuthbert,9813
Shawn Ashmore,9813
Camilla Belle,9813
Edie Falco,9813
Nikohl Boosheri,60421
Sarah Kazemy,60421
Reza Sixo Safai,60421
Soheil Parsa,60421
Nasrin Pakkho,60421
Michael B. Jordan,157354
Kevin Durand,157354
Octavia Spencer,157354
Melonie Diaz,157354
Ahna O'Reilly,157354
Juno Temple,127867
Michael Angarano,127867
Alexis Bledel,127867
Alia Shawkat,127867
Billy Magnussen,127867
Donnie Dunagan,3170
Peter Behn,3170
Stan Alexander,3170
Cammie King,3170
Will Wright,3170
Adam Carolla,14014
Oswaldo Castillo,14014
Harold House Moore,14014
Christopher Darga,14014
Jonathan Hernandez,14014
Joseph Gordon-Levitt,15708
Jacqueline Bisset,15708
Steve Sandvoss,15708
Wes Ramsey,15708
Rebekah Johnson,15708
Stana Roumillac,146882
Vincent Byrd Le Sage,146882
Christophe Cherki,146882
Wayne Brady,215918
Sharon Leal,215918
Bokeem Woodbine,215918
Quinton Aaron,215918
Hill Harper,215918
Justin Long,84200
Mimi Rogers,84200
Ari Graynor,84200
Mark Webber,84200
Lauren Miller,84200
Elijah Wood,84184
Andy Samberg,84184
Emma Roberts,84184
Rashida Jones,84184
Ari Graynor,84184
Paul Rodríguez,45767
Jennifer O'Neill,45767
D. David Morin,45767
Gavin MacLeod,45767
Hal Linden,45767
Johnny Harris,14823
Georgia Groome,14823
Sam Spruell,14823
Lorraine Stanley,14823
Alexander Morton,14823
Stephen Dorff,367551
Eddie Griffin,367551
Bill Billions,367551
Jonathan Billions,367551
Samaire Armstrong,343409
Anna Gurji,343409
Matt Cohen,343409
Kyan DuBois,343409
Leila Hatami,60243
Kimia Hosseini,60243
Merila Zarei,60243
پیمان معادی,60243
Sareh Bayat,60243
Jo Hartley,57294
Stephen McCole,57294
Malcolm Shields,57294
Andrew Neil,57294
Heather Matarazzo,11446
Victoria Davis,11446
Christina Brucato,11446
Christina Vidal,11446
Siri Howard,11446
Ashley Judd,47889
Todd Field,47889
Bentley Mitchum,47889
Dorothy Lyman,47889
Allison Dean,47889
Victor Rasuk,25461
Melonie Diaz,25461
Judy Marte,25461
Altagracia Guzman,25461
Silvestre Rasuk,25461
Louise Brooks,905
Fritz Kortner,905
Francis Lederer,905
Carl Goetz,905
Krafft-Raschig,905
Norma Aleandro,78705
Norma Argentina ,78705
Marcos Mundstock,78705
Claudia Lapacó,78705
Elsa Berenguer,78705
Kevin Pollak,25212
Sean Astin,25212
Timothy Hutton,25212
Sheryl Lee Ralph,25212
Clotilde Courau,25212
Richard Jenkins,26899
Emile Hirsch,26899
Pablo Schreiber,26899
Zachary Knighton,26899
Tom Guiry,26899
Leslie Bibb,146269
Devon Gummersall,146269
Arly Jover,146269
Eion Bailey,146269
Dale Godboldo,146269
Shane Dawson,292483
Cherami Leigh,292483
Drew Monson,292483
Michelle Veintimilla,292483
Lisa Schwartz,292483
Charlotte Frogner,14451
Stig Frode Henriksen,14451
Vegar Hoel,14451
Jeppe Beck Laursen,14451
Evy Kasseth Røsten,14451
Larry Bagby,10105
Alexander Polinsky,10105
Kirby Heyborne,10105
Corbin Allred,10105
Ethan Vincent,10105
Brandon Bales,211557
Brandy Maasch,211557
Julie Mintz,211557
Walter Phelan,211557
Taylor Pigeon,211557
Richard Dreyfuss,838
Charles Martin Smith,838
Cindy Williams,838
Ron Howard,838
Paul Le Mat,838
Shereef Akeel,40862
Bruce Campbell,13158
Dana Snyder,13158
Carey Means,13158
Dave Willis,13158
Andy Merrill,13158
Jake Johnson,84332
Aubrey Plaza,84332
Mark Duplass,84332
Karan Soni,84332
Jenica Bergere,84332
Kevin Hart,74510
Na'im Lynn,74510
MyAnna Buring,74725
Neil Maskell,74725
Harry Simpson,74725
Michael Smiley,74725
Struan Rodger,74725
Kelly McGillis,58428
Sara Paxton,58428
Pat Healy,58428
George Riddle,58428
Lena Dunham,58428
Dominique Sanda,8416
Jean-Louis Trintignant,8416
Stefania Sandrelli,8416
Gastone Moschin,8416
Enzo Tarascio,8416
Raymond J. Barry,36584
Dylan Haggerty,36584
Renee Faia,36584
Dennis Lau,36584
Kelsey Kemper,36584
Tom Burke,13429
Nichola Burley,13429
Sian Breckin,13429
Jaime Winstone,13429
Robert Boulter,13429
Amber Heard,9022
Anson Mount,9022
Edwin Hodge,9022
Michael Welch,9022
Whitney Able,9022
Sarah Farooqui,22530
Chris Ivan Cevic,22530
Alex Petrovitch,22530
Michele Morrow,22530
Ivan L. Moody,22530
Gary Cooper,288
Katy Jurado,288
Thomas Mitchell,288
Lloyd Bridges,288
Grace Kelly,288
William Gates,14275
Arthur Agee,14275
Steve James,14275
Christopher Toler,2287
Tommy the Clown,2287
Miss Prissy,2287
Dragon,2287
Ceasare Willis,2287
Brian Cox,18734
Paul Dano,18734
Billy Kay,18734
Bruce Altman,18734
James Costa,18734
Georgie Henley,206197
Kal Penn,206197
Laura Fraser,206197
Kara Hayward,206197
Olivia DeJonge,206197
Aimee Garcia,26837
Wesley Jonathan,26837
Julie 'Jules' Urich,26837
Missy Yager,26837
Drew Sidora,26837
Ryan Gosling,7859
Jeff Lima,7859
Shareeka Epps,7859
Nathan Corbett,7859
Tyra Kwao-Vovo,7859
Irene Bedard,302579
Valerie Red-Horse,302579
Yvonne Russo,302579
Kimberly Guerrero,302579
Pato Hoffmann,302579
Christopher Scott Cherot,51955
Chenoa Maxwell,51955
Tammi Katherine Jones,51955
Robinne Lee,51955
Reginald James,51955
Sean Faris,376004
Danielle Savre,376004
Mehcad Brooks,376004
Stephanie Charles,376004
Steffinnie Phrommany,376004
Roy Abramsohn,158752
Elena Schuber,158752
Katelynn Rodriguez,158752
Danielle Safady,158752
Alison Lees-Taylor,158752
Ellis Cashmore,40658
Max Clifford,40658
Richard Curtis,40658
Josef d'Bache-Kane,40658
Nick Davies,40658
Steven Strait,118612
Karolina Wydra,118612
Sandra Ellis Lafferty,118612
Ric Reitz,118612
Jackson Walker,118612
Michael Biehn,138976
Caitlin Keats,138976
Sarah Butler,138976
Matthew Ziff,138976
William H. Macy,323967
Virginia Madsen,323967
Milo Ventimiglia,323967
Justin Kirk,323967
Andrew J. West,323967
Fred Astaire,3080
Ginger Rogers,3080
Edward Everett Horton,3080
Helen Broderick,3080
Erik Rhodes,3080
Joshua Leonard,2667
Michael C. Williams,2667
Heather Donahue,2667
Bob Griffith,2667
Jim King,2667
Joe Cocker,9459
Richie Havens,9459
Joan Baez,9459
Arlo Guthrie,9459
Ten Years After,9459
Evan C. Kim,11598
Bong Soo Han,11598
Marilyn Joi,11598
Saul Kahan,11598
Marcy Goldman,11598
Stacy Keach,26916
Eric Roberts,26916
David A.R. White,26916
Cynthia Watros,26916
Lawrence Taylor,26916
Erik Allen,181940
Randy Baranczyk,181940
Chris Carlson,181940
Ben Coler,181940
Nancy Crocker,181940
James Hong,125263
Jason London,125263
Todd Field,125263
Roxana Zal,125263
Susan Traylor,125263
Clancy Brown,263503
Enrique Murciano,263503
Nicholas Gonzalez,263503
Yvette Yates,263503
Rafael Agustin,263503
Aliou Touré,324322
Oumar Touré,324322
Garba Touré,324322
Nathanael Dembélé,324322
Khaira Arby,324322
François Cluzet,375950
Marianne Denicourt,375950
Isabelle Sadoyan,375950
Félix Moati,375950
Christophe Odent,375950
Annabella Sciorra,278348
Paula Garcés,278348
Bill Camp,278348
Philip Ettinger,278348
Julio C. Peña,278348
John Lennon,704
Paul McCartney,704
George Harrison,704
Ringo Starr,704
Wilfrid Brambell,704
Jamie Lee Curtis,75986
Matt Clark,75986
James Keach,75986
Amy Madigan,75986
Bonnie Bartlett,75986
Dario Nožić Serini,385636
Jan Gerl Korenc,385636
Špela Colja,385636
Katja Škofić,385636
Ana Dolinar,385636
Ken Bevel,14438
Kirk Cameron,14438
Erin Bethea,14438
Stephen Dervan,14438
Eric Young,14438
Bhole Baba,211086
Hatha Yogi Baba,211086
Pant Shirt Baba,211086
Baby Bajrangi,211086
Shriman Umeshanad Brahmachari,211086
Patsy Garrett,23069
Allen Fiuzat,23069
Cynthia Smith,23069
Peter Breck,23069
Frances Bavier,23069
Blanchard Ryan,83
Daniel Travis,83
Saul Stein,83
Michael E. Williamson,83
Christina Zenato,83
Lizzy Caplan,89857
Kathryn Burns,89857
Michael Coleman,89857
Andrew Daly,89857
Rich Fulcher,89857
William Shatner,30315
Tiffany Bolling,30315
Woody Strode,30315
Lieux Dressler,30315
David McLean,30315
Michelle Williams,2056
Bobby Cannavale,2056
Peter Dinklage,2056
Patricia Clarkson,2056
Raven Goodwin,2056
Randy Wayne,41144
Deja Kreutzberg,41144
Joshua Weigel,41144
Steven Crowder,41144
Kim Hidalgo,41144
Will Shortz,35199
Merl Reagle,35199
Tyler Hinman,35199
Trip Payne,35199
Al Sanders,35199
Dwayne Johnson,14271
Mick Foley,14271
Terry Funk,14271
Vince McMahon,14271
Jake Roberts,14271
Will Swenson,16653
Connie Young,16653
Daryn Tufts,16653
Michael Birkeland,16653
Lincoln Hoppe,16653
Marina Golbahari,14757
Arif Herati,14757
Zubaida Sahar,14757
Mohammad Nadir Khwaja,14757
Rachel Dratch,84401
Hillel Halkin,84401
Jason Kravitz,84401
Dan Miron,84401
Peter Riegert,84401
Hamish Linklater,23655
Denny Kirkwood,23655
Mackenzie Firgens,23655
Lola Glaudini,23655
Steve Van Wormer,23655
Kirby Heyborne,36825
Patrick Bauchau,33430
Michele Hicks,33430
Mark Polish,33430
Michael Polish,33430
Jon Gries,33430
Trevor Morgan,12281
Rory Culkin,12281
Josh Peck,12281
Scott Mechlowicz,12281
Ryan Kelley,12281
Brendan Sexton III,125052
Antoine McLean,125052
Mtume Gant,125052
Carlo Alban,125052
David Roland Frank,125052
Jeffrey Tambor,96238
Bill Duke,96238
Caroline Aaron,96238
Jill Clayburgh,96238
Sandy Duncan,96238
N'Bushe Wright,30246
Yasiin Bey,30246
Clifton Powell,30246
LisaRaye McCoy,30246
Monica Calhoun,30246
Casey Affleck,7301
Liv Tyler,7301
Kevin Corrigan,7301
Seymour Cassel,7301
Mary Kay Place,7301
Olivia Wilde,172533
Anna Kendrick,172533
Ron Livingston,172533
Jake Johnson,172533
Ti West,172533
Ricky Jay,180383
Dick Cavett,180383
Winston Simon,180383
David Mamet,180383
Persi Diaconis,180383
Toshirō Mifune,346
Takashi Shimura,346
Yoshio Inaba,346
Seiji Miyaguchi,346
Minoru Chiaki,346
Greg Speirs,84318
Jim Lampley,84318
Bill Walton,84318
Dan Majerle,84318
Mickey Hart,84318
Brad Pitt,45145
Catherine Keener,45145
Calvin Levels,45145
Nick Cave,45145
Alison Moir,45145
Sung Kang,13983
Sam Bottoms,13983
Roger Fan,13983
Monique Gabriela Curnen,13983
Meredith Scott Lynn,13983
Stephen Spinella,45649
David Bowe,45649
Thomas F. Duffy,45649
Roxane Mesquida,45649
Jack Plotnick,45649
Tori Spelling,19844
Les Williams,19844
Amy Adams,21801
David Morse,21801
Ryan Gosling,21801
Clea DuVall,21801
David Cale,21801
Scoot McNairy,43933
Whitney Able,43933
Annalee Jefferies,43933
Kevon Kane,43933
Fernando Lara,43933
Cloris Leachman,73511
Kate Mara,73511
Illeana Douglas,73511
Joanne Whalley,73511
Noah Wyle,73511
Jesse Eisenberg,43653
Ann Dowd,43653
Mike O'Connell,43653
Jim Gaffigan,43653
Colombe Jacobsen-Derstine,43653
Justin Chon,139715
Jayson Blair,139715
Jacob Zachar,139715
Alexa Nikolas,139715
Christa Brittany  Allen,139715
Guo Tao,45380
Huang Bo,45380
Xu Zheng,45380
Liu Hua,45380
Liu Gang,45380
David Bowie,30867
Scott Walker,30867
Damon Albarn,30867
Jarvis Cocker,30867
Marc Almond,30867
Radha Mitchell,81220
Megan Mullally,81220
Catherine Lloyd Burns,81220
Jacqueline Heinze,81220
Alan Ruck,81220
Bruce Greenwood,253626
Zoë Kravitz,253626
Jake Abel,253626
Ethan Hawke,253626
January Jones,253626
Paddy Considine,90369
Dakota Fanning,90369
Olivia Williams,90369
Jeremy Irvine,90369
Kaya Scodelario,90369
Katie Peterson,117942
Shea Stewart,117942
Brandy Whitford,117942
Caley Hayes,117942
Ryan Keely,117942
Tim Abell,322194
Naomi Brockwell,322194
Aleisha Force,322194
Tom Stedham,322194
Cambridge Jones,322194
Sara Paxton,98568
Scott Eastwood,98568
Katherine Waterston,98568
Shaun Sipos,98568
Christopher Denham,98568
Manny Pérez,119657
Luz Garcia,119657
Sergio Carlo,119657
Juan Maria Almonte,119657
Rafael Estephan,119657
Jennifer Hale,380733
Evan Hannemann,380733
Tonya Kay,380733
Anna Ross,380733
Tamara Rey,380733
Paul Sorvino,285743
Terrance Zdunich,285743
Marc Senter,285743
Emilie Autumn,285743
Nivek Ogre,285743
Joseph E. Murray,362765
Alex Anfanger,362765
Rhomeyn Johnson,362765
Mary Kate Wiles,362765
Kevin Sorbo,379532
Sophie Bolen,379532
Derek Brandon,379532
Carrie Bradstreet,379532
Tiffany Burns,379532
Elizabeth Streb,253261
Fabio Tavares,253261
Sarah Callan,253261
Jaclyn Carlson,253261
Leonardo Giron,253261
Mitch Cohen,15239
Andree Maranda,15239
Jennifer Prichard,15239
Cindy Manion,15239
Robert Prichard,15239
James Nesbitt,4107
Allan Gildea,4107
Gerard Crossan,4107
Mary Moulds,4107
Carmel McCallion,4107
Helena Bonham Carter,15624
Aaron Eckhart,15624
Brian Geraghty,15624
Yury Tsykun,15624
Brianna Brown,15624
Jason Yachanin,17287
Kate Graham,17287
Allyson Sereboff,17287
Robin L. Watkins,17287
Joshua Olatunde,17287
Guy Kibbee,3062
Warner Baxter,3062
Bebe Daniels,3062
George Brent,3062
Ruby Keeler,3062
Edward Clements,15389
Chris Eigeman,15389
Taylor Nichols,15389
Carolyn Farina,15389
Isabel Gillies,15389
Michael Nyqvist,464
Frida Hallgren,464
Helen Sjöholm,464
Lennart Jähkel,464
Ingela Olsson,464
Ace Marrero,308467
Katie Stegeman,308467
Jon Heder,8193
Efren Ramirez,8193
Jon Gries,8193
Aaron Ruell,8193
Shondrella Avery,8193
Macon Blair,188166
Devin Ratray,188166
Amy Hargreaves,188166
Kevin Kolack,188166
Eve Plumb,188166
Katie Featherston,23827
Micah Sloat,23827
Mark Fredrichs,23827
Amber Armstrong,23827
Ashley Palmer,23827
Sean Penn,1282
Henry Rollins,1282
Jay Adams,1282
Steve Caballero,1282
Tony Hawk,1282
John Cleese,762
Eric Idle,762
Graham Chapman,762
Terry Gilliam,762
Terry Jones,762
Jesse Garcia,64499
Emily Rios,64499
Chalo González,64499
David W. Ross,64499
Ramiro Iniguez,64499
Renee Leblanc,1435
Adolph Davis,1435
Jonathan Caouette,1435
Rosemary Davis,1435
David Sanin Paz,1435
Doug Jones,189711
Michael McShane,189711
Kane Hodder,189711
Gena Shaw,189711
Marissa Skell,189711
Catriona MacColl,19204
David Warbeck,19204
Cinzia Monreale,19204
Antoine Saint-John,19204
Veronica Lazar,19204
Cameron Diaz,9029
Queen Latifah,9029
Treat Williams,9029
Lake Bell,9029
Ashton Kutcher,9029
Kate Greenhouse,18045
Aidan Devine,18045
Gordon Currie,18045
Iris Graham,18045
Dov Tiefenbach,18045
Daniel Day-Lewis,11240
Roshan Seth,11240
Saeed Jaffrey,11240
Gordon Warnecke,11240
Derrick Branche,11240
Michelle Nolden,157909
Katharine Isabelle,157909
Kett Turton,157909
Gabriel Hogan,157909
Allegra Fulton,157909
Harriet Andersson,10238
Ingrid Thulin,10238
Kari Sylwan,10238
Liv Ullmann,10238
Erland Josephson,10238
Lillian Gish,3059
Mae Marsh,3059
Robert Harron,3059
F.A. Turner,3059
Sam De Grasse,3059
DeForest Kelley,15800
James Doohan,15800
Denise Crosby,15800
Barbara Adams,15800
Majel Barrett,15800
Charles King,65203
Anita Page,65203
Bessie Love,65203
Nacio Herb Brown,65203
Mary Doran,65203
Bruce Campbell,764
Ellen Sandweiss,764
Richard DeManincor,764
Betsy Baker,764
Theresa Tilly,764
Elijah Wood,103620
America Olivo,103620
Nora Arnezeder,103620
Zoe Aggeliki,103620
Jan Broberg,103620
Amos Oz,319069
Joe Bishop,14278
Keith Cavill,14278
Andy Cohn,14278
Scott Hogsett,14278
Christopher Igoe,14278
Michael Dudikoff,25678
Steve James,25678
Larry Poindexter,25678
Gary Conway,25678
Jeff Celentano,25678
Carol Block,79161
Doug Block,79161
Ellen Block,79161
Christian Kapper,371690
Natalie Welch,371690
Tom E. Nicholson,371690
Steve Moses,371690
Patrick Casteel,371690
Henry Fonda,389
Martin Balsam,389
E.G. Marshall,389
John Fiedler,389
Lee J. Cobb,389
Christopher Plummer,52032
Brian Murray,52032
Isabella Rossellini,52032
Lynn Redgrave,52032
Peter Gerety,52032
Clark Gable,3078
Claudette Colbert,3078
Walter Connolly,3078
Roscoe Karns,3078
Jameson Thomas,3078
Hristos Passalis,38810
Angeliki Papoulia,38810
Mary Tsoni,38810
Christos Stergioglou,38810
Michele Valley,38810
Tupac Amaru Shakur,21525
Janet McTeer,55123
Kimberly J. Brown,55123
Jennifer Paige,55123
Christopher Walken,11980
Elias Koteas,11980
Adam Goldberg,11980
Virginia Madsen,11980
Eric Stoltz,11980
Simon Abkarian,11956
Zinedine Soualem,11956
Garance Clavel,11956
Renée Le Calm,11956
Olivier Py,11956
Oliver Platt,1550
Katie Holmes,1550
Patricia Clarkson,1550
Derek Luke,1550
Alison Pill,1550
Daniel London,26518
Will Oldham,26518
Tanya Smith,26518
Robin Rosenberg,26518
Keri Moran,26518
Michelle Williams,8942
Will Patton,8942
John Robinson,8942
Will Oldham,8942
Embeth Davidtz,68412
Elias Koteas,68412
Kathryn Erbe,68412
Edie Falco,68412
Rachel Resheff,68412
Jean-Paul Belmondo,2786
Anna Karina,2786
Graziella Galvani,2786
Dirk Sanders,2786
Jimmy Karoubi,2786
Gloria Foster,91721
Julius Harris,91721
Ivan Dixon,91721
Abbey Lincoln,91721
Martin Priest,91721
Donal Logue,118452
Giovanni Ribisi,118452
Robert John Burke,118452
Natasha Gregson Wagner,118452
Jeannetta Arnette,118452
J.P. Davis,47534
Eddie Jones,47534
Christina Chambers,47534
Diane Tayler,47534
Eric Roberts,40914
Pat Morita,40914
Gail Kim,40914
Lalaine,40914
Alexander Wraith,40914
Sylvester Stallone,13282
David Carradine,13282
Mary Woronov,13282
Simone Griffeth,13282
Roberta Collins,13282
Ricky Schroder,250184
Tatyana Ali,250184
Jon Gries,250184
Jason Marsden,250184
Rick Hoffman,250184
Thom Mathews,426067
Lisa Hart Carroll,426067
Michael Des Barres,426067
Paul Drake,426067
Laura Harrington,426067
Bill Moseley,324352
Joanna Cassidy,324352
Joyce Guy,324352
Jerome Elston Scott,324352
Alan Blumenfeld,324352
Pierre Prieur,318040
Adrian James,318040
Raquel Nave,318040
Rebekah Underhill,318040
Charlie Himmelstein,318040
Christopher George,27420
Billy Hufsey,27420
Patch Mackenzie,27420
E. Danny Murphy,27420
E. J. Peaker,27420
Kevin Corrigan,80468
Ariel Gade,80468
Barry Bostwick,80468
Karen Black,80468
Leo Fitzpatrick,80468
Ann Dowd,84188
Pat Healy,84188
Philip Ettinger,84188
Dreama Walker,84188
James McCaffrey,84188
Ben Affleck,2255
Jason Lee,2255
Joey Lauren Adams,2255
Jason Mewes,2255
Dwight Ewell,2255
Emily Mortimer,50035
Jake Gyllenhaal,50035
Catherine Keener,50035
Brenda Blethyn,50035
James Le Gros,50035
Sung Kang,14290
Jason Tobin,14290
Roger Fan,14290
Parry Shen,14290
Karin Anna Cheung,14290
Nicole Ari Parker,29371
Laurel Holloman,29371
Maggie Moore,29371
Kate Stafford,29371
Toby Poser,29371
Maya Rudolph,44490
Mike White,44490
Lupe Ontiveros,44490
Chris Weitz,44490
Paul Weitz,44490
Kal Penn,32222
Purva Bedi,32222
Deep Katdare,32222
Ronobir Lahiri,32222
Rizwan Manji,32222
David Hewlett,431
Andrew Miller,431
Nicole de Boer,431
Nicky Guadagni,431
Julian Richings,431
Frances O'Connor,76996
Radha Mitchell,76996
Matt Day,76996
Matthew Dyktynski,76996
Alice Garner,76996
Charis Michelsen,51942
Tom Larson,51942
Richard Spore,51942
Courteney Cox,1424
Michael Ealy,1424
Nick Offerman,1424
Nora Dunn,1424
James Le Gros,1424
Anton Yelchin,60420
Jennifer Lawrence,60420
Felicity Jones,60420
Charlie Bewley,60420
Alex Kingston,60420
Glenn Plummer,325123
Michelle Van Der Water,325123
Danielle Vega,325123
Greg Eagles,325123
Michael Des Barres,142132
John Taylor,142132
Martin Kemp,142132
Jade Gordon,142132
Larry Klein,142132
Sung Kang,20520
Jeffrey Chyau,20520
Jade Wu,20520
Samantha Futerman,20520
Alexis Chang,20520
Lindsay Lohan,109729
Nolan Gerard Funk,109729
James Deen,109729
Gus Van Sant,109729
Amanda Brooks,109729
Judy Marte,78307
Paola Mendoza,78307
Flaco Navaja,78307
Dominic Colón,78307
Edward O'Blenis,78307
Michael Shannon,12247
Glenda Pannell,12247
Lynnsee Provence,12247
Douglas Ligon,12247
Barlow Jacobs,12247
Luke Mably,29917
Gemma Chan,29917
Adar Beck,29917
Chris Carey,29917
Nathalie Cox,29917
James Urbaniak,70687
Terumi Matthews,70687
Nicole Zaray,70687
Belinda Becker,70687
Thomas Pasley,70687
Chris Chatman,60463
Candise Lakota,60463
Krystle Connor,60463
Robert Acinapura,60463
Amy Ganser,60463
Corbin Bernsen,46252
Frank Gallacher,46252
Lloyd Warner,46252
Audrey Lynn Tennent,46252
Chris Kelly,24869
Jessica Duffy,24869
Quinn Hunchar,24869
Jeremy Make,24869
Jennifer Batter,24869
Sophie Bolen,77934
Madeline Vail ,77934
Colby French,77934
Florence Henderson,77934
Charles Beale ,77934
Stacy Keach,34697
Orson Welles,34697
Pia Zadora,34697
Ed McMahon,34697
June Lockhart,34697
Noah Segan,150211
Brit Morgan,150211
Dean Cain,306667
Jordan Trovillion,306667
Sherryl Despres,306667
Dana Blackstone,306667
Annelyse Ahmad,306667
Robert Davi,274758
Alison Eastwood,274758
Tippi Hedren,274758
Katie Cleary,274758
Carole Davis,274758
John Gilbert,3060
Renée Adorée,3060
Hobart Bosworth,3060
Claire McDowell,3060
Claire Adams,3060
Sid Haig,40963
Richard Riehle,40963
Jacob Zachar,40963
Mel England,40963
Travis Betz,40963
Michael Madsen,173224
Iman Crosson,173224
Lazar Ristovski,173224
Tom Hardy,18533
Matt King,18533
James Lance,18533
Kelly Adams,18533
Katy Barker,18533
Peter Shinkoda,376010
Merik Tadros,376010
Peter Sherayko,376010
Miles Szanto,376010
Jonathan Erickson Eisley,376010
Donald Austin,139948
"Brendan ""Doogie"" Milewski",139948
Dave Parnell,139948
Alan Cumming,77332
Dan Futterman,77332
Lothaire Bluteau,77332
Matt Keeslar,77332
Samuel Ball,77332
Christina Hart,70478
Ronald South,70478
William Condos,70478
Anita de Moulin,70478
Paula Erikson,70478
Paul Hubschmid,35073
Paula Raymond,35073
Cecil Kellaway,35073
Kenneth Tobey,35073
Donald Woods,35073
Hugh Keays-Byrne,9659
Mel Gibson,9659
Joanne Samuel,9659
Steve Bisley,9659
Tim Burns,9659
Jon Favreau,10218
Vince Vaughn,10218
Ron Livingston,10218
Patrick Van Horn,10218
Alex Désert,10218
Clint Eastwood,391
Marianne Koch,391
Gian Maria Volonté,391
Wolfgang Lukschy,391
José Calvo,391
Mae West,43595
Cary Grant,43595
Owen Moore,43595
Gilbert Roland,43595
Noah Beery,43595
Michael Joiner,54897
Michael Higgenbottom,54897
"Louis Gossett, Jr.",54897
Cindy Hodge,54897
David Oyelowo,83588
Dondre Whitfield,83588
Emayatzy Corinealdi,83588
Maya Gilbert,83588
Sharon Lawrence,83588
Sophie Rois,53256
Sebastian Schipper,53256
Devid Striesow,53256
Annedore Kleist,53256
Alexander Hörbe,53256
Evan Adams,40920
Michelle St. John,40920
Gene Tagaban,40920
Swil Kanim,40920
Rebecca Carroll,40920
Samantha Dark,54702
Heather Magee,54702
Richard Glover,54702
R. Brandon Johnson,54702
Oded Fehr,69270
Shannon Beckner,69270
Ryan Kennedy,69270
Adrien Dorval,69270
Duncan Fisher,69270
Greta Gerwig,5759
Ross Partridge,5759
Steve Zissis,5759
Elise Muller,5759
Jett Garner,5759
Armin Habibovich,402515
Victoria Lachelle,402515
Livingston Oden,402515
Taylor Scott Olson,402515
Birgitte Federspiel,48035
Preben Lerdorff Rye,48035
Henrik Malberg,48035
Emil Hass Christensen,48035
Ejner Federspiel,48035
Jason Ritter,14758
Martin Starr,14758
Mark Webber,14758
Marianna Palka,14758
Eric Edelstein,14758
John Billingsley,13363
Tony Todd,13363
David Lee Smith,13363
Ellen Crawford,13363
Annika Peterson,13363
AnnaSophia Robb,25786
Mia Farrow,25786
Olivia Ballantyne,25786
Kelsey Lewis,25786
Jordan Bridges,25786
John Newton,36549
Chase Masterson,36549
Kipleigh Brown,36549
Mik Scriba,36549
Nathan Mobley,36549
Edie McClurg,361398
C. Fraser Press,361398
Richard Poe,361398
Robert Turano,361398
Matthew Gumley,361398
Robin Bartlett,289180
Rebecca Dayan,289180
Will Janowitz,289180
Julian Gamble,289180
Sally Kirkland,288927
Victoria Clark,288927
James Murtaugh,288927
Karl Geary,288927
Mary Testa,288927
Mohammad Amir Naji,21334
Amir Farrokh Hashemian,21334
Bahare Seddiqi,21334
Tom Cullen,79120
Chris New,79120
Jonathan Race,79120
Laura Freeman,79120
Loreto Murray,79120
Spike Lee,27995
Tracy Camilla Johns,27995
Tommy Redmond Hicks,27995
John Canada Terrell,27995
Raye Dowell,27995
Ana Maria Guran,344466
Iulia Ciochina,344466
Oana Rusu,344466
Ana Vatamanu,344466
Florin Hritcu,344466
Brit Marling,55420
William Mapother,55420
Matthew-Lee Erlbach,55420
DJ Flava,55420
Meggan Lennon,55420
Mario Van Peebles,5822
Simon Chuckster,5822
Melvin Van Peebles,5822
Hubert Scales,5822
John Dullaghan,5822
Ken Roht,408429
Jeffrey Watkins,408429
William Nicol,408429
Sharon Bollum,408429
Paul Sutherland,408429
Sigourney Weaver,39141
Kate Mara,39141
Bebe Neuwirth,39141
John Ritter,39141
Aaron Stanford,39141
Glen Hansard,5723
Markéta Irglová,5723
Hugh Walsh,5723
Gerard Hendrick,5723
Alaistair Foley,5723
Patrick Warburton,28666
Eugene Roche,28666
Ron Morgan,28666
Emily Newman,28666
Paul Malevich,28666
Simon Baron-Cohen,30979
Temple Grandin,30979
Roy Richard Grinker,30979
Rowan Isaacson,30979
Rupert Isaacson,30979
Steven Waddington,50497
Kate Ashfield,50497
Jo Hartley,50497
Martin Compston,50497
Craig Parkinson,50497
Joel Moody,354624
William Martinez,354624
Vivienne VanHorn,354624
Bill Melendez,13187
Ann Altieri,13187
Chris Doran,13187
Sally Dryer,13187
Karen Mendelson,13187
Lisa Ann,178862
Kayden Kross,178862
Belladonna,178862
Katsuni,178862
Teagan Presley,178862
Michael Moore,1779
Roger B. Smith,1779
Rhonda Britton,1779
Fred Ross,1779
Brit Marling,86812
Christopher Denham,86812
Nicole Vicius,86812
Davenia McFadden,86812
Kandice Stroh,86812
Emily Blunt,84355
Rosemarie DeWitt,84355
Mark Duplass,84355
Mike Birbiglia,84355
Kate Bayley,84355
David Hewlett,18632
Christopher Judge,18632
Paul McGillion,18632
Kate Hewlett,18632
Rachel Luttrell,18632
Macha Méril,40652
Bernard Noël,40652
Philippe Leroy,40652
Christophe Bourseiller,40652
Roger Leenhardt,40652
Armie Hammer,339408
Jackie Earle Haley,339408
Penelope Ann Miller,339408
Nate Parker,339408
Aja Naomi King,339408
Kirby Heyborne,266857
Christopher Robin Miller,266857
Eric Artell,266857
Alex Kendrick,18925
James Blackwell,18925
Shannen Fields,18925
Chris WIllis,18925
Tracy Goode,18925
Cassidy Gifford,299245
Ryan Shoos,299245
Pfeifer Brown,299245
Reese Mishler,299245
Price T. Morgan,299245
Jack Nance,985
Charlotte Stewart,985
Allen Joseph,985
Jeanne Bates,985
Judith Roberts,985
Keenen Ivory Wayans,34101
Starletta DuPois,34101
Robert Townsend,34101
Craigus R. Johnson,34101
Helen Martin,34101
Sharon Stone,9821
Kieran Culkin,9821
Gena Rowlands,9821
Elden Henson,9821
Harry Dean Stanton,9821
Leon Isaac Kennedy,65448
Wilbur 'Hi-Fi' White,65448
Thommy Pollard ,65448
Hazel Spears ,65448
Donovan Womack ,65448
Brian Howe,18841
Fay Masterson,18841
Andrew Parks,18841
Susan McConnell,18841
Jennifer Blaire,18841
Kevin Farley,272726
Gabriela Castillo,272726
Trish Cook,272726
Alexander G. Eckert,272726
Dan Glenn,272726
David Koechner,175291
Sara Paxton,175291
Ethan Embry,175291
Pat Healy,175291
Amanda Fuller,175291
Jonathan Blow,80215
Phil Fish,80215
Edmund McMillen,80215
Tommy Refenes,80215
Gillian Anderson,13538
Danny Dyer,13538
Adam Rayner,13538
Antony Byrne,13538
Anthony Calf,13538
John Ireland,51130
Jane Randolph,51130
Sheldon Leonard,51130
Roman Bohnen,51130
George Tyne,51130
Johnathan Hurley,270554
Jordan Savage,270554
Dane Bowman,270554
Claire Gordon-Harper,270554
Max von Sydow,72086
Trevor Howard,72086
Liv Ullmann,72086
Per Oscarsson,72086
Rupert Davies,72086
Dottie Alexander,268917
Derek Almstead,268917
David Barnes,268917
Kevin Barnes,268917
Nina Barnes,268917
Ben Shenkman,473
Mark Margolis,473
Sean Gullette,473
Samia Shoaib,473
Pamela Hart,473
Mitchell Whitfield,90414
Meredith Scott Lynn,90414
Marla Schaffel,90414
Michael Harris,90414
Jack McGee,90414
Tia Carrere,111794
Myles Berkowitz,111794
Elisabeth Wagner,111794
Richard Arlook,111794
Robert McKee,111794
Michelle Simone Miller,360188
Kathryn Metz,360188
A.J. DeLucia,360188
Steve Diasparra,360188
Danielle Donahue,360188
Morgan Spurlock,9372
Daryl Isaacs,9372
Lisa Ganjhu,9372
Stephen Siegel,9372
Bridget Bennett,9372
Jason Trost,85860
Lee Valmassy,85860
Art Hsu,85860
Caitlyn Folley,85860
Brandon Barrera,85860
Anna Kendrick,244534
Melanie Lynskey,244534
Mark Webber,244534
Lena Dunham,244534
Joe Swanberg,244534
Jason Evers,33468
Virginia Leith,33468
Doris Brent,33468
Audrey Devereal,33468
Eddie Carmel,33468
Mark Strano,294086
Frankie Valenti,294086
Johnny Hazzard,294086
Darryl Stephens,294086
Gregory Marcel,294086
Kevin Corrigan,139998
Arielle Kebbel,139998
Melonie Diaz,139998
Alex Karpovsky,139998
Tarik Lowe,139998
Katie Parker,74777
Courtney Bell,74777
Morgan Peter Brown,74777
Dave Levine,74777
Justin Gordon,74777
Edward Burns,16388
Connie Britton,16388
Shari Albert,16388
Maxine Bahns,16388
Catharine Bolz,16388
Matt Johnson,159770
Owen Williams,159770
Krista Madison,159770
Brandon Wickens,159770
Jay McCarroll,159770
Sônia Braga,42109
Marcello Mastroianni,42109
Antonio Cantafora,42109
Paulo Goulart,42109
Tania Boscoli,42109
Lena Dunham,47607
Laurie Simmons,47607
Grace Dunham,47607
Rachel Howe,47607
Merritt Wever,47607
Richard Tyson,193603
Sherri Eakin,193603
Jeremy Ivy,193603
Jeremy Sande,193603
Corlandos Scott ,193603
Corbin Bernsen,84659
Josh Wise,84659
Chelse Swain,84659
Sean Shanks,84659
Amanda MacDonald,84659
Matt Foyer,20981
John Bolen,20981
Ralph Lucas,20981
Chad Fifer,20981
Susan Zucker,20981
Laurence Fishburne,242095
Brenton Thwaites,242095
Olivia Cooke,242095
Beau Knapp,242095
Robert Longstreet,242095
Todd McFarlane,250902
Rob Liefeld,250902
Jim Lee,250902
Marc Silvestri,250902
Erik Larsen,250902
Richmond Arquette,158895
Robert Longstreet,158895
Paul Eenhoorn,158895
Sam Buchanan,158895
Kristin Slaysman,158895
Katrina Bowden,222250
Jon Gries,222250
Malcolm Goodwin,222250
Cameron Fife,222250
Tyler McGee,222250
Candace Evanofski,18292
Donald Holden,18292
Damian Jewan Lee,18292
Curtis Cotton III,18292
Rachael Handy,18292
Derick Martini,125537
Amy Hathaway,125537
Steven Martini,125537
Barry Corbin,326576
Brooke Coleman,326576
Kurt Cole,326576
Brandon Smith,326576
Alan Pietruszewski,326576
Kyle Hoskins,228550
Elissa Dowling,228550
Linda Cieslik,228550
Steven Lee Edwards,228550
Valerie Meachum,228550
Levon Helm,13963
Robbie Robertson,13963
Rick Danko,13963
Richard Manuel,13963
Garth Hudson,13963
Alison Monda,290391
Alicia Mendez,290391
Ivey Bronwen,290391
Tabitha Bastien,290391
Keiko Green,290391
Zoe Kazan,44770
Mark Rendall,44770
Maryann Urbano,44770
Hunter Canning,44770
Franklin Pipp,44770
Robert Bones,69382
Kirpatrick Thomas,69382
Dave Koenig,69382
Julie Patterson,69382
Justin Rice,40769
Rachel Clift,40769
Andrew Bujalski,40769
Nichole Ceballos,220490
James Ezrin,220490
Everardo Guzman,220490
Parker Riggs,220490
Gabrielle Santamauro,220490
Robert Hill,42151
Robin Hill,42151
Julia Deakin,42151
David Schaal,42151
Tony Way,42151
Kevin Smith,2292
Jason Mewes,2292
Jeff Anderson,2292
Brian O'Halloran,2292
Lisa Spoonhauer,2292
Bobby Kendall,42497
Donald L. Brooks,42497
Charles Ludlam,42497
Kate Dollenmayer,33693
Mark Herlehy,33693
Christian Rudder,33693
Jennifer L. Schaper,33693
Myles Paige,33693
Aaron Eckhart,14585
Stacy Edwards,14585
Matt Malloy,14585
Michael Martin,14585
Mark Rector,14585
Franky G,185465
Leo Minaya,185465
Manuel Cabral,185465
Jessica Morales,185465
Julissa Lopez,185465
Michael Paré,38780
Brendan Fletcher,38780
Shaun Sipos,38780
Lynda Boyd,38780
Matt Frewer,38780
Richard Linklater,14022
Mark James,14022
R.L. Mann,366967
Tama Filianga,366967
Mikaal Bates,366967
Celestine Rae,366967
Lodric D. Collins,366967
Suzi Lorraine,255266
Jared Degado,255266
Heather Dorff,255266
Rachael Robbins,255266
Kris Eivers,255266
Alex Kendrick,17345
Stephen Lang,226458
Kelly Blatz,226458
Gage Golightly,226458
Brittany Curran,226458
Nick Nicotera,226458
Mark Duplass,24055
Katie Aselton,24055
Rhett Wilkins,24055
Louis Brooke,287625
Allan Bryan Weku,287625
Judy Gichohi,287625
Kelly Gichohi,287625
Olwenya Maina,287625
Andrea Martin,44990
Peter Friedman,44990
Zoe Lister-Jones,44990
Daryl Wein,44990
Julie White,44990
James Remar,86304
Lucas Till,86304
Jason Trost,86304
Sophie Merkley,86304
Nick Principe,86304
Divine,692
David Lochary,692
Mary Vivian Pearce,692
Mink Stole,692
Danny Mills,692
Nick Nolte,39851
Maggie Cheung,39851
Don McKellar,39851
Béatrice Dalle,39851
Jeanne Balibar,39851
Nargess Mamizadeh,13898
Maryiam Palvin Almani,13898
Mojgan Faramarzi,13898
Elham Saboktakin,13898
Monir Arab,13898
Michael Parle,157185
Emma Eliza Regan,157185
Patrick O'Donnell,157185
Kreeta Taponen,157185
Koji Yakusho,36095
Masato Hagiwara,36095
Tsuyoshi Ujiki,36095
Anna Nakagawa,36095
Yukijiro Hotaru,36095
Tony Sancho,182291
Michael Cortez,182291
Donato Cruz,182291
Felipe Camacho,182291
Carmen Cenko,182291
Sasha Ramos,286939
Erin Cline,286939
Emily Rogers,286939
Anthony Rutowicz,286939
Joe Coffey,286939
Peter Greene,124606
Darling Narita,124606
Michael Newland,124606
Erik Schrody,124606
Michael Artura,124606
Shane Carruth,14337
David Sullivan,14337
Casey Gooden,14337
Anand Upadhyaya,14337
Carrie Crawford,14337
Carlos Gallardo,9367
Jaime de Hoyos,9367
Peter Marquardt,9367
Reinol Martinez,9367
Ramiro Gomez,9367
Edward Burns,72766
Kerry Bishé,72766
Marsha Dietlein,72766
Caitlin Fitzgerald,72766
Daniella Pineda,72766
Eric Mabius,231617
Benjamin Hollingsworth,231617
Kristin Booth,231617
Crystal Lowe,231617
Geoff Gustafson,231617
Drew Barrymore,25975
Eric Roberts,25975
Corey Feldman,25975
Brian Herzlinger,25975
Griffin Dunne,25975
