film_vector_id,genre_nome
19995,Action
285,Action
206647,Action
49026,Action
49529,Action
559,Action
99861,Action
209112,Action
1452,Action
10764,Action
58,Action
57201,Action
49521,Action
24428,Action
1865,Action
41154,Action
122917,Action
1930,Action
20662,Action
254,Action
271110,Action
44833,Action
135397,Action
37724,Action
558,Action
68721,Action
36668,Action
8373,Action
91314,Action
102382,Action
20526,Action
44912,Action
534,Action
168259,Action
72190,Action
127585,Action
54138,Action
81005,Action
9543,Action
68726,Action
38356,Action
217,Action
62177,Action
188927,Action
5174,Action
14161,Action
76757,Action
258489,Action
155,Action
1726,Action
8487,Action
1735,Action
297761,Action
137113,Action
9804,Action
14869,Action
10138,Action
102651,Action
119450,Action
79698,Action
64686,Action
100402,Action
177572,Action
47933,Action
296,Action
118340,Action
27205,Action
315011,Action
49051,Action
9799,Action
49538,Action
131634,Action
27022,Action
503,Action
68735,Action
87101,Action
1858,Action
1966,Action
8960,Action
6479,Action
272,Action
18360,Action
2080,Action
605,Action
604,Action
76338,Action
76341,Action
10195,Action
19585,Action
177677,Action
10196,Action
956,Action
117251,Action
36669,Action
43074,Action
95,Action
608,Action
2310,Action
140300,Action
56292,Action
616,Action
147441,Action
13475,Action
557,Action
82702,Action
10048,Action
13183,Action
944,Action
1927,Action
72559,Action
7364,Action
2114,Action
1771,Action
36643,Action
1724,Action
2503,Action
102899,Action
101299,Action
8961,Action
417859,Action
27576,Action
82700,Action
38055,Action
49524,Action
22,Action
36658,Action
51497,Action
58574,Action
18823,Action
861,Action
1911,Action
49040,Action
415,Action
435,Action
955,Action
1979,Action
87827,Action
1250,Action
324668,Action
9471,Action
68724,Action
2789,Action
97020,Action
7459,Action
37834,Action
75612,Action
1895,Action
1894,Action
76170,Action
1893,Action
12100,Action
290595,Action
98566,Action
9619,Action
308531,Action
166424,Action
1593,Action
254128,Action
714,Action
2024,Action
787,Action
40805,Action
53182,Action
39254,Action
1639,Action
80274,Action
1571,Action
120,Action
10204,Action
2048,Action
1495,Action
1635,Action
9679,Action
98,Action
180,Action
36557,Action
869,Action
280,Action
36955,Action
27581,Action
9268,Action
76163,Action
2059,Action
2486,Action
37710,Action
9946,Action
1372,Action
414,Action
563,Action
314,Action
184315,Action
138103,Action
257088,Action
205775,Action
11692,Action
22972,Action
1734,Action
9890,Action
855,Action
18,Action
122,Action
121,Action
1995,Action
331,Action
61791,Action
47964,Action
9806,Action
1408,Action
607,Action
44048,Action
5175,Action
4327,Action
7446,Action
1572,Action
10528,Action
10661,Action
257344,Action
9383,Action
1996,Action
291805,Action
10003,Action
1535,Action
10357,Action
9387,Action
49852,Action
664,Action
2502,Action
9772,Action
52451,Action
59961,Action
59108,Action
9798,Action
157350,Action
10159,Action
9593,Action
9615,Action
9884,Action
22538,Action
9341,Action
49049,Action
27578,Action
954,Action
364,Action
8656,Action
146216,Action
11665,Action
754,Action
1701,Action
13027,Action
20504,Action
12096,Action
8834,Action
228150,Action
6068,Action
2135,Action
9822,Action
9705,Action
1656,Action
4442,Action
9433,Action
19959,Action
11228,Action
5491,Action
9562,Action
274854,Action
8870,Action
10077,Action
76649,Action
72545,Action
584,Action
17711,Action
8698,Action
602,Action
330,Action
9693,Action
36657,Action
8909,Action
9802,Action
332,Action
11678,Action
10555,Action
612,Action
9567,Action
37821,Action
203801,Action
3172,Action
6520,Action
37958,Action
7450,Action
11375,Action
9425,Action
25769,Action
23685,Action
11866,Action
23629,Action
4349,Action
197,Action
10477,Action
7451,Action
3595,Action
16869,Action
1573,Action
9257,Action
395,Action
10590,Action
117263,Action
200,Action
44943,Action
152760,Action
2756,Action
49017,Action
9882,Action
3132,Action
8814,Action
8427,Action
52520,Action
49021,Action
11535,Action
10550,Action
12610,Action
5137,Action
107846,Action
188207,Action
4614,Action
11371,Action
11517,Action
9824,Action
300673,Action
12113,Action
72331,Action
9703,Action
136797,Action
603,Action
9342,Action
5551,Action
9350,Action
9208,Action
59962,Action
36648,Action
1880,Action
71679,Action
10483,Action
11412,Action
11983,Action
9292,Action
10783,Action
9947,Action
16577,Action
12160,Action
9331,Action
300168,Action
3536,Action
12138,Action
9955,Action
1271,Action
11199,Action
2501,Action
710,Action
136400,Action
9654,Action
294254,Action
39514,Action
9334,Action
11128,Action
8914,Action
9509,Action
1487,Action
4824,Action
9620,Action
10771,Action
3512,Action
137094,Action
267860,Action
8078,Action
7485,Action
10040,Action
6278,Action
82682,Action
16995,Action
5820,Action
201,Action
13389,Action
8838,Action
11679,Action
38321,Action
9664,Action
2100,Action
123553,Action
8285,Action
2312,Action
381902,Action
13922,Action
293660,Action
190859,Action
1370,Action
35791,Action
72431,Action
10589,Action
71676,Action
10022,Action
11358,Action
1924,Action
109424,Action
156022,Action
8963,Action
24,Action
393,Action
9618,Action
8584,Action
2320,Action
1729,Action
8077,Action
8195,Action
10632,Action
12123,Action
8202,Action
34314,Action
14623,Action
10375,Action
36586,Action
70074,Action
8536,Action
479,Action
285923,Action
6519,Action
26389,Action
11817,Action
187017,Action
302699,Action
2112,Action
10329,Action
13811,Action
6950,Action
225574,Action
13836,Action
752,Action
6038,Action
60304,Action
46529,Action
300671,Action
4421,Action
9631,Action
216282,Action
306,Action
6623,Action
1577,Action
9624,Action
22832,Action
9691,Action
72710,Action
10782,Action
10061,Action
316152,Action
13498,Action
241554,Action
11968,Action
10047,Action
9770,Action
11212,Action
9923,Action
11863,Action
18501,Action
47327,Action
15268,Action
10796,Action
9548,Action
89,Action
198184,Action
6415,Action
260346,Action
8592,Action
1368,Action
199,Action
20533,Action
82675,Action
1493,Action
88751,Action
9869,Action
2034,Action
36647,Action
1537,Action
2636,Action
7737,Action
8987,Action
9759,Action
9486,Action
841,Action
2207,Action
9381,Action
9625,Action
9826,Action
9457,Action
1494,Action
13184,Action
2185,Action
38153,Action
58233,Action
116977,Action
5503,Action
27573,Action
1369,Action
10935,Action
834,Action
10027,Action
27582,Action
64688,Action
136795,Action
709,Action
2749,Action
79,Action
54054,Action
228967,Action
46528,Action
27936,Action
9476,Action
10610,Action
49527,Action
240832,Action
12279,Action
193756,Action
323675,Action
9361,Action
187,Action
7461,Action
6073,Action
8007,Action
11551,Action
10336,Action
11362,Action
48138,Action
1579,Action
708,Action
34851,Action
440,Action
8850,Action
11398,Action
11370,Action
62835,Action
10718,Action
6071,Action
10461,Action
12704,Action
24418,Action
7288,Action
24575,Action
10366,Action
19898,Action
4965,Action
15074,Action
266396,Action
9978,Action
10428,Action
5353,Action
14392,Action
19495,Action
110415,Action
26486,Action
9495,Action
256040,Action
16320,Action
9531,Action
12289,Action
9488,Action
193,Action
44865,Action
256961,Action
10534,Action
87421,Action
10871,Action
13503,Action
14324,Action
96721,Action
23742,Action
11001,Action
16911,Action
2163,Action
36670,Action
8409,Action
365222,Action
268,Action
943,Action
10054,Action
9348,Action
9313,Action
12437,Action
1576,Action
13051,Action
49530,Action
11667,Action
169,Action
94348,Action
336004,Action
59965,Action
11918,Action
49526,Action
268920,Action
119283,Action
118957,Action
849,Action
4515,Action
18886,Action
13496,Action
22787,Action
37498,Action
144336,Action
13056,Action
49478,Action
9702,Action
9311,Action
26843,Action
1969,Action
198663,Action
2162,Action
127493,Action
10877,Action
71469,Action
326,Action
7220,Action
72387,Action
1892,Action
13460,Action
109414,Action
22907,Action
38322,Action
7305,Action
11519,Action
9335,Action
12106,Action
11141,Action
31867,Action
10253,Action
302156,Action
698,Action
1574,Action
1637,Action
1669,Action
59967,Action
8292,Action
10762,Action
172,Action
707,Action
4105,Action
273481,Action
307081,Action
865,Action
50456,Action
9823,Action
9766,Action
14034,Action
12244,Action
9271,Action
4474,Action
48340,Action
9920,Action
11702,Action
18550,Action
8869,Action
9042,Action
10350,Action
14164,Action
76640,Action
9989,Action
102362,Action
17186,Action
2008,Action
9053,Action
4512,Action
76349,Action
45610,Action
9449,Action
87,Action
2043,Action
1428,Action
562,Action
924,Action
699,Action
8831,Action
23483,Action
62206,Action
192102,Action
23172,Action
10016,Action
59859,Action
13495,Action
254473,Action
700,Action
174,Action
525,Action
9825,Action
42807,Action
56288,Action
1613,Action
14560,Action
10189,Action
134,Action
134374,Action
11509,Action
8011,Action
8681,Action
619,Action
12589,Action
7191,Action
1497,Action
168530,Action
11969,Action
2085,Action
75174,Action
10923,Action
111,Action
11676,Action
77866,Action
9416,Action
12277,Action
2140,Action
10623,Action
11237,Action
11165,Action
21724,Action
34813,Action
10431,Action
10167,Action
10861,Action
12770,Action
10074,Action
6978,Action
59440,Action
21338,Action
24264,Action
19803,Action
9067,Action
168705,Action
38543,Action
33157,Action
290864,Action
242166,Action
174751,Action
18828,Action
20697,Action
41283,Action
1891,Action
9737,Action
2787,Action
19150,Action
70435,Action
2453,Action
30596,Action
11090,Action
1642,Action
277,Action
204082,Action
5550,Action
30379,Action
287948,Action
109513,Action
12085,Action
38985,Action
10724,Action
1499,Action
4108,Action
8456,Action
1946,Action
85,Action
96,Action
16290,Action
9312,Action
1051,Action
9760,Action
9570,Action
3989,Action
20391,Action
335778,Action
1266,Action
107985,Action
14043,Action
19901,Action
9588,Action
9954,Action
9945,Action
755,Action
9470,Action
15644,Action
13805,Action
4597,Action
9414,Action
81796,Action
15092,Action
11382,Action
8198,Action
15070,Action
17134,Action
18885,Action
146198,Action
11835,Action
9074,Action
14396,Action
106747,Action
12142,Action
77948,Action
16608,Action
7299,Action
19457,Action
43935,Action
14538,Action
6968,Action
385383,Action
62630,Action
29427,Action
244114,Action
2669,Action
244339,Action
157,Action
218043,Action
106,Action
9829,Action
10535,Action
43959,Action
9610,Action
11904,Action
10569,Action
20483,Action
38665,Action
146227,Action
13809,Action
27380,Action
10017,Action
69848,Action
332411,Action
9389,Action
9626,Action
290555,Action
1620,Action
241254,Action
679,Action
7516,Action
27759,Action
11411,Action
7304,Action
4723,Action
25763,Action
39180,Action
9594,Action
4638,Action
13491,Action
40160,Action
8009,Action
8854,Action
38717,Action
2110,Action
90,Action
744,Action
146,Action
33196,Action
2142,Action
64690,Action
14736,Action
9434,Action
10413,Action
8975,Action
342521,Action
254904,Action
11495,Action
12211,Action
10743,Action
97430,Action
4911,Action
5236,Action
10045,Action
253450,Action
16353,Action
23759,Action
24206,Action
31668,Action
9288,Action
20083,Action
691,Action
12227,Action
15173,Action
13950,Action
1123,Action
41317,Action
44092,Action
70829,Action
11967,Action
9448,Action
1251,Action
9950,Action
24227,Action
59678,Action
407887,Action
17043,Action
319,Action
23631,Action
11658,Action
10136,Action
154,Action
75674,Action
17130,Action
1948,Action
387,Action
9550,Action
19419,Action
12088,Action
173931,Action
11,Action
12094,Action
256092,Action
17708,Action
28932,Action
45138,Action
14877,Action
10890,Action
316727,Action
9289,Action
9355,Action
10999,Action
13938,Action
10135,Action
26352,Action
39349,Action
15983,Action
11891,Action
9362,Action
9455,Action
10090,Action
9515,Action
37931,Action
13201,Action
2088,Action
10388,Action
27342,Action
29076,Action
29339,Action
32740,Action
13191,Action
11770,Action
10034,Action
17622,Action
17577,Action
15067,Action
43090,Action
250066,Action
667,Action
208869,Action
11576,Action
22820,Action
244316,Action
37737,Action
348,Action
660,Action
9400,Action
10705,Action
1619,Action
10179,Action
333355,Action
327833,Action
19644,Action
152747,Action
11818,Action
668,Action
15049,Action
22821,Action
13154,Action
13072,Action
44147,Action
13197,Action
10425,Action
256687,Action
182873,Action
21512,Action
389425,Action
33542,Action
11022,Action
15365,Action
312113,Action
25941,Action
326284,Action
681,Action
253,Action
8068,Action
10803,Action
682,Action
10117,Action
22314,Action
77156,Action
9555,Action
13006,Action
16651,Action
48620,Action
25388,Action
8374,Action
14576,Action
41009,Action
7347,Action
34723,Action
62255,Action
218,Action
792,Action
1103,Action
10622,Action
67913,Action
15797,Action
27549,Action
35944,Action
38940,Action
58626,Action
3482,Action
8982,Action
14351,Action
147767,Action
51995,Action
63006,Action
24266,Action
323677,Action
21610,Action
14854,Action
192141,Action
16441,Action
10786,Action
12484,Action
17339,Action
15745,Action
56930,Action
299552,Action
11935,Action
361159,Action
10914,Action
66607,Action
13807,Action
68818,Action
375290,Action
270938,Action
116613,Action
3040,Action
27191,Action
8337,Action
13408,Action
47816,Action
11536,Action
2370,Action
48572,Action
52015,Action
81390,Action
22301,Action
25209,Action
34769,Action
352978,Action
9516,Action
23330,Action
26268,Action
40505,Action
10615,Action
540,Action
370464,Action
224569,Action
142061,Action
252360,Action
256740,Action
11564,Action
10070,Action
658,Action
10991,Action
18065,Action
15158,Action
670,Action
35691,Action
49010,Action
317930,Action
22488,Action
192210,Action
70006,Action
26039,Action
43213,Action
325173,Action
356483,Action
13025,Action
16016,Action
33106,Action
1687,Action
24748,Action
45132,Action
146631,Action
16205,Action
657,Action
28165,Action
8810,Action
12207,Action
11194,Action
7873,Action
22617,Action
10656,Action
24746,Action
67373,Action
7515,Action
22600,Action
20406,Action
18808,Action
98549,Action
329540,Action
1705,Action
205126,Action
104,Action
1688,Action
11690,Action
308529,Action
507,Action
323271,Action
356841,Action
347755,Action
295914,Action
19187,Action
43884,Action
13064,Action
59917,Action
94329,Action
53502,Action
646,Action
10643,Action
39833,Action
18712,Action
171424,Action
112456,Action
29015,Action
56491,Action
18869,Action
206213,Action
367551,Action
25212,Action
10105,Action
51955,Action
26916,Action
346,Action
45380,Action
253626,Action
322194,Action
380733,Action
15239,Action
4107,Action
25678,Action
47534,Action
40914,Action
13282,Action
378237,Action
24869,Action
18533,Action
9659,Action
5822,Action
354624,Action
65448,Action
270554,Action
69382,Action
42151,Action
38780,Action
9367,Action
19995,Adventure
285,Adventure
206647,Adventure
49529,Adventure
559,Adventure
99861,Adventure
767,Adventure
209112,Adventure
1452,Adventure
10764,Adventure
58,Adventure
57201,Adventure
49521,Adventure
2454,Adventure
24428,Adventure
1865,Adventure
122917,Adventure
1930,Adventure
20662,Adventure
57158,Adventure
2268,Adventure
254,Adventure
271110,Adventure
44833,Adventure
135397,Adventure
37724,Adventure
558,Adventure
68721,Adventure
12155,Adventure
36668,Adventure
8373,Adventure
91314,Adventure
68728,Adventure
102382,Adventure
20526,Adventure
49013,Adventure
44912,Adventure
127585,Adventure
54138,Adventure
9543,Adventure
68726,Adventure
38356,Adventure
217,Adventure
105864,Adventure
62177,Adventure
188927,Adventure
14161,Adventure
76757,Adventure
258489,Adventure
411,Adventure
14160,Adventure
15512,Adventure
1726,Adventure
44826,Adventure
8487,Adventure
1735,Adventure
297761,Adventure
9804,Adventure
14869,Adventure
278927,Adventure
10138,Adventure
58595,Adventure
102651,Adventure
79698,Adventure
64686,Adventure
100402,Adventure
10192,Adventure
158852,Adventure
177572,Adventure
82690,Adventure
5255,Adventure
47933,Adventure
10191,Adventure
118340,Adventure
157336,Adventure
27205,Adventure
315011,Adventure
49051,Adventure
49538,Adventure
131634,Adventure
27022,Adventure
503,Adventure
810,Adventure
68735,Adventure
87101,Adventure
10140,Adventure
1858,Adventure
1966,Adventure
675,Adventure
674,Adventure
118,Adventure
18360,Adventure
2080,Adventure
605,Adventure
109445,Adventure
604,Adventure
76338,Adventure
76341,Adventure
10195,Adventure
13053,Adventure
19585,Adventure
57165,Adventure
177677,Adventure
5559,Adventure
10196,Adventure
956,Adventure
50321,Adventure
11619,Adventure
266647,Adventure
82703,Adventure
652,Adventure
36669,Adventure
95,Adventure
608,Adventure
2310,Adventure
140300,Adventure
56292,Adventure
147441,Adventure
13475,Adventure
82702,Adventure
944,Adventure
72559,Adventure
7364,Adventure
2114,Adventure
1771,Adventure
36643,Adventure
8619,Adventure
50620,Adventure
1724,Adventure
267935,Adventure
281957,Adventure
44896,Adventure
270946,Adventure
9502,Adventure
102899,Adventure
101299,Adventure
74,Adventure
8961,Adventure
417859,Adventure
86834,Adventure
17578,Adventure
673,Adventure
82700,Adventure
181533,Adventure
671,Adventure
22,Adventure
131631,Adventure
172385,Adventure
36658,Adventure
58574,Adventure
18823,Adventure
861,Adventure
1911,Adventure
435,Adventure
955,Adventure
1979,Adventure
87827,Adventure
9471,Adventure
70981,Adventure
10996,Adventure
75612,Adventure
1895,Adventure
1894,Adventure
76170,Adventure
1893,Adventure
49519,Adventure
2395,Adventure
290595,Adventure
98566,Adventure
9619,Adventure
308531,Adventure
166424,Adventure
1593,Adventure
714,Adventure
262500,Adventure
41513,Adventure
262504,Adventure
1639,Adventure
80274,Adventure
120,Adventure
10204,Adventure
1495,Adventure
286217,Adventure
1635,Adventure
98,Adventure
672,Adventure
36557,Adventure
869,Adventure
11688,Adventure
76163,Adventure
2059,Adventure
2486,Adventure
116711,Adventure
563,Adventure
41216,Adventure
184315,Adventure
9016,Adventure
18162,Adventure
138103,Adventure
10214,Adventure
205775,Adventure
22972,Adventure
1734,Adventure
18,Adventure
10501,Adventure
57800,Adventure
122,Adventure
121,Adventure
68737,Adventure
1995,Adventure
331,Adventure
8204,Adventure
9806,Adventure
1408,Adventure
32657,Adventure
607,Adventure
8355,Adventure
116745,Adventure
4327,Adventure
10674,Adventure
10528,Adventure
10865,Adventure
258509,Adventure
644,Adventure
76285,Adventure
1996,Adventure
291805,Adventure
10003,Adventure
46195,Adventure
9387,Adventure
664,Adventure
8358,Adventure
52451,Adventure
7484,Adventure
157350,Adventure
10159,Adventure
9593,Adventure
62764,Adventure
22538,Adventure
9341,Adventure
9637,Adventure
8247,Adventure
11253,Adventure
27578,Adventure
954,Adventure
70160,Adventure
6068,Adventure
41515,Adventure
9023,Adventure
2157,Adventure
2135,Adventure
9822,Adventure
1656,Adventure
4442,Adventure
9433,Adventure
11228,Adventure
77951,Adventure
9562,Adventure
9922,Adventure
9447,Adventure
274854,Adventure
9992,Adventure
10077,Adventure
76649,Adventure
72545,Adventure
2023,Adventure
309809,Adventure
17711,Adventure
602,Adventure
330,Adventure
36657,Adventure
9802,Adventure
950,Adventure
332,Adventure
11678,Adventure
203801,Adventure
6520,Adventure
7450,Adventure
11375,Adventure
23685,Adventure
11866,Adventure
211672,Adventure
8676,Adventure
1997,Adventure
809,Adventure
920,Adventure
7451,Adventure
228165,Adventure
879,Adventure
395,Adventure
200,Adventure
587,Adventure
2756,Adventure
2270,Adventure
978,Adventure
3132,Adventure
8814,Adventure
8427,Adventure
49021,Adventure
10550,Adventure
12610,Adventure
5137,Adventure
188207,Adventure
24021,Adventure
26428,Adventure
9824,Adventure
9703,Adventure
425,Adventure
9342,Adventure
5551,Adventure
9350,Adventure
9208,Adventure
36648,Adventure
11983,Adventure
6795,Adventure
9292,Adventure
10783,Adventure
253412,Adventure
329,Adventure
300168,Adventure
12138,Adventure
1271,Adventure
11199,Adventure
710,Adventure
9837,Adventure
8916,Adventure
2119,Adventure
39514,Adventure
9334,Adventure
10628,Adventure
77174,Adventure
4824,Adventure
9620,Adventure
10199,Adventure
137106,Adventure
6278,Adventure
17610,Adventure
16866,Adventure
201,Adventure
11679,Adventure
14411,Adventure
9664,Adventure
123553,Adventure
11260,Adventure
2309,Adventure
210860,Adventure
2312,Adventure
9839,Adventure
381902,Adventure
293660,Adventure
257445,Adventure
1370,Adventure
35791,Adventure
72431,Adventure
11358,Adventure
10530,Adventure
1924,Adventure
10603,Adventure
9618,Adventure
8584,Adventure
2320,Adventure
1729,Adventure
8195,Adventure
10586,Adventure
72197,Adventure
145220,Adventure
14623,Adventure
8536,Adventure
479,Adventure
6519,Adventure
18239,Adventure
808,Adventure
8367,Adventure
10329,Adventure
13811,Adventure
13836,Adventure
6038,Adventure
9975,Adventure
11451,Adventure
46529,Adventure
228326,Adventure
9631,Adventure
14199,Adventure
1907,Adventure
9691,Adventure
72710,Adventure
10061,Adventure
10386,Adventure
421,Adventure
11968,Adventure
10047,Adventure
11212,Adventure
15268,Adventure
89,Adventure
6415,Adventure
9896,Adventure
8592,Adventure
1368,Adventure
593,Adventure
199,Adventure
88751,Adventure
1537,Adventure
9360,Adventure
9487,Adventure
7453,Adventure
17379,Adventure
8987,Adventure
11359,Adventure
9759,Adventure
9486,Adventure
9906,Adventure
841,Adventure
4688,Adventure
2207,Adventure
9381,Adventure
9625,Adventure
20856,Adventure
9826,Adventure
9457,Adventure
58233,Adventure
5503,Adventure
1369,Adventure
709,Adventure
9607,Adventure
79,Adventure
46528,Adventure
280391,Adventure
9476,Adventure
165,Adventure
12279,Adventure
196,Adventure
9036,Adventure
9361,Adventure
11551,Adventure
10336,Adventure
11362,Adventure
68179,Adventure
1579,Adventure
708,Adventure
34851,Adventure
9096,Adventure
39513,Adventure
8850,Adventure
11398,Adventure
11370,Adventure
12704,Adventure
10315,Adventure
78698,Adventure
24418,Adventure
15074,Adventure
20542,Adventure
9978,Adventure
5353,Adventure
77459,Adventure
256040,Adventure
16320,Adventure
9531,Adventure
12289,Adventure
9488,Adventure
193,Adventure
257932,Adventure
10871,Adventure
13600,Adventure
14324,Adventure
299687,Adventure
10488,Adventure
8966,Adventure
36670,Adventure
23048,Adventure
817,Adventure
943,Adventure
10054,Adventure
44264,Adventure
152,Adventure
11459,Adventure
9313,Adventure
1273,Adventure
12437,Adventure
11469,Adventure
11667,Adventure
14175,Adventure
9093,Adventure
849,Adventure
4515,Adventure
18886,Adventure
37498,Adventure
285783,Adventure
11876,Adventure
1381,Adventure
21311,Adventure
202575,Adventure
1892,Adventure
11888,Adventure
7305,Adventure
157841,Adventure
5494,Adventure
698,Adventure
1637,Adventure
1669,Adventure
9273,Adventure
16340,Adventure
4476,Adventure
10762,Adventure
227783,Adventure
172,Adventure
707,Adventure
533,Adventure
9266,Adventure
9013,Adventure
50456,Adventure
9766,Adventure
12244,Adventure
9042,Adventure
14164,Adventure
8054,Adventure
17186,Adventure
9053,Adventure
76349,Adventure
367961,Adventure
223702,Adventure
9449,Adventure
812,Adventure
87,Adventure
699,Adventure
62206,Adventure
11780,Adventure
17834,Adventure
59859,Adventure
700,Adventure
15927,Adventure
174,Adventure
10188,Adventure
34584,Adventure
13155,Adventure
14560,Adventure
134,Adventure
15028,Adventure
36355,Adventure
11024,Adventure
208763,Adventure
12589,Adventure
1497,Adventure
11969,Adventure
1265,Adventure
11676,Adventure
9416,Adventure
14317,Adventure
11237,Adventure
11165,Adventure
6116,Adventure
9290,Adventure
34813,Adventure
10861,Adventure
6978,Adventure
20766,Adventure
24264,Adventure
168705,Adventure
25353,Adventure
38543,Adventure
83770,Adventure
168,Adventure
18828,Adventure
24961,Adventure
26672,Adventure
4935,Adventure
1891,Adventure
227707,Adventure
580,Adventure
5550,Adventure
38985,Adventure
153158,Adventure
10724,Adventure
1499,Adventure
85,Adventure
772,Adventure
14405,Adventure
11637,Adventure
8326,Adventure
16690,Adventure
14873,Adventure
272878,Adventure
9760,Adventure
1649,Adventure
9570,Adventure
3989,Adventure
14043,Adventure
59860,Adventure
9588,Adventure
9954,Adventure
328387,Adventure
526,Adventure
5915,Adventure
18357,Adventure
15070,Adventure
17134,Adventure
18885,Adventure
21755,Adventure
128,Adventure
16608,Adventure
10448,Adventure
133931,Adventure
581,Adventure
105,Adventure
129,Adventure
13523,Adventure
1878,Adventure
157,Adventure
106,Adventure
9610,Adventure
11904,Adventure
44115,Adventure
20483,Adventure
38665,Adventure
22102,Adventure
27380,Adventure
245703,Adventure
9626,Adventure
11411,Adventure
58048,Adventure
2989,Adventure
4723,Adventure
25763,Adventure
9285,Adventure
10956,Adventure
13491,Adventure
8009,Adventure
8854,Adventure
38717,Adventure
146,Adventure
33196,Adventure
11153,Adventure
947,Adventure
2493,Adventure
10413,Adventure
8975,Adventure
15511,Adventure
8053,Adventure
13853,Adventure
16353,Adventure
23759,Adventure
172391,Adventure
9288,Adventure
9396,Adventure
691,Adventure
12227,Adventure
15173,Adventure
13950,Adventure
12403,Adventure
41317,Adventure
11967,Adventure
9448,Adventure
238603,Adventure
1251,Adventure
5172,Adventure
9683,Adventure
17043,Adventure
62204,Adventure
43867,Adventure
12144,Adventure
11658,Adventure
578,Adventure
10136,Adventure
154,Adventure
13335,Adventure
36819,Adventure
17130,Adventure
129670,Adventure
387,Adventure
9550,Adventure
45226,Adventure
15907,Adventure
173931,Adventure
11,Adventure
206563,Adventure
12837,Adventure
13888,Adventure
62,Adventure
601,Adventure
25379,Adventure
1648,Adventure
9355,Adventure
10999,Adventure
13938,Adventure
1832,Adventure
294272,Adventure
10090,Adventure
14120,Adventure
37931,Adventure
9952,Adventure
47890,Adventure
29339,Adventure
13191,Adventure
283671,Adventure
15067,Adventure
667,Adventure
11576,Adventure
660,Adventure
11282,Adventure
9671,Adventure
333355,Adventure
71805,Adventure
152747,Adventure
62676,Adventure
11818,Adventure
11176,Adventure
385736,Adventure
668,Adventure
110683,Adventure
21512,Adventure
15365,Adventure
45650,Adventure
681,Adventure
253,Adventure
10803,Adventure
682,Adventure
10117,Adventure
9392,Adventure
11342,Adventure
9555,Adventure
16651,Adventure
25388,Adventure
1956,Adventure
294512,Adventure
13001,Adventure
34723,Adventure
62255,Adventure
576,Adventure
11583,Adventure
27549,Adventure
14351,Adventure
173,Adventure
10786,Adventure
12484,Adventure
17339,Adventure
5689,Adventure
10339,Adventure
68818,Adventure
270938,Adventure
5925,Adventure
27551,Adventure
81390,Adventure
251979,Adventure
352978,Adventure
252360,Adventure
658,Adventure
1685,Adventure
10991,Adventure
630,Adventure
17264,Adventure
16016,Adventure
15875,Adventure
33106,Adventure
7512,Adventure
146631,Adventure
19933,Adventure
322443,Adventure
657,Adventure
8810,Adventure
55604,Adventure
9662,Adventure
11194,Adventure
24746,Adventure
171759,Adventure
20406,Adventure
18808,Adventure
98549,Adventure
37232,Adventure
246449,Adventure
48463,Adventure
2661,Adventure
46256,Adventure
16433,Adventure
43884,Adventure
13064,Adventure
59917,Adventure
811,Adventure
5769,Adventure
646,Adventure
10643,Adventure
171424,Adventure
201132,Adventure
10105,Adventure
26916,Adventure
23069,Adventure
4107,Adventure
762,Adventure
25678,Adventure
47534,Adventure
35073,Adventure
9659,Adventure
19995,Fantasy
285,Fantasy
559,Fantasy
767,Fantasy
209112,Fantasy
1452,Fantasy
58,Fantasy
49521,Fantasy
2454,Fantasy
1865,Fantasy
122917,Fantasy
1930,Fantasy
57158,Fantasy
2268,Fantasy
558,Fantasy
12155,Fantasy
68728,Fantasy
102382,Fantasy
127585,Fantasy
81005,Fantasy
9543,Fantasy
62177,Fantasy
76757,Fantasy
411,Fantasy
1735,Fantasy
297761,Fantasy
2698,Fantasy
278927,Fantasy
58595,Fantasy
102651,Fantasy
64686,Fantasy
10192,Fantasy
5255,Fantasy
10191,Fantasy
49051,Fantasy
4922,Fantasy
27022,Fantasy
241259,Fantasy
810,Fantasy
68735,Fantasy
10140,Fantasy
675,Fantasy
674,Fantasy
8960,Fantasy
118,Fantasy
2062,Fantasy
18360,Fantasy
76338,Fantasy
10195,Fantasy
19585,Fantasy
62213,Fantasy
10196,Fantasy
266647,Fantasy
43074,Fantasy
81188,Fantasy
557,Fantasy
82702,Fantasy
205584,Fantasy
2114,Fantasy
50620,Fantasy
267935,Fantasy
228161,Fantasy
417859,Fantasy
673,Fantasy
181533,Fantasy
671,Fantasy
49524,Fantasy
22,Fantasy
18823,Fantasy
1911,Fantasy
415,Fantasy
8871,Fantasy
1979,Fantasy
1250,Fantasy
76170,Fantasy
49519,Fantasy
2395,Fantasy
98566,Fantasy
308531,Fantasy
1593,Fantasy
41513,Fantasy
77931,Fantasy
120,Fantasy
10588,Fantasy
10137,Fantasy
672,Fantasy
11688,Fantasy
2486,Fantasy
16523,Fantasy
116711,Fantasy
9946,Fantasy
414,Fantasy
41216,Fantasy
9016,Fantasy
10214,Fantasy
1734,Fantasy
18,Fantasy
150689,Fantasy
7980,Fantasy
122,Fantasy
121,Fantasy
68737,Fantasy
1995,Fantasy
8204,Fantasy
32657,Fantasy
116745,Fantasy
10756,Fantasy
76285,Fantasy
1996,Fantasy
9387,Fantasy
49852,Fantasy
76492,Fantasy
4523,Fantasy
9593,Fantasy
297,Fantasy
62764,Fantasy
12107,Fantasy
9339,Fantasy
16281,Fantasy
8247,Fantasy
11253,Fantasy
310,Fantasy
70160,Fantasy
364,Fantasy
9986,Fantasy
55301,Fantasy
10202,Fantasy
11618,Fantasy
2300,Fantasy
9822,Fantasy
12159,Fantasy
9678,Fantasy
4442,Fantasy
75,Fantasy
9447,Fantasy
274854,Fantasy
9992,Fantasy
309809,Fantasy
8698,Fantasy
9297,Fantasy
37958,Fantasy
23685,Fantasy
23629,Fantasy
10808,Fantasy
3050,Fantasy
809,Fantasy
879,Fantasy
9697,Fantasy
23398,Fantasy
587,Fantasy
10395,Fantasy
49017,Fantasy
2270,Fantasy
52520,Fantasy
24021,Fantasy
9824,Fantasy
72331,Fantasy
9703,Fantasy
9021,Fantasy
4244,Fantasy
36648,Fantasy
6795,Fantasy
9947,Fantasy
1427,Fantasy
497,Fantasy
5994,Fantasy
9334,Fantasy
1487,Fantasy
170687,Fantasy
6435,Fantasy
137106,Fantasy
6278,Fantasy
4958,Fantasy
38321,Fantasy
137321,Fantasy
123553,Fantasy
2309,Fantasy
2312,Fantasy
381902,Fantasy
9007,Fantasy
8840,Fantasy
71676,Fantasy
6477,Fantasy
1924,Fantasy
9327,Fantasy
8839,Fantasy
795,Fantasy
9374,Fantasy
1729,Fantasy
14623,Fantasy
36586,Fantasy
8536,Fantasy
11817,Fantasy
18239,Fantasy
808,Fantasy
72105,Fantasy
224141,Fantasy
13836,Fantasy
752,Fantasy
11451,Fantasy
60304,Fantasy
228326,Fantasy
928,Fantasy
44603,Fantasy
10386,Fantasy
109491,Fantasy
47327,Fantasy
11232,Fantasy
1636,Fantasy
5393,Fantasy
20533,Fantasy
888,Fantasy
11359,Fantasy
9906,Fantasy
9304,Fantasy
20856,Fantasy
1494,Fantasy
834,Fantasy
49730,Fantasy
9607,Fantasy
46528,Fantasy
10610,Fantasy
11551,Fantasy
10336,Fantasy
71864,Fantasy
440,Fantasy
8850,Fantasy
9306,Fantasy
18937,Fantasy
2687,Fantasy
24418,Fantasy
56715,Fantasy
20542,Fantasy
77459,Fantasy
9495,Fantasy
24420,Fantasy
9531,Fantasy
257932,Fantasy
13600,Fantasy
10488,Fantasy
8966,Fantasy
16911,Fantasy
268,Fantasy
12437,Fantasy
11469,Fantasy
11979,Fantasy
35019,Fantasy
14442,Fantasy
849,Fantasy
8967,Fantasy
9616,Fantasy
14113,Fantasy
49478,Fantasy
202575,Fantasy
10719,Fantasy
9294,Fantasy
9647,Fantasy
10253,Fantasy
3587,Fantasy
2907,Fantasy
16300,Fantasy
9598,Fantasy
10096,Fantasy
59436,Fantasy
21972,Fantasy
3933,Fantasy
293863,Fantasy
1262,Fantasy
9823,Fantasy
4474,Fantasy
10658,Fantasy
14164,Fantasy
8054,Fantasy
2008,Fantasy
367961,Fantasy
223702,Fantasy
9449,Fantasy
9667,Fantasy
812,Fantasy
924,Fantasy
10439,Fantasy
10025,Fantasy
17834,Fantasy
34584,Fantasy
13155,Fantasy
8011,Fantasy
9092,Fantasy
11024,Fantasy
208763,Fantasy
12589,Fantasy
11283,Fantasy
6116,Fantasy
46261,Fantasy
18975,Fantasy
11954,Fantasy
6978,Fantasy
24264,Fantasy
9067,Fantasy
168705,Fantasy
94352,Fantasy
10208,Fantasy
24961,Fantasy
26672,Fantasy
4935,Fantasy
227707,Fantasy
251,Fantasy
11395,Fantasy
277,Fantasy
1499,Fantasy
9312,Fantasy
162,Fantasy
16690,Fantasy
1649,Fantasy
19901,Fantasy
9954,Fantasy
577,Fantasy
9945,Fantasy
526,Fantasy
9470,Fantasy
12797,Fantasy
13948,Fantasy
12142,Fantasy
128,Fantasy
8953,Fantasy
13688,Fantasy
10353,Fantasy
44638,Fantasy
129,Fantasy
73191,Fantasy
23082,Fantasy
854,Fantasy
2280,Fantasy
10013,Fantasy
9610,Fantasy
848,Fantasy
9626,Fantasy
38117,Fantasy
1491,Fantasy
1417,Fantasy
8009,Fantasy
34647,Fantasy
4011,Fantasy
287903,Fantasy
2493,Fantasy
9100,Fantasy
13768,Fantasy
11495,Fantasy
12211,Fantasy
37718,Fantasy
57943,Fantasy
10075,Fantasy
13501,Fantasy
15208,Fantasy
9288,Fantasy
137,Fantasy
15173,Fantasy
11586,Fantasy
492,Fantasy
6217,Fantasy
36819,Fantasy
10437,Fantasy
14191,Fantasy
34549,Fantasy
844,Fantasy
927,Fantasy
766,Fantasy
601,Fantasy
1832,Fantasy
15301,Fantasy
294272,Fantasy
7006,Fantasy
333355,Fantasy
2619,Fantasy
11596,Fantasy
26963,Fantasy
45650,Fantasy
11342,Fantasy
11687,Fantasy
164372,Fantasy
433,Fantasy
10215,Fantasy
27549,Fantasy
16633,Fantasy
16441,Fantasy
20455,Fantasy
1024,Fantasy
14849,Fantasy
290825,Fantasy
141,Fantasy
3040,Fantasy
14517,Fantasy
27551,Fantasy
103328,Fantasy
10981,Fantasy
765,Fantasy
46146,Fantasy
252360,Fantasy
1585,Fantasy
10991,Fantasy
10285,Fantasy
15582,Fantasy
252,Fantasy
24126,Fantasy
630,Fantasy
19933,Fantasy
309425,Fantasy
188652,Fantasy
32235,Fantasy
84175,Fantasy
46729,Fantasy
408,Fantasy
60400,Fantasy
50037,Fantasy
9707,Fantasy
13198,Fantasy
13856,Fantasy
127867,Fantasy
158752,Fantasy
45649,Fantasy
762,Fantasy
11980,Fantasy
24869,Fantasy
985,Fantasy
20981,Fantasy
19995,Science Fiction
49529,Science Fiction
99861,Science Fiction
1452,Science Fiction
49521,Science Fiction
24428,Science Fiction
41154,Science Fiction
271110,Science Fiction
44833,Science Fiction
135397,Science Fiction
68721,Science Fiction
36668,Science Fiction
8373,Science Fiction
91314,Science Fiction
20526,Science Fiction
44912,Science Fiction
534,Science Fiction
72190,Science Fiction
127585,Science Fiction
54138,Science Fiction
68726,Science Fiction
38356,Science Fiction
188927,Science Fiction
14161,Science Fiction
76757,Science Fiction
246655,Science Fiction
15512,Science Fiction
1726,Science Fiction
8487,Science Fiction
297761,Science Fiction
137113,Science Fiction
14869,Science Fiction
10138,Science Fiction
119450,Science Fiction
79698,Science Fiction
100402,Science Fiction
158852,Science Fiction
47933,Science Fiction
296,Science Fiction
118340,Science Fiction
157336,Science Fiction
27205,Science Fiction
315011,Science Fiction
49538,Science Fiction
131634,Science Fiction
87101,Science Fiction
1858,Science Fiction
6479,Science Fiction
2080,Science Fiction
605,Science Fiction
604,Science Fiction
76341,Science Fiction
95,Science Fiction
608,Science Fiction
13475,Science Fiction
13183,Science Fiction
1927,Science Fiction
72559,Science Fiction
2114,Science Fiction
1771,Science Fiction
1724,Science Fiction
102899,Science Fiction
101299,Science Fiction
228161,Science Fiction
74,Science Fiction
82700,Science Fiction
38055,Science Fiction
131631,Science Fiction
36658,Science Fiction
861,Science Fiction
435,Science Fiction
70981,Science Fiction
68724,Science Fiction
2789,Science Fiction
97020,Science Fiction
7459,Science Fiction
75612,Science Fiction
1895,Science Fiction
1894,Science Fiction
76170,Science Fiction
1893,Science Fiction
98566,Science Fiction
49047,Science Fiction
166424,Science Fiction
262500,Science Fiction
262504,Science Fiction
39254,Science Fiction
80274,Science Fiction
2048,Science Fiction
286217,Science Fiction
1635,Science Fiction
180,Science Fiction
869,Science Fiction
280,Science Fiction
563,Science Fiction
83542,Science Fiction
9016,Science Fiction
18162,Science Fiction
11692,Science Fiction
9890,Science Fiction
18,Science Fiction
157353,Science Fiction
331,Science Fiction
61791,Science Fiction
607,Science Fiction
10865,Science Fiction
257344,Science Fiction
644,Science Fiction
686,Science Fiction
9383,Science Fiction
10003,Science Fiction
2067,Science Fiction
2277,Science Fiction
10357,Science Fiction
157350,Science Fiction
62764,Science Fiction
9341,Science Fiction
12107,Science Fiction
49049,Science Fiction
8247,Science Fiction
11253,Science Fiction
8452,Science Fiction
70160,Science Fiction
9928,Science Fiction
754,Science Fiction
20504,Science Fiction
9574,Science Fiction
10200,Science Fiction
2157,Science Fiction
2135,Science Fiction
75,Science Fiction
19959,Science Fiction
5491,Science Fiction
9562,Science Fiction
8870,Science Fiction
10077,Science Fiction
72545,Science Fiction
4858,Science Fiction
8698,Science Fiction
602,Science Fiction
330,Science Fiction
9693,Science Fiction
36657,Science Fiction
7450,Science Fiction
9425,Science Fiction
25769,Science Fiction
9741,Science Fiction
10153,Science Fiction
2675,Science Fiction
1903,Science Fiction
395,Science Fiction
200,Science Fiction
44943,Science Fiction
2756,Science Fiction
11535,Science Fiction
5137,Science Fiction
9824,Science Fiction
846,Science Fiction
6171,Science Fiction
603,Science Fiction
36648,Science Fiction
71679,Science Fiction
10483,Science Fiction
6795,Science Fiction
818,Science Fiction
16577,Science Fiction
329,Science Fiction
8914,Science Fiction
39538,Science Fiction
8645,Science Fiction
1487,Science Fiction
9620,Science Fiction
10771,Science Fiction
8078,Science Fiction
9849,Science Fiction
16866,Science Fiction
201,Science Fiction
38321,Science Fiction
8413,Science Fiction
10384,Science Fiction
11260,Science Fiction
8285,Science Fiction
889,Science Fiction
35791,Science Fiction
1924,Science Fiction
9327,Science Fiction
8077,Science Fiction
12123,Science Fiction
8202,Science Fiction
14623,Science Fiction
8536,Science Fiction
38050,Science Fiction
37686,Science Fiction
10329,Science Fiction
13811,Science Fiction
6950,Science Fiction
13836,Science Fiction
46529,Science Fiction
1577,Science Fiction
14199,Science Fiction
72710,Science Fiction
10061,Science Fiction
10386,Science Fiction
18501,Science Fiction
10416,Science Fiction
15268,Science Fiction
10796,Science Fiction
198184,Science Fiction
167,Science Fiction
11232,Science Fiction
593,Science Fiction
5393,Science Fiction
199,Science Fiction
88751,Science Fiction
926,Science Fiction
7453,Science Fiction
7737,Science Fiction
841,Science Fiction
9381,Science Fiction
9304,Science Fiction
20856,Science Fiction
9457,Science Fiction
834,Science Fiction
228066,Science Fiction
165,Science Fiction
240832,Science Fiction
12279,Science Fiction
196,Science Fiction
11551,Science Fiction
10336,Science Fiction
68179,Science Fiction
34851,Science Fiction
440,Science Fiction
39513,Science Fiction
8850,Science Fiction
9306,Science Fiction
2687,Science Fiction
10366,Science Fiction
19898,Science Fiction
4965,Science Fiction
56715,Science Fiction
1272,Science Fiction
20542,Science Fiction
110415,Science Fiction
16320,Science Fiction
9531,Science Fiction
193,Science Fiction
1091,Science Fiction
87421,Science Fiction
299687,Science Fiction
16911,Science Fiction
23048,Science Fiction
782,Science Fiction
817,Science Fiction
152,Science Fiction
9348,Science Fiction
8843,Science Fiction
12437,Science Fiction
1576,Science Fiction
49530,Science Fiction
169,Science Fiction
3604,Science Fiction
8836,Science Fiction
11918,Science Fiction
198663,Science Fiction
1381,Science Fiction
2900,Science Fiction
71469,Science Fiction
1892,Science Fiction
13460,Science Fiction
9294,Science Fiction
45612,Science Fiction
31867,Science Fiction
10253,Science Fiction
698,Science Fiction
10559,Science Fiction
17654,Science Fiction
59967,Science Fiction
16300,Science Fiction
172,Science Fiction
865,Science Fiction
9823,Science Fiction
12244,Science Fiction
9271,Science Fiction
4474,Science Fiction
9920,Science Fiction
37707,Science Fiction
10658,Science Fiction
10350,Science Fiction
14164,Science Fiction
11058,Science Fiction
192577,Science Fiction
8831,Science Fiction
78,Science Fiction
10016,Science Fiction
174,Science Fiction
9825,Science Fiction
2666,Science Fiction
1551,Science Fiction
15028,Science Fiction
8011,Science Fiction
238615,Science Fiction
12589,Science Fiction
7191,Science Fiction
1497,Science Fiction
227156,Science Fiction
11237,Science Fiction
22825,Science Fiction
11954,Science Fiction
24264,Science Fiction
9067,Science Fiction
8338,Science Fiction
168,Science Fiction
10208,Science Fiction
26672,Science Fiction
1891,Science Fiction
2787,Science Fiction
152601,Science Fiction
957,Science Fiction
5550,Science Fiction
30379,Science Fiction
10724,Science Fiction
1499,Science Fiction
7341,Science Fiction
1946,Science Fiction
840,Science Fiction
1649,Science Fiction
9570,Science Fiction
38,Science Fiction
107985,Science Fiction
19901,Science Fiction
9954,Science Fiction
81796,Science Fiction
3509,Science Fiction
7299,Science Fiction
8953,Science Fiction
13688,Science Fiction
43935,Science Fiction
105,Science Fiction
16110,Science Fiction
157,Science Fiction
218043,Science Fiction
816,Science Fiction
106,Science Fiction
27380,Science Fiction
245703,Science Fiction
10017,Science Fiction
8408,Science Fiction
9389,Science Fiction
679,Science Fiction
21765,Science Fiction
11411,Science Fiction
4723,Science Fiction
25763,Science Fiction
12120,Science Fiction
1090,Science Fiction
40160,Science Fiction
8854,Science Fiction
9035,Science Fiction
9276,Science Fiction
1562,Science Fiction
13768,Science Fiction
9424,Science Fiction
15511,Science Fiction
12211,Science Fiction
68,Science Fiction
42188,Science Fiction
331592,Science Fiction
19,Science Fiction
10045,Science Fiction
262543,Science Fiction
11470,Science Fiction
97370,Science Fiction
1954,Science Fiction
22345,Science Fiction
5876,Science Fiction
264660,Science Fiction
238603,Science Fiction
5172,Science Fiction
59678,Science Fiction
59457,Science Fiction
154,Science Fiction
860,Science Fiction
76726,Science Fiction
36819,Science Fiction
13812,Science Fiction
31915,Science Fiction
16241,Science Fiction
34549,Science Fiction
122906,Science Fiction
227719,Science Fiction
12088,Science Fiction
1255,Science Fiction
844,Science Fiction
10133,Science Fiction
61984,Science Fiction
11,Science Fiction
10748,Science Fiction
31909,Science Fiction
190847,Science Fiction
62,Science Fiction
601,Science Fiction
1648,Science Fiction
19405,Science Fiction
9355,Science Fiction
10163,Science Fiction
15301,Science Fiction
11336,Science Fiction
22824,Science Fiction
42684,Science Fiction
88005,Science Fiction
134371,Science Fiction
32740,Science Fiction
17577,Science Fiction
106845,Science Fiction
11827,Science Fiction
62215,Science Fiction
348,Science Fiction
68684,Science Fiction
10179,Science Fiction
52010,Science Fiction
11588,Science Fiction
333355,Science Fiction
8069,Science Fiction
14353,Science Fiction
170,Science Fiction
149,Science Fiction
21512,Science Fiction
2577,Science Fiction
10803,Science Fiction
77156,Science Fiction
13006,Science Fiction
11687,Science Fiction
110402,Science Fiction
13001,Science Fiction
10514,Science Fiction
218,Science Fiction
1103,Science Fiction
27549,Science Fiction
837,Science Fiction
33155,Science Fiction
84204,Science Fiction
16633,Science Fiction
333371,Science Fiction
173,Science Fiction
50357,Science Fiction
20455,Science Fiction
17431,Science Fiction
3028,Science Fiction
199933,Science Fiction
18442,Science Fiction
57876,Science Fiction
11935,Science Fiction
34069,Science Fiction
29426,Science Fiction
8337,Science Fiction
52015,Science Fiction
10981,Science Fiction
125490,Science Fiction
158015,Science Fiction
1685,Science Fiction
34086,Science Fiction
15158,Science Fiction
24126,Science Fiction
50942,Science Fiction
38541,Science Fiction
3034,Science Fiction
13025,Science Fiction
16016,Science Fiction
14139,Science Fiction
10676,Science Fiction
1687,Science Fiction
84329,Science Fiction
20764,Science Fiction
7512,Science Fiction
146631,Science Fiction
347548,Science Fiction
11561,Science Fiction
8810,Science Fiction
24746,Science Fiction
28260,Science Fiction
335866,Science Fiction
312793,Science Fiction
32235,Science Fiction
1705,Science Fiction
205126,Science Fiction
1688,Science Fiction
13820,Science Fiction
23963,Science Fiction
46729,Science Fiction
290370,Science Fiction
2661,Science Fiction
42033,Science Fiction
23730,Science Fiction
50037,Science Fiction
53502,Science Fiction
811,Science Fiction
10643,Science Fiction
244267,Science Fiction
320146,Science Fiction
13856,Science Fiction
269057,Science Fiction
206213,Science Fiction
29146,Science Fiction
45767,Science Fiction
367551,Science Fiction
211557,Science Fiction
84332,Science Fiction
51955,Science Fiction
30315,Science Fiction
43933,Science Fiction
98568,Science Fiction
15239,Science Fiction
18045,Science Fiction
371690,Science Fiction
13282,Science Fiction
431,Science Fiction
70687,Science Fiction
35073,Science Fiction
9659,Science Fiction
13363,Science Fiction
36549,Science Fiction
289180,Science Fiction
55420,Science Fiction
86812,Science Fiction
985,Science Fiction
18841,Science Fiction
270554,Science Fiction
360188,Science Fiction
33468,Science Fiction
242095,Science Fiction
326576,Science Fiction
86304,Science Fiction
14337,Science Fiction
206647,Crime
49026,Crime
10764,Crime
5174,Crime
155,Crime
297761,Crime
9799,Crime
272,Crime
944,Crime
8961,Crime
49524,Crime
51497,Crime
58574,Crime
415,Crime
163,Crime
40805,Crime
9679,Crime
11322,Crime
4982,Crime
18487,Crime
27581,Crime
106646,Crime
414,Crime
314,Crime
257088,Crime
29193,Crime
3131,Crime
5175,Crime
4327,Crime
1422,Crime
65754,Crime
10528,Crime
179,Crime
291805,Crime
1535,Crime
4477,Crime
161,Crime
298,Crime
9615,Crime
1949,Crime
146216,Crime
754,Crime
4147,Crime
1701,Crime
12096,Crime
9705,Crime
9533,Crime
584,Crime
8909,Crime
75656,Crime
4551,Crime
3172,Crime
2026,Crime
8688,Crime
9257,Crime
33909,Crime
9882,Crime
201088,Crime
3093,Crime
11371,Crime
11517,Crime
136797,Crime
256591,Crime
11412,Crime
10783,Crime
257,Crime
189,Crime
1427,Crime
818,Crime
9072,Crime
12138,Crime
273248,Crime
497,Crime
2275,Crime
136400,Crime
9654,Crime
39514,Crime
1538,Crime
75780,Crime
10628,Crime
9509,Crime
9384,Crime
4824,Crime
267860,Crime
7485,Crime
82682,Crime
16558,Crime
5820,Crime
11775,Crime
12201,Crime
9932,Crime
13389,Crime
8838,Crime
11679,Crime
8285,Crime
10589,Crime
156022,Crime
8984,Crime
24,Crime
393,Crime
8195,Crime
10632,Crime
3580,Crime
34314,Crime
145220,Crime
70074,Crime
242,Crime
479,Crime
11456,Crime
261023,Crime
22803,Crime
640,Crime
524,Crime
26389,Crime
187017,Crime
388,Crime
2112,Crime
66,Crime
9631,Crime
306,Crime
2116,Crime
22832,Crime
9879,Crime
11892,Crime
9691,Crime
1248,Crime
10782,Crime
9573,Crime
4959,Crime
11615,Crime
241554,Crime
2252,Crime
11968,Crime
9923,Crime
9275,Crime
12634,Crime
47327,Crime
9548,Crime
1900,Crime
198184,Crime
9481,Crime
4547,Crime
181283,Crime
2148,Crime
1389,Crime
8592,Crime
913,Crime
320,Crime
325789,Crime
82675,Crime
1493,Crime
9944,Crime
10731,Crime
9869,Crime
146233,Crime
2034,Crime
1537,Crime
8987,Crime
82525,Crime
9759,Crime
2207,Crime
9625,Crime
5955,Crime
13184,Crime
58233,Crime
5503,Crime
819,Crime
10027,Crime
27582,Crime
64688,Crime
136795,Crime
11560,Crime
2749,Crime
1830,Crime
54054,Crime
27936,Crime
49527,Crime
168672,Crime
10398,Crime
1645,Crime
1213,Crime
187,Crime
7461,Crime
11565,Crime
6073,Crime
50348,Crime
9930,Crime
11975,Crime
8224,Crime
10154,Crime
11398,Crime
10391,Crime
203,Crime
62835,Crime
13536,Crime
6071,Crime
10461,Crime
266396,Crime
10428,Crime
10833,Crime
23168,Crime
23742,Crime
8470,Crime
11001,Crime
138832,Crime
817,Crime
943,Crime
51540,Crime
109431,Crime
1598,Crime
8065,Crime
2118,Crime
9366,Crime
5516,Crime
88794,Crime
94348,Crime
8197,Crime
336004,Crime
10410,Crime
98357,Crime
49526,Crime
268920,Crime
119283,Crime
22787,Crime
144336,Crime
13056,Crime
9702,Crime
9311,Crime
9280,Crime
1969,Crime
310706,Crime
127493,Crime
10877,Crime
9600,Crime
326,Crime
7220,Crime
72387,Crime
22907,Crime
38322,Crime
59,Crime
9335,Crime
31867,Crime
182,Crime
10559,Crime
8012,Crime
1574,Crime
1637,Crime
9273,Crime
807,Crime
322,Crime
9535,Crime
8292,Crime
4133,Crime
36593,Crime
4105,Crime
273481,Crime
9013,Crime
9766,Crime
109421,Crime
9271,Crime
4474,Crime
184346,Crime
43539,Crime
11702,Crime
3489,Crime
2122,Crime
13150,Crime
76640,Crime
146238,Crime
9989,Crime
311,Crime
102362,Crime
6016,Crime
265208,Crime
45610,Crime
10955,Crime
4912,Crime
2043,Crime
8831,Crime
23483,Crime
192102,Crime
2001,Crime
59859,Crime
254473,Crime
9437,Crime
525,Crime
186,Crime
42807,Crime
8080,Crime
1613,Crime
16617,Crime
169917,Crime
134374,Crime
11509,Crime
70436,Crime
31640,Crime
2779,Crime
117,Crime
6977,Crime
2085,Crime
769,Crime
111,Crime
77866,Crime
2140,Crime
10623,Crime
190955,Crime
278,Crime
284536,Crime
34813,Crime
10431,Crime
10167,Crime
276907,Crime
60309,Crime
21338,Crime
27360,Crime
152742,Crime
11699,Crime
109091,Crime
290864,Crime
2069,Crime
10480,Crime
41283,Crime
9737,Crime
37137,Crime
6973,Crime
1642,Crime
11323,Crime
10878,Crime
10279,Crime
5550,Crime
287948,Crime
12085,Crime
164457,Crime
4566,Crime
1646,Crime
4108,Crime
772,Crime
96,Crime
274,Crime
103370,Crime
1051,Crime
13279,Crime
27579,Crime
617,Crime
8848,Crime
1266,Crime
14043,Crime
328387,Crime
12690,Crime
755,Crime
9470,Crime
470,Crime
290751,Crime
4597,Crime
9414,Crime
15092,Crime
5971,Crime
11835,Crime
9074,Crime
14396,Crime
171274,Crime
106747,Crime
241239,Crime
16608,Crime
19457,Crime
46503,Crime
13250,Crime
199373,Crime
6968,Crime
12150,Crime
4232,Crime
62630,Crime
244114,Crime
22479,Crime
2757,Crime
854,Crime
8643,Crime
10147,Crime
816,Crime
8617,Crime
9829,Crime
16991,Crime
11904,Crime
10569,Crime
146227,Crime
13809,Crime
37903,Crime
10017,Crime
43434,Crime
332411,Crime
15670,Crime
1620,Crime
7516,Crime
41439,Crime
10223,Crime
26390,Crime
7304,Crime
10629,Crime
10673,Crime
16161,Crime
9594,Crime
4638,Crime
25166,Crime
68727,Crime
185567,Crime
18777,Crime
90,Crime
2142,Crime
77016,Crime
11478,Crime
13411,Crime
18405,Crime
64690,Crime
116,Crime
97367,Crime
254904,Crime
64689,Crime
13816,Crime
7501,Crime
10743,Crime
115,Crime
4911,Crime
8321,Crime
8053,Crime
5236,Crime
6687,Crime
8461,Crime
400,Crime
9104,Crime
10185,Crime
74536,Crime
20083,Crime
319910,Crime
86838,Crime
240,Crime
11967,Crime
136835,Crime
11592,Crime
2084,Crime
47502,Crime
9950,Crime
158011,Crime
319,Crime
9504,Crime
37414,Crime
16,Crime
21612,Crime
45324,Crime
9281,Crime
9762,Crime
184,Crime
57214,Crime
10220,Crime
1948,Crime
11027,Crime
45226,Crime
8060,Crime
327,Crime
107,Crime
206563,Crime
256092,Crime
17708,Crime
13937,Crime
12149,Crime
11109,Crime
62728,Crime
11917,Crime
45138,Crime
4657,Crime
214,Crime
663,Crime
26352,Crime
227,Crime
9455,Crime
10090,Crime
9515,Crime
1542,Crime
10029,Crime
11507,Crime
3472,Crime
13201,Crime
2088,Crime
10388,Crime
68812,Crime
14195,Crime
73567,Crime
15394,Crime
64559,Crime
10034,Crime
11546,Crime
41894,Crime
12245,Crime
208869,Crime
11576,Crime
9400,Crime
14181,Crime
1619,Crime
8883,Crime
291081,Crime
13483,Crime
680,Crime
242582,Crime
235,Crime
10734,Crime
28121,Crime
9490,Crime
1359,Crime
15049,Crime
22821,Crime
1958,Crime
26618,Crime
30141,Crime
12192,Crime
13197,Crime
10913,Crime
10425,Crime
302,Crime
389425,Crime
33542,Crime
11022,Crime
15365,Crime
55903,Crime
312113,Crime
25941,Crime
238,Crime
398,Crime
8068,Crime
10117,Crime
1696,Crime
308639,Crime
22314,Crime
13006,Crime
14112,Crime
192134,Crime
27004,Crime
8374,Crime
277519,Crime
334527,Crime
14576,Crime
41009,Crime
7347,Crime
650,Crime
9430,Crime
4836,Crime
642,Crime
1725,Crime
629,Crime
10622,Crime
25066,Crime
92591,Crime
67913,Crime
20794,Crime
11583,Crime
9282,Crime
35689,Crime
97614,Crime
8982,Crime
9277,Crime
4997,Crime
979,Crime
70670,Crime
63006,Crime
504,Crime
21610,Crime
122081,Crime
14854,Crime
11042,Crime
16148,Crime
36351,Crime
245916,Crime
1415,Crime
313922,Crime
13685,Crime
8744,Crime
13849,Crime
78814,Crime
77987,Crime
9336,Crime
1429,Crime
9303,Crime
641,Crime
12079,Crime
13807,Crime
12093,Crime
116613,Crime
11826,Crime
29920,Crime
11386,Crime
18713,Crime
9809,Crime
5,Crime
8141,Crime
25719,Crime
48309,Crime
44945,Crime
29122,Crime
81390,Crime
37495,Crime
34769,Crime
9516,Crime
18900,Crime
26268,Crime
573,Crime
25376,Crime
370464,Crime
20055,Crime
224569,Crime
241766,Crime
598,Crime
13551,Crime
11564,Crime
436,Crime
627,Crime
5854,Crime
18065,Crime
13982,Crime
868,Crime
26039,Crime
43213,Crime
325173,Crime
84329,Crime
356216,Crime
11798,Crime
9517,Crime
364083,Crime
595,Crime
226,Crime
11023,Crime
4816,Crime
7873,Crime
331190,Crime
22600,Crime
12612,Crime
34335,Crime
3766,Crime
95755,Crime
21309,Crime
14048,Crime
36334,Crime
43947,Crime
24066,Crime
66468,Crime
592,Crime
1651,Crime
9344,Crime
9464,Crime
13820,Crime
18079,Crime
507,Crime
356841,Crime
266034,Crime
2661,Crime
100,Crime
19997,Crime
176,Crime
39939,Crime
500,Crime
16433,Crime
12877,Crime
94329,Crime
103,Crime
26791,Crime
24424,Crime
66195,Crime
16155,Crime
46727,Crime
18206,Crime
186935,Crime
18869,Crime
654,Crime
14823,Crime
74725,Crime
13429,Crime
26837,Crime
376004,Crime
263503,Crime
36825,Crime
12281,Crime
125052,Crime
30246,Crime
119657,Crime
188166,Crime
84188,Crime
14290,Crime
378237,Crime
34697,Crime
18533,Crime
54702,Crime
175291,Crime
51130,Crime
72086,Crime
38780,Crime
366967,Crime
692,Crime
36095,Crime
9367,Crime
49026,Drama
254,Drama
597,Drama
72190,Drama
64682,Drama
17979,Drama
155,Drama
44826,Drama
150540,Drama
278927,Drama
58595,Drama
119450,Drama
64686,Drama
157336,Drama
315011,Drama
4922,Drama
27022,Drama
503,Drama
1966,Drama
6479,Drama
272,Drama
7978,Drama
117251,Drama
652,Drama
616,Drama
147441,Drama
1927,Drama
7364,Drama
50620,Drama
281957,Drama
2503,Drama
86834,Drama
6972,Drama
2133,Drama
87827,Drama
68724,Drama
42888,Drama
12100,Drama
290595,Drama
49047,Drama
254128,Drama
2024,Drama
787,Drama
2567,Drama
39254,Drama
8489,Drama
1495,Drama
286217,Drama
98,Drama
11322,Drama
4982,Drama
18487,Drama
9268,Drama
68718,Drama
10545,Drama
1372,Drama
106646,Drama
83542,Drama
205775,Drama
22972,Drama
29193,Drama
3131,Drama
76758,Drama
37786,Drama
150689,Drama
7980,Drama
157353,Drama
61791,Drama
2655,Drama
116745,Drama
1422,Drama
65754,Drama
271969,Drama
2253,Drama
644,Drama
686,Drama
10357,Drama
4477,Drama
8665,Drama
921,Drama
4464,Drama
664,Drama
8358,Drama
2502,Drama
9798,Drama
1904,Drama
9615,Drama
51052,Drama
297,Drama
9884,Drama
16858,Drama
62764,Drama
9339,Drama
1949,Drama
8656,Drama
9291,Drama
6964,Drama
11324,Drama
12193,Drama
4147,Drama
2289,Drama
2300,Drama
10200,Drama
8834,Drama
228150,Drama
14462,Drama
161795,Drama
12159,Drama
330770,Drama
9433,Drama
11973,Drama
10197,Drama
9922,Drama
9447,Drama
76649,Drama
453,Drama
8587,Drama
9693,Drama
594,Drama
6538,Drama
1125,Drama
612,Drama
9567,Drama
6520,Drama
1439,Drama
37958,Drama
2026,Drama
25769,Drama
11866,Drama
9741,Drama
20829,Drama
4349,Drama
197,Drama
25,Drama
11086,Drama
1997,Drama
6947,Drama
2675,Drama
16869,Drama
1903,Drama
9697,Drama
587,Drama
57212,Drama
152760,Drama
33909,Drama
49017,Drama
9882,Drama
978,Drama
44564,Drama
80585,Drama
10592,Drama
201088,Drama
4614,Drama
24021,Drama
26428,Drama
9008,Drama
300673,Drama
12113,Drama
1844,Drama
857,Drama
136797,Drama
6171,Drama
72976,Drama
568,Drama
82695,Drama
41733,Drama
227306,Drama
9208,Drama
1852,Drama
11820,Drama
345,Drama
196867,Drama
256591,Drama
9440,Drama
11983,Drama
550,Drama
11170,Drama
257,Drama
12618,Drama
253412,Drama
1427,Drama
12160,Drama
9331,Drama
300168,Drama
3536,Drama
9087,Drama
273248,Drama
9955,Drama
497,Drama
210577,Drama
2501,Drama
2275,Drama
37165,Drama
9837,Drama
38167,Drama
5994,Drama
9563,Drama
547,Drama
1538,Drama
11128,Drama
75780,Drama
39538,Drama
9509,Drama
9422,Drama
9302,Drama
137094,Drama
274479,Drama
7485,Drama
6435,Drama
82682,Drama
22954,Drama
9849,Drama
87825,Drama
12201,Drama
13389,Drama
8838,Drama
17332,Drama
4958,Drama
786,Drama
11679,Drama
10052,Drama
9676,Drama
9664,Drama
2100,Drama
137321,Drama
123553,Drama
9009,Drama
2312,Drama
9839,Drama
9713,Drama
4942,Drama
72431,Drama
1813,Drama
10589,Drama
1722,Drama
10022,Drama
11358,Drama
13,Drama
10530,Drama
8488,Drama
109424,Drama
7303,Drama
8963,Drama
1402,Drama
9315,Drama
8984,Drama
795,Drama
2320,Drama
8818,Drama
10632,Drama
12117,Drama
3580,Drama
12123,Drama
9566,Drama
9833,Drama
4517,Drama
16072,Drama
42297,Drama
2841,Drama
802,Drama
11321,Drama
242,Drama
9621,Drama
8046,Drama
1717,Drama
824,Drama
261023,Drama
3683,Drama
22803,Drama
39437,Drama
1950,Drama
640,Drama
97630,Drama
8741,Drama
1850,Drama
524,Drama
18239,Drama
9390,Drama
10312,Drama
462,Drama
9441,Drama
388,Drama
2112,Drama
10329,Drama
74465,Drama
13811,Drama
10320,Drama
50646,Drama
60308,Drama
6950,Drama
2251,Drama
231,Drama
300671,Drama
66,Drama
4421,Drama
2649,Drama
9631,Drama
205587,Drama
2116,Drama
1907,Drama
4599,Drama
10390,Drama
9879,Drama
44603,Drama
11892,Drama
1248,Drama
12220,Drama
10782,Drama
9573,Drama
4959,Drama
421,Drama
316152,Drama
11615,Drama
241554,Drama
10047,Drama
69668,Drama
9770,Drama
10533,Drama
38363,Drama
109491,Drama
9275,Drama
10416,Drama
18947,Drama
1900,Drama
96724,Drama
9481,Drama
4547,Drama
167,Drama
2148,Drama
9894,Drama
7504,Drama
913,Drama
11091,Drama
593,Drama
9095,Drama
20533,Drama
10684,Drama
325789,Drama
113464,Drama
11130,Drama
9944,Drama
10731,Drama
7350,Drama
9869,Drama
146233,Drama
2034,Drama
7214,Drama
508,Drama
10478,Drama
27983,Drama
15045,Drama
17379,Drama
82525,Drama
4688,Drama
4148,Drama
9625,Drama
5955,Drama
21355,Drama
10858,Drama
12412,Drama
1494,Drama
6639,Drama
68734,Drama
819,Drama
9623,Drama
10935,Drama
228066,Drama
711,Drama
10468,Drama
37233,Drama
37950,Drama
509,Drama
8095,Drama
11560,Drama
25189,Drama
2637,Drama
1830,Drama
79,Drama
65,Drama
9476,Drama
745,Drama
1885,Drama
168672,Drama
18240,Drama
10398,Drama
216015,Drama
1645,Drama
193756,Drama
37799,Drama
10184,Drama
24803,Drama
109410,Drama
1213,Drama
9036,Drama
9361,Drama
1677,Drama
7461,Drama
820,Drama
296098,Drama
8007,Drama
4380,Drama
11362,Drama
50348,Drama
1124,Drama
1579,Drama
9930,Drama
2044,Drama
9913,Drama
71864,Drama
209451,Drama
11975,Drama
11831,Drama
10641,Drama
10537,Drama
10385,Drama
10647,Drama
11431,Drama
64685,Drama
38357,Drama
10060,Drama
1833,Drama
10391,Drama
11370,Drama
12184,Drama
1921,Drama
203,Drama
62835,Drama
18937,Drama
13536,Drama
15556,Drama
11062,Drama
10802,Drama
1887,Drama
6071,Drama
10461,Drama
80278,Drama
16643,Drama
78698,Drama
30943,Drama
24575,Drama
15074,Drama
72358,Drama
266396,Drama
8271,Drama
10428,Drama
5353,Drama
11934,Drama
14392,Drama
110415,Drama
24420,Drama
8842,Drama
12289,Drama
44865,Drama
55787,Drama
10400,Drama
1957,Drama
5852,Drama
11306,Drama
12508,Drama
25793,Drama
10534,Drama
68722,Drama
14325,Drama
312221,Drama
23168,Drama
76494,Drama
4944,Drama
96721,Drama
334,Drama
62837,Drama
8966,Drama
8470,Drama
2163,Drama
227735,Drama
8409,Drama
222936,Drama
31908,Drama
10219,Drama
48171,Drama
75531,Drama
365222,Drama
45054,Drama
22881,Drama
44264,Drama
350,Drama
8065,Drama
409,Drama
2118,Drama
9313,Drama
39486,Drama
13920,Drama
140823,Drama
1883,Drama
9366,Drama
49022,Drama
423,Drama
2447,Drama
2288,Drama
88794,Drama
11979,Drama
8090,Drama
8197,Drama
8836,Drama
321741,Drama
11004,Drama
98357,Drama
9093,Drama
4515,Drama
18886,Drama
6440,Drama
18320,Drama
8967,Drama
144336,Drama
9616,Drama
285783,Drama
9726,Drama
20763,Drama
9702,Drama
9311,Drama
11876,Drama
22267,Drama
45958,Drama
310706,Drama
10436,Drama
1381,Drama
127493,Drama
228205,Drama
2900,Drama
21311,Drama
192136,Drama
18254,Drama
881,Drama
85446,Drama
7220,Drama
9763,Drama
12596,Drama
8055,Drama
9294,Drama
9647,Drama
11978,Drama
22907,Drama
7305,Drama
3594,Drama
157841,Drama
12920,Drama
59,Drama
8649,Drama
10253,Drama
32274,Drama
182,Drama
28,Drama
38073,Drama
2054,Drama
606,Drama
87502,Drama
120467,Drama
11313,Drama
10559,Drama
1574,Drama
9032,Drama
72570,Drama
27569,Drama
10637,Drama
132363,Drama
322,Drama
70,Drama
11036,Drama
18126,Drama
10333,Drama
4476,Drama
22947,Drama
2755,Drama
9598,Drama
82696,Drama
9870,Drama
9715,Drama
4133,Drama
10207,Drama
21972,Drama
6023,Drama
4347,Drama
37056,Drama
9918,Drama
273481,Drama
307081,Drama
293863,Drama
13156,Drama
41233,Drama
1262,Drama
59861,Drama
133805,Drama
9766,Drama
109421,Drama
9452,Drama
239566,Drama
53113,Drama
4474,Drama
14846,Drama
16232,Drama
43539,Drama
11702,Drama
43347,Drama
9701,Drama
13150,Drama
11208,Drama
11400,Drama
28902,Drama
11058,Drama
1947,Drama
46829,Drama
146238,Drama
9989,Drama
311,Drama
102362,Drama
11162,Drama
6016,Drama
17186,Drama
13967,Drama
2008,Drama
4512,Drama
76349,Drama
265208,Drama
1874,Drama
271331,Drama
215211,Drama
69,Drama
11499,Drama
4912,Drama
12506,Drama
24071,Drama
11249,Drama
9667,Drama
277216,Drama
315664,Drama
318846,Drama
26320,Drama
14292,Drama
9428,Drama
4348,Drama
78,Drama
192102,Drama
2001,Drama
10025,Drama
15198,Drama
10317,Drama
9746,Drama
13092,Drama
254473,Drama
4964,Drama
10024,Drama
13490,Drama
15927,Drama
1259,Drama
5125,Drama
9583,Drama
9437,Drama
10188,Drama
245,Drama
186,Drama
9549,Drama
61891,Drama
34584,Drama
12783,Drama
42807,Drama
5126,Drama
31582,Drama
8944,Drama
41488,Drama
37028,Drama
169917,Drama
9454,Drama
1551,Drama
5902,Drama
1901,Drama
11509,Drama
7445,Drama
2057,Drama
31640,Drama
1985,Drama
615,Drama
788,Drama
380,Drama
13223,Drama
10523,Drama
239571,Drama
619,Drama
424,Drama
50014,Drama
162903,Drama
254024,Drama
117,Drama
6977,Drama
634,Drama
392,Drama
11969,Drama
77877,Drama
1265,Drama
866,Drama
175555,Drama
75174,Drama
769,Drama
111,Drama
746,Drama
77866,Drama
7345,Drama
9779,Drama
198185,Drama
227156,Drama
10030,Drama
10623,Drama
590,Drama
9655,Drama
190955,Drama
5123,Drama
4518,Drama
11165,Drama
6116,Drama
278,Drama
284536,Drama
152737,Drama
13374,Drama
319888,Drama
9469,Drama
1909,Drama
22971,Drama
8051,Drama
17170,Drama
15487,Drama
11152,Drama
43931,Drama
12770,Drama
10397,Drama
200505,Drama
60309,Drama
9787,Drama
293646,Drama
59440,Drama
1770,Drama
10655,Drama
8988,Drama
15992,Drama
17707,Drama
40001,Drama
64639,Drama
9903,Drama
20766,Drama
9912,Drama
8338,Drama
72113,Drama
9729,Drama
22256,Drama
12404,Drama
152742,Drama
11699,Drama
48034,Drama
39845,Drama
109091,Drama
33157,Drama
859,Drama
83770,Drama
1246,Drama
174751,Drama
1788,Drama
177,Drama
2621,Drama
18828,Drama
3558,Drama
20697,Drama
20761,Drama
6478,Drama
45881,Drama
41283,Drama
10316,Drama
152601,Drama
10866,Drama
21349,Drama
9819,Drama
13579,Drama
20024,Drama
6973,Drama
11156,Drama
354110,Drama
22215,Drama
11632,Drama
30596,Drama
256917,Drama
251,Drama
11395,Drama
14635,Drama
688,Drama
783,Drama
228194,Drama
1642,Drama
10950,Drama
235260,Drama
8999,Drama
11323,Drama
10445,Drama
10279,Drama
2176,Drama
270487,Drama
42586,Drama
7548,Drama
9075,Drama
11661,Drama
44113,Drama
21494,Drama
164457,Drama
4566,Drama
17795,Drama
1073,Drama
2196,Drama
82693,Drama
1646,Drama
44944,Drama
8456,Drama
19255,Drama
10187,Drama
31005,Drama
49517,Drama
44857,Drama
50780,Drama
840,Drama
274,Drama
65057,Drama
8326,Drama
35690,Drama
76203,Drama
13497,Drama
162,Drama
296096,Drama
103370,Drama
273895,Drama
8968,Drama
9963,Drama
272878,Drama
314365,Drama
13279,Drama
33644,Drama
9895,Drama
27579,Drama
16052,Drama
1164,Drama
239678,Drama
14359,Drama
1710,Drama
20391,Drama
10139,Drama
617,Drama
48289,Drama
243,Drama
17182,Drama
8848,Drama
38,Drama
1266,Drama
9588,Drama
10115,Drama
577,Drama
12690,Drama
9945,Drama
539,Drama
226857,Drama
13159,Drama
526,Drama
22796,Drama
2355,Drama
5915,Drama
9842,Drama
9089,Drama
7979,Drama
470,Drama
15644,Drama
10642,Drama
2428,Drama
290751,Drama
4597,Drama
15005,Drama
8198,Drama
6963,Drama
15070,Drama
17134,Drama
41402,Drama
4953,Drama
10773,Drama
2639,Drama
295964,Drama
5971,Drama
11835,Drama
26171,Drama
42618,Drama
171274,Drama
109417,Drama
46435,Drama
256962,Drama
48231,Drama
82684,Drama
23367,Drama
10740,Drama
241239,Drama
14582,Drama
14914,Drama
3902,Drama
21755,Drama
4960,Drama
14652,Drama
16608,Drama
334531,Drama
13405,Drama
19457,Drama
314385,Drama
29078,Drama
46503,Drama
13688,Drama
11458,Drama
44638,Drama
14538,Drama
13250,Drama
280871,Drama
184341,Drama
14202,Drama
6968,Drama
581,Drama
12150,Drama
26367,Drama
385383,Drama
41210,Drama
62630,Drama
16110,Drama
2669,Drama
203833,Drama
17277,Drama
50725,Drama
82631,Drama
22479,Drama
340611,Drama
10065,Drama
2757,Drama
1878,Drama
2280,Drama
8643,Drama
9043,Drama
21301,Drama
10147,Drama
279,Drama
10934,Drama
5279,Drama
10013,Drama
194662,Drama
160588,Drama
9829,Drama
43959,Drama
10364,Drama
16991,Drama
1578,Drama
25643,Drama
11904,Drama
28665,Drama
44115,Drama
10560,Drama
11457,Drama
321697,Drama
22327,Drama
2575,Drama
11644,Drama
68924,Drama
253235,Drama
18701,Drama
10068,Drama
36811,Drama
522,Drama
130150,Drama
10549,Drama
33870,Drama
245703,Drama
127560,Drama
37903,Drama
11468,Drama
17436,Drama
43434,Drama
31166,Drama
69848,Drama
332411,Drama
15670,Drama
8328,Drama
205,Drama
1620,Drama
175541,Drama
1933,Drama
11113,Drama
9675,Drama
38117,Drama
228203,Drama
13960,Drama
26602,Drama
10223,Drama
26390,Drama
27759,Drama
9310,Drama
16988,Drama
7304,Drama
24747,Drama
1491,Drama
10629,Drama
4723,Drama
4032,Drama
18615,Drama
10673,Drama
4584,Drama
2977,Drama
11093,Drama
207,Drama
639,Drama
24226,Drama
14709,Drama
74643,Drama
83666,Drama
318850,Drama
1417,Drama
16161,Drama
49950,Drama
10956,Drama
9594,Drama
13972,Drama
5038,Drama
13491,Drama
10571,Drama
10994,Drama
30890,Drama
23169,Drama
17403,Drama
9800,Drama
18475,Drama
18074,Drama
9689,Drama
3877,Drama
152599,Drama
18840,Drama
68727,Drama
12410,Drama
34647,Drama
28178,Drama
185567,Drama
264656,Drama
35696,Drama
16351,Drama
38717,Drama
18777,Drama
2110,Drama
12154,Drama
146,Drama
14,Drama
45269,Drama
22556,Drama
873,Drama
33196,Drama
205596,Drama
16769,Drama
1165,Drama
17202,Drama
9587,Drama
65086,Drama
11778,Drama
586,Drama
134411,Drama
15765,Drama
2142,Drama
77016,Drama
11478,Drama
266856,Drama
10564,Drama
947,Drama
228970,Drama
18405,Drama
14047,Drama
64690,Drama
17127,Drama
232679,Drama
17880,Drama
14736,Drama
9100,Drama
116,Drama
1245,Drama
4995,Drama
10413,Drama
14012,Drama
13768,Drama
8975,Drama
45272,Drama
97367,Drama
18681,Drama
12162,Drama
11495,Drama
13816,Drama
51828,Drama
22798,Drama
15237,Drama
9686,Drama
12257,Drama
14024,Drama
7874,Drama
4911,Drama
1988,Drama
16222,Drama
9026,Drama
57943,Drama
18276,Drama
8321,Drama
133694,Drama
8053,Drama
2290,Drama
1018,Drama
10075,Drama
38031,Drama
42188,Drama
112430,Drama
13853,Drama
31306,Drama
331592,Drama
47692,Drama
19,Drama
400,Drama
253450,Drama
9104,Drama
11190,Drama
23759,Drama
24206,Drama
10185,Drama
75033,Drama
74536,Drama
31668,Drama
13501,Drama
15208,Drama
20083,Drama
40880,Drama
137,Drama
264999,Drama
454,Drama
53457,Drama
288980,Drama
1951,Drama
12405,Drama
10998,Drama
319910,Drama
2604,Drama
1931,Drama
62008,Drama
12227,Drama
71688,Drama
8291,Drama
10368,Drama
12637,Drama
34152,Drama
10741,Drama
2013,Drama
1440,Drama
18041,Drama
28029,Drama
1123,Drama
87729,Drama
41317,Drama
245700,Drama
37842,Drama
9045,Drama
16005,Drama
44754,Drama
43949,Drama
142,Drama
9603,Drama
10712,Drama
10876,Drama
25208,Drama
613,Drama
1913,Drama
97370,Drama
801,Drama
44214,Drama
240,Drama
9816,Drama
339984,Drama
11967,Drama
4951,Drama
332567,Drama
15250,Drama
38223,Drama
11186,Drama
264660,Drama
492,Drama
10691,Drama
1251,Drama
5172,Drama
264644,Drama
19052,Drama
3682,Drama
9683,Drama
2266,Drama
13074,Drama
144340,Drama
48217,Drama
28211,Drama
47502,Drama
9950,Drama
84892,Drama
9672,Drama
44853,Drama
79777,Drama
407887,Drama
8952,Drama
62204,Drama
13435,Drama
17187,Drama
9504,Drama
37414,Drama
6217,Drama
43867,Drama
6615,Drama
14574,Drama
16,Drama
39780,Drama
21612,Drama
36691,Drama
45324,Drama
11658,Drama
56601,Drama
9552,Drama
126319,Drama
10611,Drama
9281,Drama
9762,Drama
76726,Drama
10269,Drama
17130,Drama
11202,Drama
9030,Drama
10437,Drama
1360,Drama
222935,Drama
10220,Drama
284296,Drama
205220,Drama
11354,Drama
16241,Drama
286565,Drama
129670,Drama
57157,Drama
46889,Drama
38093,Drama
14976,Drama
11027,Drama
3635,Drama
387,Drama
122906,Drama
9550,Drama
60599,Drama
14299,Drama
14799,Drama
9466,Drama
7510,Drama
10362,Drama
14778,Drama
1255,Drama
8669,Drama
179144,Drama
16857,Drama
86825,Drama
844,Drama
8060,Drama
15907,Drama
38448,Drama
327,Drama
61337,Drama
13079,Drama
89325,Drama
4170,Drama
41508,Drama
44555,Drama
21345,Drama
50601,Drama
345003,Drama
236751,Drama
357837,Drama
8913,Drama
13889,Drama
18530,Drama
358451,Drama
907,Drama
206563,Drama
11887,Drama
45317,Drama
10377,Drama
249164,Drama
1817,Drama
10229,Drama
687,Drama
796,Drama
13937,Drama
28932,Drama
167073,Drama
3175,Drama
121826,Drama
12149,Drama
304357,Drama
11184,Drama
1587,Drama
30973,Drama
11109,Drama
63020,Drama
86829,Drama
11065,Drama
13888,Drama
42345,Drama
1590,Drama
62728,Drama
45138,Drama
80271,Drama
4657,Drama
14395,Drama
24137,Drama
13067,Drama
25379,Drama
88641,Drama
58051,Drama
14877,Drama
96399,Drama
304410,Drama
489,Drama
373314,Drama
11804,Drama
16781,Drama
11873,Drama
9289,Drama
17917,Drama
74534,Drama
280092,Drama
9034,Drama
15301,Drama
20616,Drama
15037,Drama
227,Drama
88036,Drama
9526,Drama
39349,Drama
14544,Drama
11545,Drama
268238,Drama
8359,Drama
15648,Drama
41823,Drama
103731,Drama
75900,Drama
9515,Drama
27322,Drama
14120,Drama
87093,Drama
3472,Drama
88005,Drama
73,Drama
24034,Drama
14283,Drama
404,Drama
13201,Drama
253331,Drama
9952,Drama
256924,Drama
82532,Drama
41110,Drama
134371,Drama
2088,Drama
10388,Drama
1640,Drama
25520,Drama
13689,Drama
24664,Drama
252512,Drama
55720,Drama
9613,Drama
29339,Drama
68812,Drama
73567,Drama
41479,Drama
15394,Drama
1989,Drama
91076,Drama
12703,Drama
222649,Drama
115872,Drama
101173,Drama
25350,Drama
18191,Drama
31007,Drama
41894,Drama
184374,Drama
24663,Drama
22805,Drama
39055,Drama
245846,Drama
49787,Drama
16358,Drama
7006,Drama
66767,Drama
18516,Drama
217708,Drama
14608,Drama
43090,Drama
9700,Drama
208869,Drama
86837,Drama
219,Drama
31174,Drama
37737,Drama
62215,Drama
66125,Drama
132316,Drama
27586,Drama
14811,Drama
40794,Drama
9400,Drama
16162,Drama
10472,Drama
6521,Drama
14181,Drama
10705,Drama
8272,Drama
1619,Drama
9685,Drama
14624,Drama
15568,Drama
14057,Drama
1808,Drama
27329,Drama
12454,Drama
39806,Drama
15699,Drama
8883,Drama
291081,Drama
41248,Drama
25968,Drama
43418,Drama
71157,Drama
327833,Drama
25196,Drama
16323,Drama
16727,Drama
10696,Drama
150202,Drama
19644,Drama
29963,Drama
26022,Drama
152747,Drama
62676,Drama
20360,Drama
1116,Drama
11620,Drama
11818,Drama
242582,Drama
15121,Drama
773,Drama
235,Drama
14114,Drama
10734,Drama
40807,Drama
11971,Drama
14429,Drama
13751,Drama
1359,Drama
9962,Drama
42819,Drama
209263,Drama
59930,Drama
10873,Drama
14629,Drama
8293,Drama
291270,Drama
44009,Drama
26618,Drama
43923,Drama
46138,Drama
45791,Drama
26306,Drama
110683,Drama
198277,Drama
7870,Drama
13072,Drama
153397,Drama
17044,Drama
10288,Drama
12183,Drama
36597,Drama
13197,Drama
10913,Drama
251321,Drama
10425,Drama
49081,Drama
256687,Drama
1544,Drama
374461,Drama
182873,Drama
403,Drama
29461,Drama
283708,Drama
9388,Drama
24684,Drama
2610,Drama
11308,Drama
11022,Drama
36046,Drama
24356,Drama
55903,Drama
2577,Drama
73873,Drama
312113,Drama
2011,Drama
7735,Drama
25941,Drama
7326,Drama
238,Drama
535,Drama
19913,Drama
713,Drama
77930,Drama
17908,Drama
3291,Drama
398,Drama
10117,Drama
1696,Drama
308639,Drama
22314,Drama
12573,Drama
44718,Drama
241771,Drama
34653,Drama
11051,Drama
14578,Drama
57825,Drama
9555,Drama
16651,Drama
4251,Drama
12400,Drama
39053,Drama
104896,Drama
14112,Drama
12271,Drama
71859,Drama
226354,Drama
48620,Drama
37080,Drama
25388,Drama
39210,Drama
30128,Drama
44835,Drama
192134,Drama
1956,Drama
24985,Drama
306745,Drama
110402,Drama
15013,Drama
9571,Drama
13649,Drama
325373,Drama
334527,Drama
2211,Drama
13919,Drama
46738,Drama
38970,Drama
41009,Drama
7347,Drama
38415,Drama
650,Drama
16620,Drama
25113,Drama
34723,Drama
8998,Drama
1591,Drama
76025,Drama
4836,Drama
14631,Drama
87499,Drama
18923,Drama
26665,Drama
28089,Drama
62255,Drama
5708,Drama
338,Drama
21641,Drama
792,Drama
642,Drama
16619,Drama
1725,Drama
20322,Drama
16158,Drama
629,Drama
12163,Drama
36739,Drama
11191,Drama
10215,Drama
1523,Drama
92591,Drama
12509,Drama
15256,Drama
83686,Drama
28053,Drama
1443,Drama
8545,Drama
231576,Drama
347764,Drama
13537,Drama
31064,Drama
13990,Drama
11583,Drama
18602,Drama
59728,Drama
10930,Drama
32395,Drama
58882,Drama
7547,Drama
42222,Drama
9282,Drama
97614,Drama
37206,Drama
183894,Drama
1555,Drama
244783,Drama
16564,Drama
3482,Drama
135595,Drama
8982,Drama
455,Drama
57022,Drama
14351,Drama
9277,Drama
9443,Drama
16186,Drama
7863,Drama
138697,Drama
1548,Drama
11889,Drama
5528,Drama
4997,Drama
925,Drama
27451,Drama
73532,Drama
979,Drama
193722,Drama
7913,Drama
253253,Drama
51995,Drama
22908,Drama
25248,Drama
230266,Drama
16633,Drama
63006,Drama
333371,Drama
211954,Drama
29912,Drama
504,Drama
173,Drama
1955,Drama
152532,Drama
71,Drama
147773,Drama
24266,Drama
2895,Drama
15660,Drama
59968,Drama
323677,Drama
19848,Drama
235271,Drama
45153,Drama
284293,Drama
24973,Drama
8346,Drama
122081,Drama
1391,Drama
14745,Drama
26748,Drama
13776,Drama
14854,Drama
13090,Drama
29996,Drama
14834,Drama
22649,Drama
13193,Drama
11042,Drama
10786,Drama
14662,Drama
17431,Drama
10217,Drama
46332,Drama
13996,Drama
1024,Drama
343795,Drama
45658,Drama
4553,Drama
36351,Drama
245916,Drama
27585,Drama
1415,Drama
14474,Drama
199933,Drama
13685,Drama
8744,Drama
38428,Drama
39269,Drama
51384,Drama
56930,Drama
41730,Drama
11600,Drama
14849,Drama
19615,Drama
244403,Drama
78814,Drama
297596,Drama
11935,Drama
113406,Drama
12555,Drama
31175,Drama
12498,Drama
8435,Drama
64720,Drama
11404,Drama
77987,Drama
40185,Drama
8981,Drama
10914,Drama
50848,Drama
166624,Drama
10822,Drama
10844,Drama
5689,Drama
712,Drama
10339,Drama
1429,Drama
9303,Drama
641,Drama
65749,Drama
6106,Drama
141,Drama
17139,Drama
12079,Drama
39800,Drama
4550,Drama
62116,Drama
9991,Drama
12093,Drama
36419,Drama
281730,Drama
510,Drama
375290,Drama
17663,Drama
116613,Drama
11826,Drama
29920,Drama
1088,Drama
26379,Drama
10947,Drama
47452,Drama
11386,Drama
153,Drama
703,Drama
27191,Drama
1365,Drama
451,Drama
987,Drama
40494,Drama
39781,Drama
5925,Drama
85350,Drama
10744,Drama
11536,Drama
9782,Drama
6537,Drama
1809,Drama
2370,Drama
11013,Drama
10132,Drama
1546,Drama
89708,Drama
64678,Drama
309503,Drama
14293,Drama
15059,Drama
103328,Drama
157847,Drama
48309,Drama
242575,Drama
44945,Drama
111190,Drama
133575,Drama
54580,Drama
52015,Drama
34941,Drama
227975,Drama
60422,Drama
225235,Drama
14902,Drama
22301,Drama
20065,Drama
251979,Drama
874,Drama
10774,Drama
770,Drama
266102,Drama
37495,Drama
29262,Drama
34769,Drama
5178,Drama
8618,Drama
3116,Drama
9516,Drama
18900,Drama
27029,Drama
26268,Drama
573,Drama
3033,Drama
25376,Drama
89540,Drama
14256,Drama
20055,Drama
395766,Drama
252360,Drama
256740,Drama
299145,Drama
50839,Drama
86549,Drama
13973,Drama
244786,Drama
598,Drama
11129,Drama
75861,Drama
13551,Drama
103663,Drama
12586,Drama
11564,Drama
108346,Drama
8841,Drama
805,Drama
22051,Drama
436,Drama
55347,Drama
1585,Drama
627,Drama
259943,Drama
11257,Drama
261,Drama
20737,Drama
826,Drama
284,Drama
29463,Drama
22013,Drama
821,Drama
132344,Drama
44634,Drama
30309,Drama
7509,Drama
28005,Drama
40247,Drama
16642,Drama
17734,Drama
549,Drama
121986,Drama
868,Drama
10683,Drama
670,Drama
35691,Drama
11229,Drama
22488,Drama
24469,Drama
34099,Drama
342,Drama
281230,Drama
100975,Drama
39563,Drama
71866,Drama
192210,Drama
70006,Drama
26039,Drama
79587,Drama
44594,Drama
666,Drama
248,Drama
55831,Drama
351043,Drama
66942,Drama
10476,Drama
21461,Drama
55306,Drama
5900,Drama
43306,Drama
209274,Drama
26371,Drama
33106,Drama
9591,Drama
24748,Drama
468,Drama
401,Drama
76,Drama
25636,Drama
21074,Drama
84329,Drama
20,Drama
157386,Drama
13518,Drama
116584,Drama
46849,Drama
20764,Drama
45132,Drama
49471,Drama
13569,Drama
11798,Drama
61038,Drama
78373,Drama
74457,Drama
433715,Drama
9916,Drama
309425,Drama
43610,Drama
360339,Drama
887,Drama
9517,Drama
6007,Drama
364083,Drama
69640,Drama
322443,Drama
595,Drama
226,Drama
582,Drama
72213,Drama
990,Drama
55604,Drama
9662,Drama
20862,Drama
2771,Drama
80,Drama
55,Drama
11023,Drama
33667,Drama
39013,Drama
43839,Drama
1382,Drama
301351,Drama
4816,Drama
7873,Drama
331190,Drama
15186,Drama
1378,Drama
8885,Drama
250124,Drama
57120,Drama
22617,Drama
55561,Drama
24363,Drama
12109,Drama
22913,Drama
273899,Drama
67373,Drama
206296,Drama
35219,Drama
7515,Drama
13075,Drama
22600,Drama
12612,Drama
34335,Drama
20406,Drama
3766,Drama
18808,Drama
174311,Drama
153795,Drama
309919,Drama
21309,Drama
32235,Drama
26388,Drama
49020,Drama
159037,Drama
12838,Drama
157293,Drama
356987,Drama
295886,Drama
38358,Drama
33511,Drama
702,Drama
935,Drama
542,Drama
84175,Drama
62677,Drama
50875,Drama
37232,Drama
36334,Drama
104,Drama
10894,Drama
32579,Drama
1999,Drama
9709,Drama
191714,Drama
25312,Drama
11426,Drama
206284,Drama
27455,Drama
66468,Drama
7973,Drama
15976,Drama
592,Drama
1651,Drama
25428,Drama
3083,Drama
9344,Drama
10707,Drama
308529,Drama
4174,Drama
20156,Drama
9464,Drama
18079,Drama
17113,Drama
507,Drama
4012,Drama
14054,Drama
66025,Drama
3082,Drama
39541,Drama
30082,Drama
72913,Drama
29406,Drama
361505,Drama
46729,Drama
294600,Drama
137347,Drama
426469,Drama
301325,Drama
44413,Drama
394047,Drama
266034,Drama
309,Drama
27845,Drama
25784,Drama
52790,Drama
295914,Drama
27588,Drama
223,Drama
28580,Drama
84197,Drama
19997,Drama
43266,Drama
1412,Drama
215924,Drama
480,Drama
14295,Drama
176124,Drama
60400,Drama
310569,Drama
98369,Drama
86331,Drama
355629,Drama
16433,Drama
43884,Drama
12877,Drama
29697,Drama
289,Drama
26815,Drama
811,Drama
1366,Drama
244776,Drama
103,Drama
11298,Drama
347126,Drama
46705,Drama
546,Drama
5722,Drama
39833,Drama
18712,Drama
361475,Drama
113947,Drama
83860,Drama
41469,Drama
244772,Drama
50837,Drama
10183,Drama
32456,Drama
49963,Drama
22597,Drama
37532,Drama
26791,Drama
56666,Drama
13132,Drama
46989,Drama
192132,Drama
24424,Drama
13198,Drama
244267,Drama
21413,Drama
62402,Drama
201132,Drama
112456,Drama
46727,Drama
55180,Drama
18206,Drama
320146,Drama
13856,Drama
56491,Drama
99826,Drama
186935,Drama
19344,Drama
242083,Drama
18869,Drama
41830,Drama
37694,Drama
63287,Drama
258755,Drama
96534,Drama
52462,Drama
269057,Drama
248402,Drama
29146,Drama
271185,Drama
654,Drama
2009,Drama
2652,Drama
9813,Drama
60421,Drama
157354,Drama
3170,Drama
15708,Drama
146882,Drama
215918,Drama
84184,Drama
45767,Drama
14823,Drama
60243,Drama
57294,Drama
11446,Drama
47889,Drama
25461,Drama
905,Drama
78705,Drama
25212,Drama
26899,Drama
146269,Drama
10105,Drama
838,Drama
84332,Drama
8416,Drama
36584,Drama
13429,Drama
18734,Drama
206197,Drama
26837,Drama
7859,Drama
302579,Drama
376004,Drama
138976,Drama
323967,Drama
26916,Drama
125263,Drama
263503,Drama
375950,Drama
75986,Drama
385636,Drama
14438,Drama
211086,Drama
83,Drama
2056,Drama
41144,Drama
16653,Drama
14757,Drama
23655,Drama
33430,Drama
12281,Drama
125052,Drama
30246,Drama
7301,Drama
172533,Drama
346,Drama
45649,Drama
19844,Drama
21801,Drama
43933,Drama
73511,Drama
81220,Drama
253626,Drama
90369,Drama
119657,Drama
94072,Drama
4107,Drama
15624,Drama
15389,Drama
464,Drama
308467,Drama
64499,Drama
1435,Drama
11240,Drama
43743,Drama
157909,Drama
10238,Drama
3059,Drama
65203,Drama
25678,Drama
389,Drama
52032,Drama
38810,Drama
55123,Drama
1550,Drama
26518,Drama
8942,Drama
68412,Drama
2786,Drama
91721,Drama
118452,Drama
47534,Drama
250184,Drama
324352,Drama
318040,Drama
84188,Drama
2255,Drama
50035,Drama
14290,Drama
29371,Drama
44490,Drama
32222,Drama
378237,Drama
51942,Drama
1424,Drama
60420,Drama
20520,Drama
109729,Drama
78307,Drama
12247,Drama
70687,Drama
46252,Drama
77934,Drama
34697,Drama
306667,Drama
3060,Drama
18533,Drama
77332,Drama
54897,Drama
83588,Drama
53256,Drama
40920,Drama
5759,Drama
48035,Drama
14758,Drama
13363,Drama
25786,Drama
36549,Drama
361398,Drama
289180,Drama
288927,Drama
21334,Drama
79120,Drama
344466,Drama
55420,Drama
5822,Drama
408429,Drama
39141,Drama
5723,Drama
28666,Drama
50497,Drama
354624,Drama
86812,Drama
84355,Drama
40652,Drama
339408,Drama
18925,Drama
985,Drama
9821,Drama
65448,Drama
175291,Drama
270554,Drama
473,Drama
9372,Drama
244534,Drama
294086,Drama
139998,Drama
16388,Drama
159770,Drama
42109,Drama
47607,Drama
84659,Drama
158895,Drama
18292,Drama
326576,Drama
44770,Drama
40769,Drama
42151,Drama
42497,Drama
33693,Drama
14585,Drama
185465,Drama
38780,Drama
366967,Drama
17345,Drama
24055,Drama
287625,Drama
39851,Drama
13898,Drama
182291,Drama
124606,Drama
14337,Drama
231617,Drama
49026,Thriller
10764,Thriller
597,Thriller
44833,Thriller
135397,Thriller
37724,Thriller
36668,Thriller
44912,Thriller
534,Thriller
72190,Thriller
5174,Thriller
155,Thriller
14869,Thriller
119450,Thriller
296,Thriller
27205,Thriller
9799,Thriller
4922,Thriller
503,Thriller
87101,Thriller
6479,Thriller
2080,Thriller
605,Thriller
604,Thriller
76341,Thriller
13448,Thriller
177677,Thriller
7978,Thriller
956,Thriller
117251,Thriller
36669,Thriller
95,Thriller
56292,Thriller
944,Thriller
72559,Thriller
2114,Thriller
36643,Thriller
281957,Thriller
2503,Thriller
74,Thriller
8961,Thriller
27576,Thriller
131631,Thriller
591,Thriller
36658,Thriller
51497,Thriller
49040,Thriller
435,Thriller
955,Thriller
1979,Thriller
1250,Thriller
324668,Thriller
68724,Thriller
49047,Thriller
9619,Thriller
254128,Thriller
714,Thriller
163,Thriller
787,Thriller
262500,Thriller
1639,Thriller
1571,Thriller
1635,Thriller
9679,Thriller
180,Thriller
36557,Thriller
869,Thriller
280,Thriller
36955,Thriller
18487,Thriller
9268,Thriller
76163,Thriller
2059,Thriller
37710,Thriller
1372,Thriller
563,Thriller
138103,Thriller
257088,Thriller
205775,Thriller
22972,Thriller
29193,Thriller
18,Thriller
1995,Thriller
157353,Thriller
331,Thriller
61791,Thriller
47964,Thriller
44048,Thriller
5175,Thriller
2655,Thriller
4327,Thriller
1422,Thriller
65754,Thriller
1572,Thriller
2253,Thriller
10756,Thriller
9383,Thriller
179,Thriller
1996,Thriller
291805,Thriller
10003,Thriller
1535,Thriller
10357,Thriller
4477,Thriller
8665,Thriller
2502,Thriller
9772,Thriller
161,Thriller
52451,Thriller
59961,Thriller
9798,Thriller
298,Thriller
10159,Thriller
9615,Thriller
9884,Thriller
9341,Thriller
1949,Thriller
27578,Thriller
954,Thriller
146216,Thriller
11665,Thriller
11324,Thriller
754,Thriller
4147,Thriller
1701,Thriller
13027,Thriller
20504,Thriller
11618,Thriller
10200,Thriller
8834,Thriller
14462,Thriller
9705,Thriller
4442,Thriller
19959,Thriller
11973,Thriller
11228,Thriller
8870,Thriller
10077,Thriller
9533,Thriller
584,Thriller
4858,Thriller
8698,Thriller
9693,Thriller
8909,Thriller
9802,Thriller
11026,Thriller
75656,Thriller
11678,Thriller
612,Thriller
37821,Thriller
2026,Thriller
11375,Thriller
25769,Thriller
11866,Thriller
9741,Thriller
23629,Thriller
4349,Thriller
6947,Thriller
2675,Thriller
7451,Thriller
3595,Thriller
16869,Thriller
1573,Thriller
9257,Thriller
1903,Thriller
9697,Thriller
117263,Thriller
200,Thriller
2756,Thriller
9882,Thriller
3132,Thriller
8427,Thriller
49021,Thriller
11535,Thriller
10550,Thriller
11258,Thriller
5137,Thriller
3093,Thriller
107846,Thriller
4614,Thriller
11371,Thriller
9008,Thriller
300673,Thriller
12113,Thriller
846,Thriller
136797,Thriller
6171,Thriller
5551,Thriller
9350,Thriller
9208,Thriller
1852,Thriller
36648,Thriller
1880,Thriller
10483,Thriller
11412,Thriller
11983,Thriller
10783,Thriller
100241,Thriller
189,Thriller
9331,Thriller
3536,Thriller
12138,Thriller
210577,Thriller
2501,Thriller
710,Thriller
2275,Thriller
39514,Thriller
1538,Thriller
11128,Thriller
75780,Thriller
8914,Thriller
39538,Thriller
8645,Thriller
9509,Thriller
4824,Thriller
9620,Thriller
10771,Thriller
3512,Thriller
137094,Thriller
267860,Thriller
7485,Thriller
82682,Thriller
5820,Thriller
201,Thriller
12201,Thriller
11015,Thriller
13389,Thriller
8838,Thriller
11679,Thriller
38321,Thriller
2100,Thriller
10384,Thriller
9009,Thriller
8285,Thriller
1370,Thriller
1813,Thriller
71676,Thriller
10022,Thriller
11358,Thriller
109424,Thriller
156022,Thriller
8963,Thriller
9315,Thriller
8984,Thriller
393,Thriller
2320,Thriller
8195,Thriller
10632,Thriller
12117,Thriller
12123,Thriller
9566,Thriller
9833,Thriller
34314,Thriller
10375,Thriller
36586,Thriller
70074,Thriller
242,Thriller
1717,Thriller
479,Thriller
11456,Thriller
22803,Thriller
285923,Thriller
39437,Thriller
97630,Thriller
26389,Thriller
38050,Thriller
37686,Thriller
388,Thriller
2112,Thriller
10329,Thriller
13811,Thriller
10320,Thriller
6950,Thriller
225574,Thriller
13836,Thriller
752,Thriller
12103,Thriller
2251,Thriller
46529,Thriller
231,Thriller
300671,Thriller
9754,Thriller
66,Thriller
2649,Thriller
9631,Thriller
216282,Thriller
6623,Thriller
2116,Thriller
9624,Thriller
1907,Thriller
22832,Thriller
9879,Thriller
11892,Thriller
9691,Thriller
1248,Thriller
72710,Thriller
10782,Thriller
9573,Thriller
4959,Thriller
10061,Thriller
316152,Thriller
11615,Thriller
241554,Thriller
2252,Thriller
11968,Thriller
69668,Thriller
9770,Thriller
38363,Thriller
11863,Thriller
18501,Thriller
9275,Thriller
47327,Thriller
15268,Thriller
10796,Thriller
9548,Thriller
1900,Thriller
9481,Thriller
4547,Thriller
181283,Thriller
260346,Thriller
9894,Thriller
8592,Thriller
1368,Thriller
9095,Thriller
320,Thriller
199,Thriller
20533,Thriller
10684,Thriller
325789,Thriller
82675,Thriller
9944,Thriller
10731,Thriller
9869,Thriller
146233,Thriller
2034,Thriller
1537,Thriller
9360,Thriller
768,Thriller
2636,Thriller
8987,Thriller
82525,Thriller
9759,Thriller
2207,Thriller
9381,Thriller
9625,Thriller
5955,Thriller
11439,Thriller
13184,Thriller
2185,Thriller
38153,Thriller
58233,Thriller
68734,Thriller
5503,Thriller
819,Thriller
1369,Thriller
9623,Thriller
834,Thriller
228066,Thriller
37233,Thriller
27582,Thriller
11560,Thriller
709,Thriller
49730,Thriller
2749,Thriller
1830,Thriller
46528,Thriller
10610,Thriller
745,Thriller
49527,Thriller
10398,Thriller
216015,Thriller
1645,Thriller
193756,Thriller
1213,Thriller
187,Thriller
7461,Thriller
820,Thriller
296098,Thriller
8007,Thriller
10336,Thriller
11362,Thriller
50348,Thriller
48138,Thriller
1124,Thriller
1579,Thriller
708,Thriller
34851,Thriller
9930,Thriller
1586,Thriller
9913,Thriller
11975,Thriller
4970,Thriller
440,Thriller
8224,Thriller
8850,Thriller
10391,Thriller
62835,Thriller
11062,Thriller
6071,Thriller
10461,Thriller
80278,Thriller
9544,Thriller
24418,Thriller
7288,Thriller
24575,Thriller
19898,Thriller
4965,Thriller
15074,Thriller
1272,Thriller
8271,Thriller
10428,Thriller
5353,Thriller
9495,Thriller
16320,Thriller
193,Thriller
1957,Thriller
5852,Thriller
622,Thriller
11306,Thriller
87421,Thriller
10871,Thriller
23168,Thriller
8470,Thriller
16911,Thriller
2163,Thriller
36670,Thriller
2155,Thriller
48171,Thriller
782,Thriller
943,Thriller
1598,Thriller
2118,Thriller
8843,Thriller
12437,Thriller
9366,Thriller
5516,Thriller
49530,Thriller
11667,Thriller
13515,Thriller
169,Thriller
94348,Thriller
8197,Thriller
336004,Thriller
8836,Thriller
59965,Thriller
98357,Thriller
49526,Thriller
118957,Thriller
18886,Thriller
22787,Thriller
37498,Thriller
144336,Thriller
9616,Thriller
285783,Thriller
9702,Thriller
9311,Thriller
9280,Thriller
198663,Thriller
2162,Thriller
127493,Thriller
2900,Thriller
10877,Thriller
71469,Thriller
326,Thriller
10685,Thriller
72387,Thriller
13460,Thriller
22907,Thriller
45612,Thriller
7305,Thriller
3594,Thriller
59,Thriller
9335,Thriller
11141,Thriller
31867,Thriller
10253,Thriller
182,Thriller
698,Thriller
10559,Thriller
8012,Thriller
1669,Thriller
807,Thriller
322,Thriller
59967,Thriller
10762,Thriller
172,Thriller
707,Thriller
4105,Thriller
273481,Thriller
16871,Thriller
4513,Thriller
22970,Thriller
50456,Thriller
12244,Thriller
109421,Thriller
9271,Thriller
184346,Thriller
48340,Thriller
43539,Thriller
9920,Thriller
8978,Thriller
11702,Thriller
18550,Thriller
8869,Thriller
3489,Thriller
2122,Thriller
37707,Thriller
13150,Thriller
9042,Thriller
11208,Thriller
28902,Thriller
14164,Thriller
76640,Thriller
11058,Thriller
146238,Thriller
102362,Thriller
6016,Thriller
2008,Thriller
9053,Thriller
265208,Thriller
45610,Thriller
10955,Thriller
4912,Thriller
9667,Thriller
2043,Thriller
562,Thriller
2832,Thriller
699,Thriller
8831,Thriller
10577,Thriller
78,Thriller
192102,Thriller
2001,Thriller
10383,Thriller
58431,Thriller
700,Thriller
5125,Thriller
174,Thriller
9437,Thriller
9825,Thriller
186,Thriller
61891,Thriller
28355,Thriller
8080,Thriller
303858,Thriller
1613,Thriller
16617,Thriller
41488,Thriller
169917,Thriller
1551,Thriller
11460,Thriller
134374,Thriller
15028,Thriller
7445,Thriller
2057,Thriller
70436,Thriller
31640,Thriller
2779,Thriller
238615,Thriller
1985,Thriller
8681,Thriller
619,Thriller
162903,Thriller
208763,Thriller
254024,Thriller
7191,Thriller
117,Thriller
6977,Thriller
2085,Thriller
794,Thriller
75174,Thriller
11096,Thriller
111,Thriller
77866,Thriller
2140,Thriller
11351,Thriller
11237,Thriller
190955,Thriller
284536,Thriller
34813,Thriller
46261,Thriller
10431,Thriller
10167,Thriller
22825,Thriller
43931,Thriller
10861,Thriller
276907,Thriller
65055,Thriller
11954,Thriller
1770,Thriller
15992,Thriller
17707,Thriller
77883,Thriller
64639,Thriller
21338,Thriller
8338,Thriller
9729,Thriller
109091,Thriller
290864,Thriller
242166,Thriller
3600,Thriller
10480,Thriller
41283,Thriller
9737,Thriller
2787,Thriller
10866,Thriller
70435,Thriller
580,Thriller
2453,Thriller
6973,Thriller
3021,Thriller
251,Thriller
1642,Thriller
277,Thriller
8999,Thriller
205588,Thriller
10279,Thriller
2176,Thriller
204082,Thriller
5550,Thriller
30379,Thriller
42586,Thriller
287948,Thriller
9075,Thriller
204922,Thriller
38985,Thriller
164457,Thriller
1073,Thriller
10724,Thriller
4108,Thriller
7341,Thriller
49517,Thriller
1946,Thriller
9682,Thriller
274,Thriller
579,Thriller
138843,Thriller
1051,Thriller
8968,Thriller
9963,Thriller
21208,Thriller
314365,Thriller
13279,Thriller
1975,Thriller
9895,Thriller
27579,Thriller
76617,Thriller
1710,Thriller
9645,Thriller
19904,Thriller
48289,Thriller
6933,Thriller
17182,Thriller
8848,Thriller
1266,Thriller
14043,Thriller
19901,Thriller
10069,Thriller
9954,Thriller
577,Thriller
9945,Thriller
539,Thriller
61012,Thriller
755,Thriller
470,Thriller
15644,Thriller
4597,Thriller
9414,Thriller
81796,Thriller
15092,Thriller
11382,Thriller
8198,Thriller
15070,Thriller
17134,Thriller
146198,Thriller
11835,Thriller
106747,Thriller
48231,Thriller
3509,Thriller
12142,Thriller
10740,Thriller
241239,Thriller
77948,Thriller
16608,Thriller
7299,Thriller
19457,Thriller
46503,Thriller
43935,Thriller
11458,Thriller
241257,Thriller
13250,Thriller
334074,Thriller
199373,Thriller
6968,Thriller
9378,Thriller
694,Thriller
11377,Thriller
62630,Thriller
22479,Thriller
10065,Thriller
157,Thriller
8643,Thriller
218043,Thriller
106,Thriller
5279,Thriller
9829,Thriller
11904,Thriller
44115,Thriller
2575,Thriller
11644,Thriller
13809,Thriller
11468,Thriller
43434,Thriller
31166,Thriller
332411,Thriller
75638,Thriller
1620,Thriller
241254,Thriller
31932,Thriller
1933,Thriller
679,Thriller
3597,Thriller
948,Thriller
7516,Thriller
9792,Thriller
10223,Thriller
16028,Thriller
26390,Thriller
7304,Thriller
1491,Thriller
2989,Thriller
10629,Thriller
255343,Thriller
4723,Thriller
79694,Thriller
13788,Thriller
49950,Thriller
9594,Thriller
1090,Thriller
40160,Thriller
68727,Thriller
185567,Thriller
18777,Thriller
33196,Thriller
205596,Thriller
65086,Thriller
10053,Thriller
134411,Thriller
77016,Thriller
11478,Thriller
18405,Thriller
11442,Thriller
64690,Thriller
1562,Thriller
9434,Thriller
11531,Thriller
9100,Thriller
116,Thriller
10413,Thriller
9793,Thriller
8975,Thriller
254904,Thriller
18681,Thriller
12162,Thriller
11495,Thriller
64689,Thriller
157849,Thriller
7501,Thriller
10743,Thriller
4911,Thriller
1988,Thriller
36047,Thriller
6552,Thriller
1018,Thriller
6687,Thriller
8461,Thriller
331592,Thriller
10045,Thriller
9104,Thriller
11190,Thriller
16353,Thriller
24206,Thriller
10185,Thriller
74536,Thriller
262543,Thriller
20083,Thriller
10998,Thriller
319910,Thriller
691,Thriller
9877,Thriller
11586,Thriller
10008,Thriller
12403,Thriller
10280,Thriller
18041,Thriller
1123,Thriller
14033,Thriller
25208,Thriller
97370,Thriller
70829,Thriller
44214,Thriller
10131,Thriller
332567,Thriller
1954,Thriller
9448,Thriller
136835,Thriller
5876,Thriller
264644,Thriller
11592,Thriller
19052,Thriller
2084,Thriller
28211,Thriller
157544,Thriller
158011,Thriller
319,Thriller
37414,Thriller
6217,Thriller
26688,Thriller
23631,Thriller
9552,Thriller
578,Thriller
154,Thriller
860,Thriller
9281,Thriller
75674,Thriller
76726,Thriller
9357,Thriller
13812,Thriller
9030,Thriller
11601,Thriller
16241,Thriller
9059,Thriller
1948,Thriller
60599,Thriller
227719,Thriller
12088,Thriller
10944,Thriller
45226,Thriller
10212,Thriller
86825,Thriller
327,Thriller
13079,Thriller
4170,Thriller
44555,Thriller
10133,Thriller
107,Thriller
206563,Thriller
1817,Thriller
796,Thriller
13937,Thriller
12149,Thriller
11065,Thriller
62728,Thriller
11917,Thriller
45138,Thriller
4657,Thriller
190847,Thriller
373314,Thriller
214,Thriller
316727,Thriller
663,Thriller
11804,Thriller
1970,Thriller
8922,Thriller
10999,Thriller
321258,Thriller
44040,Thriller
280092,Thriller
10163,Thriller
15301,Thriller
10135,Thriller
20616,Thriller
11336,Thriller
10984,Thriller
22824,Thriller
39349,Thriller
15983,Thriller
9902,Thriller
9455,Thriller
9515,Thriller
328425,Thriller
10029,Thriller
11507,Thriller
3472,Thriller
134597,Thriller
14283,Thriller
2088,Thriller
10388,Thriller
27342,Thriller
329440,Thriller
47890,Thriller
9613,Thriller
29076,Thriller
68812,Thriller
14195,Thriller
73567,Thriller
15394,Thriller
13191,Thriller
64559,Thriller
101173,Thriller
5072,Thriller
18191,Thriller
245846,Thriller
12245,Thriller
49787,Thriller
7006,Thriller
17622,Thriller
17577,Thriller
78383,Thriller
667,Thriller
10306,Thriller
22820,Thriller
244316,Thriller
348,Thriller
660,Thriller
10585,Thriller
238636,Thriller
6521,Thriller
14181,Thriller
9656,Thriller
1619,Thriller
29514,Thriller
291081,Thriller
11588,Thriller
13483,Thriller
327833,Thriller
150202,Thriller
62676,Thriller
680,Thriller
242582,Thriller
170,Thriller
28121,Thriller
10885,Thriller
668,Thriller
11596,Thriller
1359,Thriller
22821,Thriller
1958,Thriller
13154,Thriller
26618,Thriller
13072,Thriller
12192,Thriller
13197,Thriller
10425,Thriller
256687,Thriller
302,Thriller
389425,Thriller
33542,Thriller
11022,Thriller
55903,Thriller
2577,Thriller
45650,Thriller
7735,Thriller
301365,Thriller
25941,Thriller
29064,Thriller
681,Thriller
10727,Thriller
253,Thriller
8068,Thriller
682,Thriller
22314,Thriller
77156,Thriller
13006,Thriller
71859,Thriller
27004,Thriller
8374,Thriller
277519,Thriller
78381,Thriller
334527,Thriller
14576,Thriller
82505,Thriller
11033,Thriller
9430,Thriller
10514,Thriller
10496,Thriller
4836,Thriller
87499,Thriller
62255,Thriller
218,Thriller
629,Thriller
10160,Thriller
25066,Thriller
11361,Thriller
83686,Thriller
67913,Thriller
347764,Thriller
20794,Thriller
31064,Thriller
11583,Thriller
9282,Thriller
38940,Thriller
35689,Thriller
97614,Thriller
58626,Thriller
3482,Thriller
135595,Thriller
8982,Thriller
10664,Thriller
4997,Thriller
979,Thriller
51995,Thriller
70670,Thriller
84204,Thriller
91586,Thriller
333371,Thriller
345911,Thriller
10072,Thriller
11284,Thriller
227348,Thriller
243940,Thriller
77,Thriller
256274,Thriller
235271,Thriller
21610,Thriller
10283,Thriller
10987,Thriller
11357,Thriller
14854,Thriller
50357,Thriller
192141,Thriller
12484,Thriller
17339,Thriller
15745,Thriller
16148,Thriller
4553,Thriller
245916,Thriller
313922,Thriller
8744,Thriller
18442,Thriller
298312,Thriller
71547,Thriller
57876,Thriller
77495,Thriller
13849,Thriller
78814,Thriller
297596,Thriller
299552,Thriller
11935,Thriller
290825,Thriller
77949,Thriller
64720,Thriller
49365,Thriller
77987,Thriller
9303,Thriller
4550,Thriller
13807,Thriller
36419,Thriller
281730,Thriller
375290,Thriller
11826,Thriller
29920,Thriller
34069,Thriller
3040,Thriller
11386,Thriller
241251,Thriller
8337,Thriller
5925,Thriller
146203,Thriller
9782,Thriller
6537,Thriller
2370,Thriller
8141,Thriller
48572,Thriller
309503,Thriller
14293,Thriller
48309,Thriller
44945,Thriller
52015,Thriller
81390,Thriller
121676,Thriller
352978,Thriller
26268,Thriller
573,Thriller
22007,Thriller
20055,Thriller
224569,Thriller
39303,Thriller
256740,Thriller
241766,Thriller
50839,Thriller
13551,Thriller
11564,Thriller
436,Thriller
658,Thriller
41436,Thriller
158015,Thriller
82507,Thriller
10225,Thriller
5854,Thriller
10285,Thriller
5780,Thriller
223485,Thriller
15158,Thriller
670,Thriller
35691,Thriller
49010,Thriller
11229,Thriller
50942,Thriller
38033,Thriller
234212,Thriller
192210,Thriller
26039,Thriller
176077,Thriller
260947,Thriller
342502,Thriller
43213,Thriller
351043,Thriller
10226,Thriller
356483,Thriller
10281,Thriller
9730,Thriller
14139,Thriller
8875,Thriller
50538,Thriller
1698,Thriller
20764,Thriller
13569,Thriller
283384,Thriller
433715,Thriller
9728,Thriller
9731,Thriller
14156,Thriller
360339,Thriller
69640,Thriller
347548,Thriller
657,Thriller
270303,Thriller
8810,Thriller
582,Thriller
55,Thriller
7873,Thriller
331190,Thriller
22617,Thriller
10656,Thriller
67373,Thriller
35219,Thriller
13510,Thriller
215881,Thriller
12612,Thriller
50698,Thriller
34335,Thriller
119458,Thriller
18616,Thriller
309919,Thriller
299553,Thriller
329540,Thriller
26388,Thriller
14048,Thriller
356987,Thriller
38358,Thriller
50875,Thriller
9783,Thriller
386826,Thriller
104,Thriller
10894,Thriller
1999,Thriller
43947,Thriller
9709,Thriller
66468,Thriller
283686,Thriller
4174,Thriller
49018,Thriller
13820,Thriller
18079,Thriller
507,Thriller
323271,Thriller
104755,Thriller
253306,Thriller
356841,Thriller
301325,Thriller
347755,Thriller
312791,Thriller
266034,Thriller
280381,Thriller
9725,Thriller
19997,Thriller
278316,Thriller
11219,Thriller
500,Thriller
107315,Thriller
12877,Thriller
94329,Thriller
27374,Thriller
277685,Thriller
646,Thriller
93856,Thriller
10092,Thriller
76487,Thriller
5722,Thriller
171424,Thriller
50837,Thriller
9707,Thriller
26791,Thriller
20296,Thriller
66195,Thriller
18206,Thriller
56491,Thriller
18869,Thriller
92635,Thriller
84178,Thriller
101179,Thriller
52462,Thriller
206213,Thriller
207769,Thriller
271185,Thriller
2652,Thriller
9813,Thriller
127867,Thriller
14823,Thriller
343409,Thriller
57294,Thriller
905,Thriller
25212,Thriller
74725,Thriller
58428,Thriller
36584,Thriller
13429,Thriller
9022,Thriller
206197,Thriller
51955,Thriller
376004,Thriller
118612,Thriller
181940,Thriller
278348,Thriller
75986,Thriller
83,Thriller
30246,Thriller
43933,Thriller
253626,Thriller
322194,Thriller
98568,Thriller
362765,Thriller
188166,Thriller
18045,Thriller
43743,Thriller
157909,Thriller
11980,Thriller
2786,Thriller
40914,Thriller
250184,Thriller
80468,Thriller
84188,Thriller
431,Thriller
1424,Thriller
109729,Thriller
12247,Thriller
29917,Thriller
150211,Thriller
9659,Thriller
54702,Thriller
36549,Thriller
289180,Thriller
50497,Thriller
299245,Thriller
13538,Thriller
51130,Thriller
270554,Thriller
473,Thriller
74777,Thriller
193603,Thriller
20981,Thriller
242095,Thriller
326576,Thriller
290391,Thriller
38780,Thriller
366967,Thriller
226458,Thriller
86304,Thriller
36095,Thriller
286939,Thriller
14337,Thriller
67238,Thriller
9367,Thriller
38757,Animation
62211,Animation
49013,Animation
10193,Animation
105864,Animation
62177,Animation
10681,Animation
17979,Animation
14160,Animation
15512,Animation
150540,Animation
10192,Animation
177572,Animation
82690,Animation
5255,Animation
10191,Animation
810,Animation
2062,Animation
10527,Animation
109445,Animation
13053,Animation
5559,Animation
49444,Animation
50321,Animation
11619,Animation
82703,Animation
80321,Animation
2310,Animation
140300,Animation
81188,Animation
82702,Animation
2114,Animation
65759,Animation
77950,Animation
44896,Animation
270946,Animation
9502,Animation
228161,Animation
417859,Animation
17578,Animation
10567,Animation
38055,Animation
172385,Animation
10996,Animation
585,Animation
49519,Animation
41513,Animation
13700,Animation
77931,Animation
10137,Animation
10198,Animation
10545,Animation
11688,Animation
116711,Animation
41216,Animation
9016,Animation
227973,Animation
9408,Animation
10501,Animation
57800,Animation
12,Animation
9806,Animation
863,Animation
22794,Animation
8355,Animation
10674,Animation
10865,Animation
258509,Animation
46195,Animation
9836,Animation
76492,Animation
7484,Animation
51052,Animation
7518,Animation
11544,Animation
55301,Animation
9928,Animation
2300,Animation
41515,Animation
9023,Animation
159824,Animation
49948,Animation
77951,Animation
10715,Animation
9992,Animation
293644,Animation
8587,Animation
109451,Animation
309809,Animation
17711,Animation
328111,Animation
93456,Animation
953,Animation
950,Animation
10555,Animation
9297,Animation
7450,Animation
23685,Animation
211672,Animation
153518,Animation
35,Animation
809,Animation
920,Animation
228165,Animation
23398,Animation
12610,Animation
59981,Animation
20352,Animation
425,Animation
16577,Animation
50359,Animation
9982,Animation
9837,Animation
8916,Animation
14836,Animation
77174,Animation
10199,Animation
170687,Animation
137106,Animation
16866,Animation
9513,Animation
14411,Animation
6477,Animation
10530,Animation
175574,Animation
72197,Animation
9444,Animation
9907,Animation
808,Animation
8920,Animation
9975,Animation
228326,Animation
10386,Animation
5393,Animation
9487,Animation
9906,Animation
116977,Animation
10895,Animation
7443,Animation
280391,Animation
68179,Animation
18937,Animation
10315,Animation
20542,Animation
77459,Animation
62214,Animation
257932,Animation
11802,Animation
1273,Animation
14175,Animation
12429,Animation
202575,Animation
24662,Animation
862,Animation
11836,Animation
16340,Animation
227783,Animation
533,Animation
3933,Animation
12244,Animation
51162,Animation
57089,Animation
50135,Animation
367961,Animation
223702,Animation
812,Animation
14444,Animation
192577,Animation
12589,Animation
14317,Animation
20694,Animation
18975,Animation
49953,Animation
25353,Animation
36696,Animation
40688,Animation
26672,Animation
4935,Animation
153158,Animation
9473,Animation
16690,Animation
14873,Animation
15655,Animation
3989,Animation
12819,Animation
13682,Animation
3509,Animation
128,Animation
8953,Animation
133931,Animation
239897,Animation
16110,Animation
129,Animation
9389,Animation
10982,Animation
10800,Animation
15511,Animation
172391,Animation
15173,Animation
12144,Animation
126319,Animation
3179,Animation
173931,Animation
19405,Animation
17710,Animation
24034,Animation
283671,Animation
11827,Animation
52010,Animation
333355,Animation
291270,Animation
26963,Animation
149,Animation
2011,Animation
164372,Animation
294512,Animation
16508,Animation
20455,Animation
292481,Animation
142061,Animation
10991,Animation
16016,Animation
19933,Animation
756,Animation
9662,Animation
8885,Animation
20653,Animation
408,Animation
46256,Animation
3170,Animation
13158,Animation
52032,Animation
51942,Animation
13187,Animation
38757,Family
767,Family
2454,Family
12155,Family
62211,Family
68728,Family
49013,Family
10193,Family
81005,Family
105864,Family
62177,Family
10681,Family
411,Family
14160,Family
15512,Family
44826,Family
2698,Family
150540,Family
278927,Family
102651,Family
10192,Family
158852,Family
177572,Family
82690,Family
5255,Family
10191,Family
810,Family
10140,Family
675,Family
674,Family
118,Family
2062,Family
10527,Family
18360,Family
109445,Family
13053,Family
19585,Family
5559,Family
49444,Family
10196,Family
50321,Family
11619,Family
266647,Family
82703,Family
80321,Family
140300,Family
81188,Family
82702,Family
65759,Family
267935,Family
77950,Family
44896,Family
270946,Family
9502,Family
228161,Family
417859,Family
673,Family
10567,Family
181533,Family
38055,Family
671,Family
172385,Family
8871,Family
10996,Family
7459,Family
585,Family
49519,Family
2395,Family
1593,Family
41513,Family
13700,Family
77931,Family
10588,Family
10137,Family
10198,Family
672,Family
10545,Family
11688,Family
2486,Family
16523,Family
116711,Family
41216,Family
9016,Family
10214,Family
9408,Family
10501,Family
57800,Family
150689,Family
12,Family
8204,Family
9806,Family
32657,Family
863,Family
22794,Family
8355,Family
10674,Family
10865,Family
258509,Family
10756,Family
76285,Family
46195,Family
49852,Family
76492,Family
4523,Family
10481,Family
7484,Family
9593,Family
51052,Family
62764,Family
39691,Family
7518,Family
11544,Family
9986,Family
55301,Family
9928,Family
10202,Family
9574,Family
2300,Family
12096,Family
41515,Family
9023,Family
38317,Family
2157,Family
159824,Family
49948,Family
9822,Family
77951,Family
10715,Family
9447,Family
9992,Family
36970,Family
8587,Family
109451,Family
17711,Family
328111,Family
93456,Family
953,Family
950,Family
2976,Family
332,Family
15189,Family
10555,Family
9297,Family
7450,Family
211672,Family
153518,Family
10808,Family
35,Family
1997,Family
3050,Family
809,Family
920,Family
228165,Family
879,Family
23398,Family
2270,Family
12610,Family
59981,Family
20352,Family
425,Family
9021,Family
4244,Family
196867,Family
6795,Family
257,Family
16577,Family
50359,Family
14306,Family
9982,Family
9837,Family
10708,Family
10992,Family
8916,Family
14836,Family
10067,Family
9279,Family
77174,Family
10199,Family
170687,Family
137106,Family
9849,Family
16866,Family
9513,Family
14411,Family
11260,Family
2309,Family
889,Family
10022,Family
6477,Family
10530,Family
10603,Family
8839,Family
58224,Family
175574,Family
116149,Family
72197,Family
145220,Family
14623,Family
9444,Family
9907,Family
9969,Family
808,Family
74465,Family
8920,Family
13673,Family
13836,Family
9975,Family
11451,Family
228326,Family
14199,Family
38579,Family
10386,Family
11212,Family
5393,Family
888,Family
88751,Family
11130,Family
926,Family
64328,Family
9487,Family
27983,Family
9981,Family
7453,Family
15045,Family
11359,Family
9906,Family
20856,Family
116977,Family
10895,Family
7443,Family
9607,Family
165,Family
12279,Family
196,Family
9036,Family
68179,Family
71864,Family
11011,Family
18937,Family
10315,Family
20542,Family
9978,Family
77459,Family
62214,Family
9099,Family
9488,Family
257932,Family
256961,Family
13600,Family
10488,Family
62837,Family
227735,Family
11802,Family
10054,Family
11459,Family
1273,Family
22949,Family
23479,Family
14442,Family
14175,Family
14113,Family
49478,Family
12429,Family
202575,Family
10719,Family
11888,Family
9353,Family
157841,Family
12920,Family
3587,Family
24662,Family
2054,Family
862,Family
9880,Family
11836,Family
18126,Family
16340,Family
9598,Family
227783,Family
21972,Family
533,Family
13156,Family
51162,Family
57089,Family
13967,Family
50135,Family
9449,Family
812,Family
14444,Family
10439,Family
218778,Family
10025,Family
23172,Family
17834,Family
10188,Family
34584,Family
13155,Family
56288,Family
14560,Family
15028,Family
36355,Family
788,Family
12589,Family
1497,Family
1265,Family
11283,Family
14317,Family
20694,Family
9655,Family
1268,Family
13374,Family
18147,Family
18975,Family
15487,Family
94352,Family
49953,Family
25353,Family
36696,Family
1788,Family
10208,Family
24961,Family
40688,Family
26672,Family
227707,Family
13579,Family
11395,Family
14635,Family
13680,Family
82650,Family
24100,Family
17709,Family
1499,Family
772,Family
14405,Family
11637,Family
8326,Family
35690,Family
16690,Family
14873,Family
15655,Family
272878,Family
1649,Family
9570,Family
14043,Family
12819,Family
25132,Family
22796,Family
13682,Family
18357,Family
10642,Family
18885,Family
31117,Family
24432,Family
23367,Family
112937,Family
13688,Family
133931,Family
105,Family
16110,Family
129,Family
73191,Family
2280,Family
302688,Family
60307,Family
10028,Family
11904,Family
333348,Family
20483,Family
22102,Family
10982,Family
11113,Family
21765,Family
16112,Family
9310,Family
10800,Family
4032,Family
13908,Family
39180,Family
18840,Family
28178,Family
771,Family
12154,Family
33217,Family
11870,Family
18736,Family
2493,Family
17880,Family
38843,Family
13768,Family
15511,Family
17644,Family
18276,Family
172391,Family
12227,Family
13824,Family
15173,Family
54518,Family
9816,Family
10985,Family
15489,Family
22345,Family
38223,Family
238603,Family
17043,Family
12144,Family
56601,Family
126319,Family
36819,Family
17130,Family
19084,Family
10437,Family
14191,Family
34549,Family
15907,Family
173931,Family
11887,Family
10748,Family
601,Family
25379,Family
10414,Family
17917,Family
19405,Family
294272,Family
14544,Family
8359,Family
15648,Family
17710,Family
9893,Family
24034,Family
73247,Family
34043,Family
29339,Family
268171,Family
39055,Family
283671,Family
66125,Family
10472,Family
14624,Family
67675,Family
15699,Family
71805,Family
11176,Family
15121,Family
14429,Family
26963,Family
14165,Family
17908,Family
16651,Family
104896,Family
226354,Family
294512,Family
13649,Family
34723,Family
433,Family
14144,Family
37206,Family
55567,Family
24266,Family
16508,Family
20455,Family
292481,Family
447027,Family
8981,Family
17663,Family
1088,Family
26379,Family
10947,Family
1667,Family
850,Family
1585,Family
20737,Family
10991,Family
34086,Family
15582,Family
252,Family
35691,Family
22488,Family
34099,Family
170480,Family
630,Family
17264,Family
76706,Family
61038,Family
78373,Family
19933,Family
756,Family
20653,Family
171759,Family
246449,Family
39541,Family
426469,Family
408,Family
2661,Family
46256,Family
60400,Family
361475,Family
357441,Family
3170,Family
45767,Family
23069,Family
14358,Family
16653,Family
36825,Family
379532,Family
371690,Family
77934,Family
306667,Family
25786,Family
21334,Family
13187,Family
272726,Family
84659,Family
17345,Family
57201,Western
8487,Western
281957,Western
44896,Western
68718,Western
10733,Western
9023,Western
2023,Western
12160,Western
273248,Western
347969,Western
8584,Western
6038,Western
5176,Western
20533,Western
21355,Western
10935,Western
46528,Western
188161,Western
13503,Western
44264,Western
13496,Western
22267,Western
1969,Western
12106,Western
4512,Western
2055,Western
11509,Western
11969,Western
174751,Western
354110,Western
20391,Western
9588,Western
12690,Western
16608,Western
581,Western
38665,Western
69848,Western
264656,Western
8053,Western
33,Western
11967,Western
44853,Western
10212,Western
14877,Western
14729,Western
15067,Western
43090,Western
8879,Western
642,Western
32275,Western
80304,Western
576,Western
11901,Western
24266,Western
14854,Western
335,Western
11577,Western
10914,Western
68818,Western
29715,Western
25209,Western
23330,Western
11697,Western
223485,Western
3089,Western
11072,Western
24748,Western
322443,Western
57120,Western
98549,Western
4929,Western
13909,Western
39209,Western
218500,Western
429,Western
39833,Western
272724,Western
288,Western
376010,Western
391,Western
69382,Western
41154,Comedy
49013,Comedy
10193,Comedy
62177,Comedy
5174,Comedy
14160,Comedy
8487,Comedy
2698,Comedy
150540,Comedy
10192,Comedy
177572,Comedy
82690,Comedy
27022,Comedy
810,Comedy
118,Comedy
2062,Comedy
18360,Comedy
13053,Comedy
19585,Comedy
62213,Comedy
5559,Comedy
11619,Comedy
43074,Comedy
608,Comedy
140300,Comedy
7552,Comedy
82702,Comedy
944,Comedy
7364,Comedy
65759,Comedy
44896,Comedy
270946,Comedy
9502,Comedy
228161,Comedy
8961,Comedy
181533,Comedy
38055,Comedy
49524,Comedy
172385,Comedy
8871,Comedy
9471,Comedy
10996,Comedy
42888,Comedy
37834,Comedy
585,Comedy
49519,Comedy
2395,Comedy
98566,Comedy
308531,Comedy
1593,Comedy
787,Comedy
38745,Comedy
40805,Comedy
41513,Comedy
77931,Comedy
10204,Comedy
10588,Comedy
10137,Comedy
24113,Comedy
39451,Comedy
27581,Comedy
11688,Comedy
106646,Comedy
18162,Comedy
10214,Comedy
11692,Comedy
9408,Comedy
9890,Comedy
77953,Comedy
37786,Comedy
10501,Comedy
57800,Comedy
607,Comedy
863,Comedy
5175,Comedy
22794,Comedy
8355,Comedy
116745,Comedy
4327,Comedy
7446,Comedy
258509,Comedy
10661,Comedy
257344,Comedy
10756,Comedy
291805,Comedy
46195,Comedy
2277,Comedy
9836,Comedy
76492,Comedy
4523,Comedy
10481,Comedy
59108,Comedy
1581,Comedy
22897,Comedy
10159,Comedy
9593,Comedy
51052,Comedy
62764,Comedy
22538,Comedy
12107,Comedy
9637,Comedy
9339,Comedy
16281,Comedy
39691,Comedy
310,Comedy
45243,Comedy
7518,Comedy
9986,Comedy
146216,Comedy
9291,Comedy
55301,Comedy
109418,Comedy
11665,Comedy
6964,Comedy
12193,Comedy
9928,Comedy
10202,Comedy
50546,Comedy
9574,Comedy
2300,Comedy
12096,Comedy
6068,Comedy
41515,Comedy
9023,Comedy
38317,Comedy
159824,Comedy
9678,Comedy
4442,Comedy
75,Comedy
10715,Comedy
9447,Comedy
293644,Comedy
109451,Comedy
71880,Comedy
17711,Comedy
93456,Comedy
950,Comedy
1824,Comedy
2976,Comedy
332,Comedy
38365,Comedy
594,Comedy
15189,Comedy
6538,Comedy
10555,Comedy
4551,Comedy
37821,Comedy
203801,Comedy
2539,Comedy
9297,Comedy
3172,Comedy
11375,Comedy
23685,Comedy
211672,Comedy
8676,Comedy
20829,Comedy
9718,Comedy
10808,Comedy
35,Comedy
3050,Comedy
809,Comedy
920,Comedy
4806,Comedy
228165,Comedy
879,Comedy
23398,Comedy
44564,Comedy
3132,Comedy
8427,Comedy
80585,Comedy
12610,Comedy
11517,Comedy
214756,Comedy
9824,Comedy
48988,Comedy
38778,Comedy
3981,Comedy
425,Comedy
9021,Comedy
9489,Comedy
12133,Comedy
41733,Comedy
4244,Comedy
76493,Comedy
196867,Comedy
256591,Comedy
59962,Comedy
9440,Comedy
9292,Comedy
10783,Comedy
818,Comedy
9072,Comedy
9087,Comedy
12177,Comedy
12138,Comedy
9955,Comedy
50359,Comedy
693,Comedy
14306,Comedy
11199,Comedy
9982,Comedy
37165,Comedy
10708,Comedy
136400,Comedy
10992,Comedy
2642,Comedy
8916,Comedy
19899,Comedy
9641,Comedy
5994,Comedy
39514,Comedy
10628,Comedy
10067,Comedy
9384,Comedy
9279,Comedy
77174,Comedy
10771,Comedy
274479,Comedy
170687,Comedy
6435,Comedy
137106,Comedy
10040,Comedy
17610,Comedy
16558,Comedy
9849,Comedy
16866,Comedy
11775,Comedy
9932,Comedy
9513,Comedy
11260,Comedy
11374,Comedy
8285,Comedy
210860,Comedy
293660,Comedy
9713,Comedy
257445,Comedy
9007,Comedy
889,Comedy
4942,Comedy
347969,Comedy
24438,Comedy
116741,Comedy
87428,Comedy
10589,Comedy
10022,Comedy
13,Comedy
6477,Comedy
1597,Comedy
9327,Comedy
8488,Comedy
10603,Comedy
8273,Comedy
35056,Comedy
8839,Comedy
7303,Comedy
11353,Comedy
9618,Comedy
9374,Comedy
8584,Comedy
58224,Comedy
175574,Comedy
116149,Comedy
80035,Comedy
1792,Comedy
13260,Comedy
72197,Comedy
19724,Comedy
145220,Comedy
14623,Comedy
9621,Comedy
1819,Comedy
9767,Comedy
11631,Comedy
32856,Comedy
6519,Comedy
49520,Comedy
1850,Comedy
11817,Comedy
2123,Comedy
9907,Comedy
9969,Comedy
808,Comedy
9390,Comedy
72105,Comedy
2898,Comedy
10312,Comedy
109443,Comedy
2022,Comedy
9919,Comedy
187017,Comedy
10201,Comedy
302699,Comedy
274167,Comedy
224141,Comedy
74465,Comedy
6877,Comedy
50646,Comedy
8920,Comedy
13673,Comedy
6038,Comedy
9975,Comedy
11451,Comedy
228326,Comedy
10393,Comedy
71552,Comedy
306,Comedy
928,Comedy
9801,Comedy
4599,Comedy
38579,Comedy
12220,Comedy
421,Comedy
13498,Comedy
38319,Comedy
11212,Comedy
9275,Comedy
329833,Comedy
12634,Comedy
10416,Comedy
9548,Comedy
18947,Comedy
6415,Comedy
9896,Comedy
11232,Comedy
1636,Comedy
1389,Comedy
9894,Comedy
8592,Comedy
11091,Comedy
5393,Comedy
8874,Comedy
11467,Comedy
1624,Comedy
888,Comedy
4256,Comedy
1493,Comedy
88751,Comedy
11130,Comedy
7350,Comedy
4379,Comedy
926,Comedy
4248,Comedy
64328,Comedy
6282,Comedy
508,Comedy
9487,Comedy
10478,Comedy
27983,Comedy
9981,Comedy
7453,Comedy
15045,Comedy
232672,Comedy
17379,Comedy
9486,Comedy
9906,Comedy
9304,Comedy
20856,Comedy
9899,Comedy
2185,Comedy
58233,Comedy
116977,Comedy
10468,Comedy
11812,Comedy
64688,Comedy
509,Comedy
7443,Comedy
5966,Comedy
11066,Comedy
136795,Comedy
87826,Comedy
25189,Comedy
18480,Comedy
9607,Comedy
54054,Comedy
228967,Comedy
27936,Comedy
280391,Comedy
10610,Comedy
73937,Comedy
18240,Comedy
165,Comedy
12279,Comedy
11007,Comedy
11287,Comedy
10184,Comedy
4257,Comedy
196,Comedy
257091,Comedy
100042,Comedy
257211,Comedy
323675,Comedy
16538,Comedy
9889,Comedy
11565,Comedy
6073,Comedy
16996,Comedy
193610,Comedy
32823,Comedy
4380,Comedy
11551,Comedy
227159,Comedy
68179,Comedy
9930,Comedy
71864,Comedy
10761,Comedy
11011,Comedy
11172,Comedy
39513,Comedy
82687,Comedy
225886,Comedy
10385,Comedy
10154,Comedy
11431,Comedy
8457,Comedy
188161,Comedy
38357,Comedy
8970,Comedy
11858,Comedy
12704,Comedy
10315,Comedy
16643,Comedy
2687,Comedy
194,Comedy
11025,Comedy
8849,Comedy
7288,Comedy
14655,Comedy
56715,Comedy
72358,Comedy
20542,Comedy
11934,Comedy
77459,Comedy
26486,Comedy
1257,Comedy
62214,Comedy
9531,Comedy
64807,Comedy
11529,Comedy
20943,Comedy
9099,Comedy
10833,Comedy
256961,Comedy
12312,Comedy
12508,Comedy
14324,Comedy
76494,Comedy
4944,Comedy
10488,Comedy
23742,Comedy
259694,Comedy
11001,Comedy
138832,Comedy
23048,Comedy
222936,Comedy
75531,Comedy
9776,Comedy
18785,Comedy
817,Comedy
943,Comedy
10054,Comedy
51540,Comedy
350,Comedy
109431,Comedy
271718,Comedy
11638,Comedy
11459,Comedy
10806,Comedy
1273,Comedy
50544,Comedy
325133,Comedy
140823,Comedy
89492,Comedy
22949,Comedy
2959,Comedy
9957,Comedy
11648,Comedy
5516,Comedy
34806,Comedy
49022,Comedy
11469,Comedy
23479,Comedy
11622,Comedy
9541,Comedy
35019,Comedy
14442,Comedy
11004,Comedy
11918,Comedy
10012,Comedy
268920,Comedy
11823,Comedy
35169,Comedy
6575,Comedy
14113,Comedy
9726,Comedy
1969,Comedy
239573,Comedy
2162,Comedy
77875,Comedy
9600,Comedy
12596,Comedy
50647,Comedy
10719,Comedy
11888,Comedy
9647,Comedy
9353,Comedy
55721,Comedy
109414,Comedy
87567,Comedy
38322,Comedy
11519,Comedy
11141,Comedy
3587,Comedy
124459,Comedy
24662,Comedy
38073,Comedy
120467,Comedy
6488,Comedy
296099,Comedy
8012,Comedy
1574,Comedy
9032,Comedy
2770,Comedy
862,Comedy
9472,Comedy
2907,Comedy
9273,Comedy
9880,Comedy
2925,Comedy
11836,Comedy
9535,Comedy
6557,Comedy
18126,Comedy
16340,Comedy
2755,Comedy
82654,Comedy
16300,Comedy
9598,Comedy
82696,Comedy
9870,Comedy
8780,Comedy
10521,Comedy
10762,Comedy
10096,Comedy
59436,Comedy
227783,Comedy
21972,Comedy
36593,Comedy
533,Comedy
6439,Comedy
37056,Comedy
76489,Comedy
13156,Comedy
1262,Comedy
7278,Comedy
9013,Comedy
10776,Comedy
59861,Comedy
14034,Comedy
11137,Comedy
10152,Comedy
9452,Comedy
4474,Comedy
14846,Comedy
72207,Comedy
16232,Comedy
18550,Comedy
8869,Comedy
43347,Comedy
2122,Comedy
10658,Comedy
17813,Comedy
58151,Comedy
14844,Comedy
57089,Comedy
46829,Comedy
31203,Comedy
50135,Comedy
223702,Comedy
254470,Comedy
4967,Comedy
9449,Comedy
4912,Comedy
12771,Comedy
323676,Comedy
24071,Comedy
11249,Comedy
812,Comedy
315664,Comedy
15373,Comedy
318846,Comedy
26320,Comedy
2018,Comedy
9428,Comedy
137093,Comedy
9778,Comedy
9398,Comedy
10439,Comedy
3638,Comedy
62206,Comedy
218778,Comedy
10025,Comedy
15198,Comedy
23172,Comedy
17834,Comedy
10317,Comedy
58431,Comedy
13092,Comedy
4964,Comedy
13490,Comedy
9583,Comedy
525,Comedy
10188,Comedy
63574,Comedy
245,Comedy
9825,Comedy
56288,Comedy
1613,Comedy
31582,Comedy
8944,Comedy
37028,Comedy
14560,Comedy
10330,Comedy
6957,Comedy
951,Comedy
10189,Comedy
9454,Comedy
134,Comedy
1901,Comedy
17047,Comedy
62838,Comedy
16784,Comedy
2779,Comedy
316002,Comedy
788,Comedy
11024,Comedy
12589,Comedy
1497,Comedy
168530,Comedy
634,Comedy
392,Comedy
10327,Comedy
88042,Comedy
41630,Comedy
175555,Comedy
8699,Comedy
11283,Comedy
11676,Comedy
9416,Comedy
12277,Comedy
9779,Comedy
12620,Comedy
14177,Comedy
10735,Comedy
10030,Comedy
9655,Comedy
1268,Comedy
11932,Comedy
6116,Comedy
57431,Comedy
21724,Comedy
9290,Comedy
11543,Comedy
152737,Comedy
13374,Comedy
8976,Comedy
319888,Comedy
1909,Comedy
8051,Comedy
9352,Comedy
18147,Comedy
1831,Comedy
10591,Comedy
12770,Comedy
10074,Comedy
6978,Comedy
133698,Comedy
40001,Comedy
9903,Comedy
24264,Comedy
19803,Comedy
20309,Comedy
9067,Comedy
27360,Comedy
72113,Comedy
12404,Comedy
48034,Comedy
184098,Comedy
2069,Comedy
11635,Comedy
177,Comedy
2621,Comedy
10358,Comedy
10480,Comedy
10313,Comedy
18828,Comedy
13476,Comedy
10208,Comedy
20697,Comedy
20761,Comedy
70868,Comedy
43593,Comedy
40688,Comedy
19908,Comedy
10663,Comedy
9737,Comedy
37137,Comedy
12658,Comedy
21349,Comedy
19150,Comedy
22215,Comedy
957,Comedy
544,Comedy
11395,Comedy
13680,Comedy
11090,Comedy
11323,Comedy
11453,Comedy
146239,Comedy
10878,Comedy
82650,Comedy
2294,Comedy
270487,Comedy
19366,Comedy
1599,Comedy
42586,Comedy
17709,Comedy
109513,Comedy
12085,Comedy
21494,Comedy
17795,Comedy
81836,Comedy
9473,Comedy
2196,Comedy
1499,Comedy
20857,Comedy
82693,Comedy
19255,Comedy
10187,Comedy
44857,Comedy
16363,Comedy
772,Comedy
96,Comedy
10678,Comedy
8872,Comedy
16290,Comedy
14405,Comedy
11637,Comedy
226486,Comedy
1584,Comedy
12153,Comedy
65057,Comedy
8326,Comedy
13497,Comedy
35688,Comedy
103370,Comedy
376659,Comedy
10073,Comedy
9760,Comedy
33644,Comedy
1649,Comedy
9895,Comedy
40264,Comedy
239678,Comedy
3989,Comedy
4258,Comedy
20391,Comedy
55465,Comedy
243,Comedy
38303,Comedy
107985,Comedy
34016,Comedy
59860,Comedy
10115,Comedy
25132,Comedy
577,Comedy
13596,Comedy
13159,Comedy
47941,Comedy
22796,Comedy
9842,Comedy
9089,Comedy
9470,Comedy
18357,Comedy
9582,Comedy
10642,Comedy
13805,Comedy
9414,Comedy
63492,Comedy
10710,Comedy
11382,Comedy
6963,Comedy
12797,Comedy
18885,Comedy
4953,Comedy
10773,Comedy
2639,Comedy
10563,Comedy
5971,Comedy
9716,Comedy
31117,Comedy
9074,Comedy
14396,Comedy
15673,Comedy
42618,Comedy
171274,Comedy
13948,Comedy
14220,Comedy
46435,Comedy
256962,Comedy
23367,Comedy
21755,Comedy
14652,Comedy
40932,Comedy
32316,Comedy
13688,Comedy
10353,Comedy
43935,Comedy
133931,Comedy
52449,Comedy
11247,Comedy
105,Comedy
26367,Comedy
41210,Comedy
12090,Comedy
13523,Comedy
25195,Comedy
50725,Comedy
2757,Comedy
1878,Comedy
23082,Comedy
195589,Comedy
854,Comedy
2280,Comedy
496,Comedy
8835,Comedy
10402,Comedy
9043,Comedy
21301,Comedy
10147,Comedy
816,Comedy
302688,Comedy
60307,Comedy
10625,Comedy
10934,Comedy
10013,Comedy
194662,Comedy
160588,Comedy
10535,Comedy
10364,Comedy
16991,Comedy
28665,Comedy
10569,Comedy
333348,Comedy
19840,Comedy
22327,Comedy
253235,Comedy
22102,Comedy
18701,Comedy
522,Comedy
10739,Comedy
8363,Comedy
15670,Comedy
10982,Comedy
193893,Comedy
9675,Comedy
9988,Comedy
21765,Comedy
146304,Comedy
7516,Comedy
2752,Comedy
9429,Comedy
13778,Comedy
41382,Comedy
114150,Comedy
26602,Comedy
15639,Comedy
23049,Comedy
9310,Comedy
4723,Comedy
4032,Comedy
10760,Comedy
8467,Comedy
639,Comedy
9285,Comedy
14709,Comedy
74643,Comedy
83666,Comedy
13908,Comedy
39180,Comedy
10956,Comedy
4638,Comedy
13972,Comedy
10571,Comedy
19994,Comedy
25166,Comedy
30890,Comedy
17403,Comedy
12120,Comedy
18475,Comedy
18074,Comedy
9689,Comedy
9781,Comedy
12657,Comedy
8265,Comedy
73935,Comedy
35696,Comedy
2110,Comedy
9035,Comedy
90,Comedy
771,Comedy
12154,Comedy
9576,Comedy
9493,Comedy
10765,Comedy
33217,Comedy
11153,Comedy
208134,Comedy
4011,Comedy
17202,Comedy
11870,Comedy
586,Comedy
18736,Comedy
287903,Comedy
11397,Comedy
13411,Comedy
10564,Comedy
6961,Comedy
2493,Comedy
11132,Comedy
17127,Comedy
17880,Comedy
14736,Comedy
9434,Comedy
23706,Comedy
38843,Comedy
342521,Comedy
13166,Comedy
15511,Comedy
10743,Comedy
37718,Comedy
9686,Comedy
12257,Comedy
68,Comedy
115,Comedy
16222,Comedy
9557,Comedy
9026,Comedy
57943,Comedy
8321,Comedy
72359,Comedy
10186,Comedy
25704,Comedy
19265,Comedy
2290,Comedy
5236,Comedy
6552,Comedy
38031,Comedy
31306,Comedy
9104,Comedy
31668,Comedy
13501,Comedy
137,Comedy
264999,Comedy
114,Comedy
9396,Comedy
864,Comedy
62008,Comedy
13824,Comedy
15173,Comedy
13950,Comedy
12158,Comedy
2830,Comedy
34563,Comedy
14557,Comedy
10368,Comedy
34152,Comedy
14434,Comedy
24940,Comedy
82679,Comedy
16899,Comedy
16005,Comedy
23988,Comedy
9603,Comedy
243938,Comedy
86838,Comedy
801,Comedy
70829,Comedy
8859,Comedy
239563,Comedy
222899,Comedy
4951,Comedy
10985,Comedy
9644,Comedy
15489,Comedy
15250,Comedy
22345,Comedy
9448,Comedy
38223,Comedy
492,Comedy
25462,Comedy
5172,Comedy
58680,Comedy
14577,Comedy
11592,Comedy
16406,Comedy
9683,Comedy
2084,Comedy
107811,Comedy
144340,Comedy
47502,Comedy
9950,Comedy
59678,Comedy
8952,Comedy
6615,Comedy
36691,Comedy
23631,Comedy
45324,Comedy
2105,Comedy
126319,Comedy
10136,Comedy
67660,Comedy
10611,Comedy
3049,Comedy
3179,Comedy
184,Comedy
13335,Comedy
36819,Comedy
17130,Comedy
57214,Comedy
19084,Comedy
8386,Comedy
10437,Comedy
284296,Comedy
11354,Comedy
14191,Comedy
26710,Comedy
9059,Comedy
34549,Comedy
57157,Comedy
28353,Comedy
46889,Comedy
38093,Comedy
6020,Comedy
122906,Comedy
19419,Comedy
14799,Comedy
9466,Comedy
7510,Comedy
31246,Comedy
61752,Comedy
14778,Comedy
10212,Comedy
8669,Comedy
179144,Comedy
16857,Comedy
9260,Comedy
61337,Comedy
12479,Comedy
44555,Comedy
173931,Comedy
927,Comedy
291870,Comedy
11887,Comedy
12094,Comedy
10377,Comedy
256092,Comedy
9942,Comedy
10748,Comedy
10156,Comedy
17708,Comedy
14369,Comedy
16888,Comedy
121826,Comedy
10646,Comedy
766,Comedy
20009,Comedy
9027,Comedy
63020,Comedy
13994,Comedy
80271,Comedy
24137,Comedy
13067,Comedy
88641,Comedy
58051,Comedy
304410,Comedy
10890,Comedy
1588,Comedy
10314,Comedy
16781,Comedy
10414,Comedy
9614,Comedy
1648,Comedy
74534,Comedy
19405,Comedy
10426,Comedy
13938,Comedy
12182,Comedy
1832,Comedy
9034,Comedy
26352,Comedy
9794,Comedy
15037,Comedy
9526,Comedy
14544,Comedy
11545,Comedy
268238,Comedy
8359,Comedy
15648,Comedy
11891,Comedy
10090,Comedy
19905,Comedy
9515,Comedy
27322,Comedy
10050,Comedy
1542,Comedy
10490,Comedy
10029,Comedy
9893,Comedy
37931,Comedy
87818,Comedy
13160,Comedy
88005,Comedy
52067,Comedy
209403,Comedy
7942,Comedy
73247,Comedy
34043,Comedy
256924,Comedy
82532,Comedy
67911,Comedy
24664,Comedy
252512,Comedy
29076,Comedy
14195,Comedy
41479,Comedy
10071,Comedy
12779,Comedy
13191,Comedy
11770,Comedy
64559,Comedy
25350,Comedy
10034,Comedy
20178,Comedy
5072,Comedy
11546,Comedy
268171,Comedy
78149,Comedy
24663,Comedy
39037,Comedy
22805,Comedy
25186,Comedy
15017,Comedy
16358,Comedy
217708,Comedy
42057,Comedy
34417,Comedy
15067,Comedy
43090,Comedy
16614,Comedy
10471,Comedy
208869,Comedy
11576,Comedy
219,Comedy
22820,Comedy
66125,Comedy
68684,Comedy
40794,Comedy
16162,Comedy
10472,Comedy
11282,Comedy
1621,Comedy
16428,Comedy
24621,Comedy
9685,Comedy
14425,Comedy
10179,Comedy
14057,Comedy
12621,Comedy
250349,Comedy
12454,Comedy
17926,Comedy
9671,Comedy
1547,Comedy
175528,Comedy
9451,Comedy
272693,Comedy
14353,Comedy
11176,Comedy
11217,Comedy
2619,Comedy
773,Comedy
37964,Comedy
28121,Comedy
40807,Comedy
225565,Comedy
16471,Comedy
11971,Comedy
14429,Comedy
9490,Comedy
14536,Comedy
9962,Comedy
15049,Comedy
209263,Comedy
37735,Comedy
59930,Comedy
51588,Comedy
23570,Comedy
19489,Comedy
14629,Comedy
291270,Comedy
44009,Comedy
1958,Comedy
26618,Comedy
43923,Comedy
46138,Comedy
198277,Comedy
30141,Comedy
10288,Comedy
12183,Comedy
44147,Comedy
10913,Comedy
220488,Comedy
1544,Comedy
403,Comedy
29461,Comedy
33542,Comedy
9388,Comedy
2610,Comedy
11308,Comedy
34341,Comedy
15365,Comedy
12569,Comedy
103903,Comedy
14165,Comedy
7326,Comedy
19913,Comedy
77930,Comedy
17908,Comedy
8390,Comedy
57119,Comedy
10117,Comedy
2074,Comedy
308639,Comedy
12573,Comedy
44718,Comedy
11342,Comedy
14578,Comedy
57825,Comedy
15581,Comedy
39053,Comedy
33676,Comedy
11687,Comedy
39210,Comedy
30128,Comedy
31535,Comedy
192134,Comedy
47088,Comedy
27004,Comedy
294512,Comedy
9571,Comedy
13649,Comedy
13919,Comedy
38970,Comedy
41009,Comedy
38415,Comedy
25113,Comedy
9430,Comedy
8998,Comedy
26665,Comedy
338,Comedy
10925,Comedy
2293,Comedy
433,Comedy
11977,Comedy
20322,Comedy
16158,Comedy
11452,Comedy
13785,Comedy
36739,Comedy
14144,Comedy
10622,Comedy
13370,Comedy
11191,Comedy
10215,Comedy
92591,Comedy
15256,Comedy
80304,Comedy
28053,Comedy
67913,Comedy
13991,Comedy
8545,Comedy
19556,Comedy
231576,Comedy
16172,Comedy
13403,Comedy
20794,Comedy
35944,Comedy
13827,Comedy
183894,Comedy
1555,Comedy
168027,Comedy
89861,Comedy
455,Comedy
147767,Comedy
55567,Comedy
9277,Comedy
16186,Comedy
138697,Comedy
1548,Comedy
33155,Comedy
321,Comedy
73532,Comedy
193722,Comedy
51995,Comedy
13173,Comedy
22908,Comedy
84204,Comedy
25248,Comedy
9012,Comedy
211954,Comedy
11843,Comedy
11284,Comedy
2295,Comedy
71,Comedy
147773,Comedy
16096,Comedy
16508,Comedy
59968,Comedy
8346,Comedy
747,Comedy
13776,Comedy
13090,Comedy
351819,Comedy
378200,Comedy
13193,Comedy
11042,Comedy
11959,Comedy
9900,Comedy
14662,Comedy
15745,Comedy
21014,Comedy
13996,Comedy
3028,Comedy
45658,Comedy
16148,Comedy
1415,Comedy
14474,Comedy
13685,Comedy
46838,Comedy
41730,Comedy
13849,Comedy
14849,Comedy
12486,Comedy
244403,Comedy
340816,Comedy
113406,Comedy
290825,Comedy
12555,Comedy
31175,Comedy
8435,Comedy
11404,Comedy
300706,Comedy
68202,Comedy
10914,Comedy
50848,Comedy
166624,Comedy
9336,Comedy
712,Comedy
13342,Comedy
252680,Comedy
66607,Comedy
12079,Comedy
39800,Comedy
9991,Comedy
281730,Comedy
362105,Comedy
10970,Comedy
10947,Comedy
10246,Comedy
703,Comedy
165864,Comedy
987,Comedy
39781,Comedy
512,Comedy
13408,Comedy
47816,Comedy
18713,Comedy
184345,Comedy
1809,Comedy
9809,Comedy
5,Comedy
11013,Comedy
16448,Comedy
15122,Comedy
8141,Comedy
1546,Comedy
14293,Comedy
25719,Comedy
27723,Comedy
20468,Comedy
29122,Comedy
125123,Comedy
60422,Comedy
10981,Comedy
14902,Comedy
20065,Comedy
158150,Comedy
25209,Comedy
37495,Comedy
34769,Comedy
5178,Comedy
8618,Comedy
9427,Comedy
813,Comedy
10634,Comedy
23330,Comedy
40505,Comedy
11363,Comedy
765,Comedy
10615,Comedy
38007,Comedy
14256,Comedy
224569,Comedy
12535,Comedy
13973,Comedy
11129,Comedy
850,Comedy
301748,Comedy
55347,Comedy
10070,Comedy
8469,Comedy
23618,Comedy
10162,Comedy
20337,Comedy
20737,Comedy
34086,Comedy
5854,Comedy
284,Comedy
292,Comedy
18065,Comedy
53862,Comedy
30139,Comedy
15582,Comedy
30309,Comedy
10557,Comedy
23531,Comedy
40247,Comedy
13982,Comedy
18892,Comedy
121986,Comedy
10683,Comedy
17995,Comedy
246403,Comedy
49010,Comedy
317930,Comedy
11229,Comedy
82533,Comedy
84174,Comedy
79940,Comedy
342,Comedy
100975,Comedy
27404,Comedy
170480,Comedy
180296,Comedy
157058,Comedy
79587,Comedy
44594,Comedy
248,Comedy
55831,Comedy
66942,Comedy
239,Comedy
3034,Comedy
21461,Comedy
16016,Comedy
15875,Comedy
5900,Comedy
11072,Comedy
14137,Comedy
33106,Comedy
872,Comedy
139038,Comedy
9591,Comedy
181330,Comedy
401,Comedy
25636,Comedy
19316,Comedy
84329,Comedy
157386,Comedy
13007,Comedy
17334,Comedy
45132,Comedy
76706,Comedy
254472,Comedy
7512,Comedy
43546,Comedy
78373,Comedy
19933,Comedy
31163,Comedy
297621,Comedy
16205,Comedy
6007,Comedy
28165,Comedy
11561,Comedy
11624,Comedy
12207,Comedy
9662,Comedy
20862,Comedy
2771,Comedy
1382,Comedy
15186,Comedy
1378,Comedy
55561,Comedy
42889,Comedy
24363,Comedy
13121,Comedy
12109,Comedy
27023,Comedy
22913,Comedy
206296,Comedy
35219,Comedy
28260,Comedy
18238,Comedy
11302,Comedy
95755,Comedy
198062,Comedy
188652,Comedy
174311,Comedy
153795,Comedy
17768,Comedy
312793,Comedy
49020,Comedy
935,Comedy
260778,Comedy
58492,Comedy
44562,Comedy
386826,Comedy
98557,Comedy
24066,Comedy
34106,Comedy
27455,Comedy
7973,Comedy
10758,Comedy
3083,Comedy
10707,Comedy
15647,Comedy
9464,Comedy
13820,Comedy
129139,Comedy
13066,Comedy
11908,Comedy
3082,Comedy
39541,Comedy
1961,Comedy
51820,Comedy
291362,Comedy
361505,Comedy
253306,Comedy
46729,Comedy
294600,Comedy
137347,Comedy
426469,Comedy
48463,Comedy
2661,Comedy
100,Comedy
27845,Comedy
100275,Comedy
19187,Comedy
46415,Comedy
38570,Comedy
46256,Comedy
278316,Comedy
39939,Comedy
215924,Comedy
480,Comedy
11219,Comedy
20770,Comedy
98369,Comedy
114065,Comedy
49951,Comedy
355629,Comedy
16433,Comedy
15544,Comedy
13064,Comedy
7553,Comedy
39895,Comedy
26815,Comedy
5769,Comedy
5722,Comedy
113947,Comedy
41469,Comedy
248774,Comedy
49963,Comedy
22597,Comedy
9707,Comedy
8675,Comedy
47686,Comedy
13198,Comedy
21413,Comedy
66195,Comedy
16155,Comedy
55180,Comedy
29015,Comedy
91122,Comedy
99826,Comedy
357441,Comedy
242083,Comedy
26673,Comedy
96534,Comedy
21283,Comedy
206213,Comedy
29731,Comedy
91070,Comedy
127867,Comedy
14014,Comedy
15708,Comedy
84200,Comedy
84184,Comedy
45767,Comedy
367551,Comedy
57294,Comedy
11446,Comedy
292483,Comedy
14451,Comedy
838,Comedy
13158,Comedy
84332,Comedy
74510,Comedy
51955,Comedy
323967,Comedy
3080,Comedy
11598,Comedy
375950,Comedy
704,Comedy
385636,Comedy
89857,Comedy
2056,Comedy
16653,Comedy
36825,Comedy
96238,Comedy
7301,Comedy
45145,Comedy
13983,Comedy
45649,Comedy
19844,Comedy
73511,Comedy
43653,Comedy
139715,Comedy
45380,Comedy
117942,Comedy
362765,Comedy
15239,Comedy
17287,Comedy
3062,Comedy
15389,Comedy
464,Comedy
8193,Comedy
762,Comedy
189711,Comedy
9029,Comedy
11240,Comedy
52032,Comedy
3078,Comedy
55123,Comedy
11956,Comedy
1550,Comedy
13282,Comedy
324352,Comedy
80468,Comedy
2255,Comedy
50035,Comedy
29371,Comedy
44490,Comedy
32222,Comedy
76996,Comedy
51942,Comedy
142132,Comedy
20520,Comedy
40963,Comedy
173224,Comedy
70478,Comedy
10218,Comedy
43595,Comedy
53256,Comedy
5759,Comedy
14758,Comedy
361398,Comedy
21334,Comedy
27995,Comedy
39141,Comedy
13187,Comedy
84355,Comedy
18632,Comedy
266857,Comedy
34101,Comedy
9821,Comedy
18841,Comedy
175291,Comedy
90414,Comedy
111794,Comedy
9372,Comedy
85860,Comedy
244534,Comedy
139998,Comedy
16388,Comedy
47607,Comedy
84659,Comedy
222250,Comedy
125537,Comedy
40769,Comedy
42151,Comedy
2292,Comedy
33693,Comedy
14585,Comedy
14022,Comedy
255266,Comedy
24055,Comedy
44990,Comedy
692,Comedy
286939,Comedy
72766,Comedy
231617,Comedy
597,Romance
64682,Romance
9543,Romance
102651,Romance
79698,Romance
4922,Romance
676,Romance
1966,Romance
50620,Romance
42888,Romance
10198,Romance
24113,Romance
39451,Romance
37710,Romance
37786,Romance
150689,Romance
10003,Romance
921,Romance
4523,Romance
1581,Romance
22897,Romance
1904,Romance
12107,Romance
9339,Romance
8656,Romance
6964,Romance
12193,Romance
10202,Romance
50546,Romance
6068,Romance
38317,Romance
161795,Romance
12159,Romance
9678,Romance
10197,Romance
76649,Romance
453,Romance
1824,Romance
2976,Romance
37821,Romance
3172,Romance
6520,Romance
1439,Romance
8676,Romance
10808,Romance
11086,Romance
4806,Romance
1903,Romance
2270,Romance
80585,Romance
24021,Romance
1844,Romance
3981,Romance
82695,Romance
9489,Romance
11820,Romance
256591,Romance
59962,Romance
11983,Romance
10783,Romance
12618,Romance
9087,Romance
12177,Romance
693,Romance
2642,Romance
19899,Romance
5994,Romance
547,Romance
9302,Romance
16558,Romance
11775,Romance
87825,Romance
9664,Romance
137321,Romance
123553,Romance
9839,Romance
9007,Romance
889,Romance
4942,Romance
1722,Romance
13,Romance
1597,Romance
9327,Romance
8488,Romance
10603,Romance
8273,Romance
7303,Romance
8984,Romance
795,Romance
9833,Romance
4517,Romance
42297,Romance
802,Romance
9621,Romance
1819,Romance
824,Romance
1950,Romance
9767,Romance
11631,Romance
32856,Romance
1850,Romance
18239,Romance
38050,Romance
9390,Romance
2898,Romance
2022,Romance
9919,Romance
628,Romance
9441,Romance
50646,Romance
11451,Romance
228326,Romance
9801,Romance
1907,Romance
4599,Romance
10390,Romance
12220,Romance
72710,Romance
10533,Romance
11863,Romance
109491,Romance
10416,Romance
96724,Romance
11232,Romance
1636,Romance
2148,Romance
1389,Romance
913,Romance
11091,Romance
9095,Romance
8874,Romance
11467,Romance
11130,Romance
4379,Romance
508,Romance
10478,Romance
9981,Romance
4688,Romance
4148,Romance
21355,Romance
6639,Romance
11812,Romance
509,Romance
5966,Romance
11066,Romance
8095,Romance
25189,Romance
9476,Romance
18240,Romance
216015,Romance
10184,Romance
6114,Romance
24803,Romance
9361,Romance
9889,Romance
6073,Romance
193610,Romance
4380,Romance
9930,Romance
2044,Romance
10761,Romance
10641,Romance
11172,Romance
10154,Romance
10647,Romance
11431,Romance
38357,Romance
1833,Romance
1921,Romance
18937,Romance
15556,Romance
16643,Romance
194,Romance
78698,Romance
24420,Romance
8842,Romance
11529,Romance
20943,Romance
55787,Romance
10833,Romance
5852,Romance
14324,Romance
76494,Romance
259694,Romance
8966,Romance
222936,Romance
10219,Romance
782,Romance
350,Romance
11638,Romance
409,Romance
10806,Romance
50544,Romance
11648,Romance
34806,Romance
49022,Romance
2288,Romance
11622,Romance
9541,Romance
9093,Romance
11823,Romance
6440,Romance
18320,Romance
9616,Romance
9726,Romance
9280,Romance
11876,Romance
22267,Romance
10436,Romance
1381,Romance
228205,Romance
21311,Romance
77875,Romance
85446,Romance
8055,Romance
9294,Romance
55721,Romance
11141,Romance
182,Romance
38073,Romance
2770,Romance
72570,Romance
9880,Romance
11036,Romance
6557,Romance
18126,Romance
10333,Romance
4476,Romance
22947,Romance
82654,Romance
16300,Romance
82696,Romance
9870,Romance
9715,Romance
10096,Romance
59436,Romance
10207,Romance
6023,Romance
4347,Romance
37056,Romance
3933,Romance
293863,Romance
41233,Romance
1262,Romance
59861,Romance
11137,Romance
53113,Romance
14846,Romance
43539,Romance
43347,Romance
17813,Romance
11208,Romance
11400,Romance
14844,Romance
11162,Romance
17186,Romance
13967,Romance
2008,Romance
215211,Romance
69,Romance
4912,Romance
12771,Romance
24071,Romance
812,Romance
9778,Romance
112949,Romance
4348,Romance
10025,Romance
58431,Romance
13092,Romance
4964,Romance
1259,Romance
9583,Romance
245,Romance
12783,Romance
6957,Romance
1934,Romance
9454,Romance
1901,Romance
62838,Romance
2057,Romance
2779,Romance
316002,Romance
239571,Romance
619,Romance
634,Romance
392,Romance
41630,Romance
77877,Romance
12620,Romance
14177,Romance
10030,Romance
9655,Romance
1909,Romance
22971,Romance
8051,Romance
133698,Romance
40001,Romance
20309,Romance
12404,Romance
152742,Romance
38543,Romance
859,Romance
184098,Romance
1788,Romance
2621,Romance
18828,Romance
13476,Romance
70868,Romance
45881,Romance
12658,Romance
152601,Romance
21349,Romance
22215,Romance
11632,Romance
251,Romance
544,Romance
688,Romance
10445,Romance
10878,Romance
10279,Romance
1599,Romance
42586,Romance
17709,Romance
7548,Romance
11661,Romance
109513,Romance
21494,Romance
153158,Romance
81836,Romance
20857,Romance
82693,Romance
19255,Romance
31005,Romance
44857,Romance
11637,Romance
35690,Romance
13497,Romance
35688,Romance
162,Romance
296096,Romance
33644,Romance
9895,Romance
243,Romance
38,Romance
38303,Romance
34016,Romance
59860,Romance
9588,Romance
13596,Romance
226857,Romance
13159,Romance
526,Romance
9842,Romance
9089,Romance
9582,Romance
10642,Romance
63492,Romance
8198,Romance
12797,Romance
10563,Romance
9716,Romance
42618,Romance
171274,Romance
14582,Romance
21755,Romance
314385,Romance
46503,Romance
14202,Romance
41210,Romance
13523,Romance
25195,Romance
50725,Romance
23082,Romance
854,Romance
2280,Romance
9043,Romance
302688,Romance
10934,Romance
10013,Romance
10028,Romance
25643,Romance
28665,Romance
19840,Romance
22327,Romance
38665,Romance
253235,Romance
18701,Romance
10068,Romance
36811,Romance
33870,Romance
10739,Romance
10017,Romance
8328,Romance
11113,Romance
9675,Romance
2752,Romance
38117,Romance
114150,Romance
26602,Romance
23049,Romance
1491,Romance
255343,Romance
18615,Romance
4584,Romance
2977,Romance
639,Romance
14709,Romance
74643,Romance
83666,Romance
16161,Romance
10956,Romance
13972,Romance
5038,Romance
13491,Romance
10571,Romance
23169,Romance
17403,Romance
152599,Romance
18840,Romance
12657,Romance
73935,Romance
9576,Romance
744,Romance
146,Romance
22556,Romance
11153,Romance
9587,Romance
266856,Romance
10564,Romance
6961,Romance
2493,Romance
17127,Romance
14736,Romance
9434,Romance
116,Romance
1245,Romance
13768,Romance
45272,Romance
51828,Romance
9686,Romance
12257,Romance
13539,Romance
14024,Romance
16222,Romance
9026,Romance
57943,Romance
19265,Romance
10075,Romance
38031,Romance
42188,Romance
13501,Romance
137,Romance
454,Romance
12405,Romance
10998,Romance
114,Romance
62008,Romance
15173,Romance
8291,Romance
12158,Romance
2830,Romance
12637,Romance
14434,Romance
24940,Romance
1440,Romance
28029,Romance
87729,Romance
16899,Romance
41317,Romance
37842,Romance
43949,Romance
142,Romance
9603,Romance
10712,Romance
9816,Romance
222899,Romance
4951,Romance
25462,Romance
10691,Romance
58680,Romance
9683,Romance
2266,Romance
144340,Romance
48217,Romance
84892,Romance
44853,Romance
79777,Romance
8952,Romance
13435,Romance
17187,Romance
319,Romance
59457,Romance
43867,Romance
6615,Romance
39780,Romance
36691,Romance
2105,Romance
67660,Romance
9281,Romance
9762,Romance
184,Romance
10269,Romance
17130,Romance
1360,Romance
222935,Romance
14191,Romance
286565,Romance
28353,Romance
46889,Romance
38093,Romance
11027,Romance
3635,Romance
9550,Romance
31246,Romance
10362,Romance
844,Romance
8060,Romance
38448,Romance
89325,Romance
357837,Romance
358451,Romance
907,Romance
11887,Romance
10229,Romance
796,Romance
167073,Romance
3175,Romance
121826,Romance
10646,Romance
20009,Romance
1587,Romance
9027,Romance
63020,Romance
11065,Romance
13888,Romance
13994,Romance
80271,Romance
14395,Romance
24137,Romance
13067,Romance
58051,Romance
14877,Romance
10314,Romance
16781,Romance
12182,Romance
9794,Romance
15037,Romance
15648,Romance
41823,Romance
27322,Romance
10050,Romance
88005,Romance
14283,Romance
13201,Romance
7942,Romance
73247,Romance
34043,Romance
41110,Romance
25520,Romance
13689,Romance
29076,Romance
1989,Romance
12779,Romance
20178,Romance
268171,Romance
24663,Romance
39037,Romance
15017,Romance
217708,Romance
42057,Romance
14608,Romance
9700,Romance
86837,Romance
219,Romance
37737,Romance
132316,Romance
14811,Romance
40794,Romance
10472,Romance
16428,Romance
10705,Romance
24621,Romance
14624,Romance
14057,Romance
17926,Romance
41248,Romance
25968,Romance
25196,Romance
16323,Romance
272693,Romance
10696,Romance
29963,Romance
26022,Romance
20360,Romance
185008,Romance
11620,Romance
15121,Romance
2619,Romance
37964,Romance
28121,Romance
225565,Romance
11971,Romance
14429,Romance
9962,Romance
209263,Romance
59930,Romance
23570,Romance
14629,Romance
8293,Romance
291270,Romance
26306,Romance
198277,Romance
7870,Romance
153397,Romance
17044,Romance
10288,Romance
12183,Romance
10913,Romance
220488,Romance
1544,Romance
24684,Romance
2610,Romance
36046,Romance
2577,Romance
14165,Romance
7326,Romance
535,Romance
19913,Romance
713,Romance
8390,Romance
10803,Romance
2074,Romance
241771,Romance
34653,Romance
14578,Romance
57825,Romance
4251,Romance
39053,Romance
37080,Romance
24985,Romance
306745,Romance
8879,Romance
325373,Romance
2211,Romance
38970,Romance
38415,Romance
25113,Romance
8998,Romance
18923,Romance
338,Romance
2293,Romance
621,Romance
20322,Romance
16158,Romance
11452,Romance
12163,Romance
11191,Romance
10215,Romance
12509,Romance
15256,Romance
1443,Romance
19556,Romance
7547,Romance
183894,Romance
1555,Romance
455,Romance
16186,Romance
138697,Romance
11889,Romance
321,Romance
16633,Romance
24266,Romance
8346,Romance
1391,Romance
26748,Romance
14854,Romance
29996,Romance
351819,Romance
14834,Romance
22649,Romance
378200,Romance
10786,Romance
45658,Romance
14474,Romance
51384,Romance
56930,Romance
71547,Romance
340816,Romance
40185,Romance
68202,Romance
50848,Romance
5689,Romance
712,Romance
9303,Romance
27686,Romance
65749,Romance
47452,Romance
11386,Romance
703,Romance
27191,Romance
1365,Romance
451,Romance
987,Romance
47816,Romance
10744,Romance
11536,Romance
1809,Romance
11013,Romance
15122,Romance
8141,Romance
64678,Romance
25719,Romance
125123,Romance
133575,Romance
121676,Romance
20065,Romance
158150,Romance
251979,Romance
770,Romance
25209,Romance
35032,Romance
5178,Romance
11363,Romance
25376,Romance
38007,Romance
12586,Romance
108346,Romance
22051,Romance
55347,Romance
10162,Romance
11257,Romance
261,Romance
284,Romance
223485,Romance
29463,Romance
53862,Romance
30139,Romance
132344,Romance
7509,Romance
23531,Romance
28005,Romance
16642,Romance
82533,Romance
84174,Romance
39563,Romance
44594,Romance
55831,Romance
66942,Romance
239,Romance
21461,Romance
15875,Romance
43306,Romance
26371,Romance
872,Romance
468,Romance
401,Romance
76,Romance
25636,Romance
19316,Romance
20,Romance
157386,Romance
17334,Romance
17820,Romance
14156,Romance
31163,Romance
297621,Romance
887,Romance
11561,Romance
55604,Romance
80,Romance
33667,Romance
43839,Romance
301351,Romance
15186,Romance
1378,Romance
250124,Romance
22913,Romance
206296,Romance
28260,Romance
7515,Romance
49020,Romance
542,Romance
260778,Romance
98557,Romance
10894,Romance
9709,Romance
191714,Romance
25312,Romance
34106,Romance
11426,Romance
7973,Romance
15976,Romance
74084,Romance
1651,Romance
9464,Romance
129139,Romance
14054,Romance
13066,Romance
30082,Romance
361505,Romance
46729,Romance
46415,Romance
27588,Romance
278316,Romance
480,Romance
14295,Romance
86331,Romance
289,Romance
26815,Romance
5769,Romance
46705,Romance
39833,Romance
361475,Romance
113947,Romance
41469,Romance
248774,Romance
32456,Romance
49963,Romance
22597,Romance
56666,Romance
13132,Romance
13198,Romance
21413,Romance
46727,Romance
91122,Romance
18206,Romance
19344,Romance
26673,Romance
258755,Romance
96534,Romance
21283,Romance
29146,Romance
29731,Romance
15708,Romance
84184,Romance
47889,Romance
25461,Romance
905,Romance
84332,Romance
51955,Romance
3080,Romance
23069,Romance
16653,Romance
23655,Romance
33430,Romance
125052,Romance
96238,Romance
7301,Romance
172533,Romance
45145,Romance
19844,Romance
90369,Romance
380733,Romance
15624,Romance
3062,Romance
464,Romance
9029,Romance
11240,Romance
65203,Romance
3078,Romance
324352,Romance
318040,Romance
2255,Romance
50035,Romance
29371,Romance
32222,Romance
76996,Romance
60420,Romance
3060,Romance
173224,Romance
77332,Romance
10218,Romance
53256,Romance
14758,Romance
79120,Romance
27995,Romance
5822,Romance
39141,Romance
5723,Romance
40652,Romance
90414,Romance
111794,Romance
16388,Romance
42109,Romance
47607,Romance
125537,Romance
44770,Romance
42497,Romance
255266,Romance
24055,Romance
44990,Romance
72766,Romance
231617,Romance
72190,Horror
315011,Horror
6479,Horror
7978,Horror
1250,Horror
9946,Horror
2655,Horror
16281,Horror
11618,Horror
330770,Horror
9533,Horror
11026,Horror
25769,Horror
49017,Horror
8814,Horror
52520,Horror
72331,Horror
6171,Horror
36648,Horror
71679,Horror
100241,Horror
8078,Horror
11015,Horror
38321,Horror
8413,Horror
10384,Horror
9009,Horror
257445,Horror
35791,Horror
1813,Horror
8077,Horror
36586,Horror
285923,Horror
628,Horror
10320,Horror
60304,Horror
588,Horror
928,Horror
1577,Horror
53953,Horror
9095,Horror
36647,Horror
9360,Horror
768,Horror
7737,Horror
9457,Horror
2637,Horror
49730,Horror
259693,Horror
4234,Horror
6114,Horror
19912,Horror
10336,Horror
9913,Horror
4970,Horror
440,Horror
41446,Horror
55779,Horror
10391,Horror
9306,Horror
1683,Horror
9544,Horror
19898,Horror
622,Horror
1091,Horror
48171,Horror
9348,Horror
377,Horror
8843,Horror
1576,Horror
609,Horror
10066,Horror
13515,Horror
11979,Horror
10012,Horror
118957,Horror
9616,Horror
71469,Horror
326,Horror
10307,Horror
10253,Horror
6488,Horror
2907,Horror
82654,Horror
16871,Horror
4513,Horror
22970,Horror
10776,Horror
133805,Horror
184346,Horror
8869,Horror
37707,Horror
9042,Horror
58151,Horror
11058,Horror
11249,Horror
924,Horror
10577,Horror
10383,Horror
10016,Horror
58431,Horror
9825,Horror
28355,Horror
1551,Horror
11460,Horror
9358,Horror
22894,Horror
9092,Horror
6466,Horror
794,Horror
9286,Horror
11096,Horror
11351,Horror
11237,Horror
11932,Horror
46261,Horror
11152,Horror
43931,Horror
65055,Horror
11954,Horror
77883,Horror
168705,Horror
4233,Horror
3600,Horror
43593,Horror
19908,Horror
9532,Horror
3021,Horror
24100,Horror
7341,Horror
1946,Horror
9682,Horror
579,Horror
138843,Horror
8968,Horror
21208,Horror
1975,Horror
40264,Horror
76617,Horror
9645,Horror
19904,Horror
6933,Horror
19901,Horror
10069,Horror
9954,Horror
9945,Horror
539,Horror
61012,Horror
755,Horror
41402,Horror
10929,Horror
12142,Horror
43935,Horror
241257,Horror
4232,Horror
9378,Horror
694,Horror
11377,Horror
29427,Horror
10065,Horror
11683,Horror
8643,Horror
8617,Horror
790,Horror
396152,Horror
10017,Horror
8408,Horror
290555,Horror
1933,Horror
679,Horror
3597,Horror
948,Horror
41439,Horror
9792,Horror
16028,Horror
109428,Horror
79694,Horror
13788,Horror
10781,Horror
49950,Horror
19994,Horror
73935,Horror
9035,Horror
132232,Horror
65086,Horror
10053,Horror
287903,Horror
9276,Horror
24150,Horror
18405,Horror
11442,Horror
1562,Horror
11531,Horror
9100,Horror
9793,Horror
12212,Horror
9424,Horror
11495,Horror
6552,Horror
10075,Horror
8461,Horror
10185,Horror
14435,Horror
9877,Horror
12158,Horror
11586,Horror
10008,Horror
10280,Horror
11470,Horror
14033,Horror
23988,Horror
10131,Horror
332567,Horror
11186,Horror
5876,Horror
11592,Horror
157544,Horror
6217,Horror
26688,Horror
9552,Horror
578,Horror
9357,Horror
13812,Horror
9030,Horror
31915,Horror
11601,Horror
16241,Horror
9059,Horror
1255,Horror
10212,Horror
86825,Horror
26466,Horror
8913,Horror
927,Horror
22804,Horror
13937,Horror
766,Horror
11917,Horror
190847,Horror
11056,Horror
214,Horror
316727,Horror
663,Horror
11804,Horror
1970,Horror
8922,Horror
321258,Horror
44040,Horror
280092,Horror
10163,Horror
15301,Horror
11336,Horror
283445,Horror
10984,Horror
9362,Horror
9902,Horror
11507,Horror
134597,Horror
329440,Horror
5072,Horror
49787,Horror
7006,Horror
17577,Horror
78383,Horror
10306,Horror
106845,Horror
244316,Horror
348,Horror
30497,Horror
68684,Horror
10585,Horror
238636,Horror
9656,Horror
293670,Horror
29514,Horror
1547,Horror
150202,Horror
14353,Horror
11217,Horror
170,Horror
10885,Horror
11596,Horror
10873,Horror
10288,Horror
12192,Horror
1691,Horror
301365,Horror
29064,Horror
10727,Horror
9392,Horror
79316,Horror
1696,Horror
2662,Horror
77156,Horror
11342,Horror
13006,Horror
78381,Horror
82505,Horror
250546,Horror
11033,Horror
10496,Horror
10925,Horror
10160,Horror
25066,Horror
11361,Horror
347764,Horror
837,Horror
10664,Horror
84204,Horror
91586,Horror
215,Horror
345911,Horror
72571,Horror
242512,Horror
10072,Horror
82990,Horror
11284,Horror
227348,Horror
243940,Horror
157547,Horror
256274,Horror
10283,Horror
10987,Horror
747,Horror
14745,Horror
11357,Horror
24913,Horror
50357,Horror
12484,Horror
3028,Horror
313922,Horror
46838,Horror
18442,Horror
298312,Horror
57876,Horror
13849,Horror
290825,Horror
361159,Horror
77949,Horror
1690,Horror
49365,Horror
16337,Horror
36419,Horror
362105,Horror
29426,Horror
10331,Horror
287424,Horror
165864,Horror
8337,Horror
146203,Horror
6537,Horror
184345,Horror
48572,Horror
48309,Horror
52015,Horror
257087,Horror
46420,Horror
114635,Horror
16288,Horror
310131,Horror
22007,Horror
765,Horror
205321,Horror
46146,Horror
39303,Horror
11564,Horror
805,Horror
10070,Horror
125490,Horror
41436,Horror
10014,Horror
158015,Horror
82507,Horror
10225,Horror
10285,Horror
15158,Horror
24126,Horror
246403,Horror
50942,Horror
38033,Horror
39563,Horror
234212,Horror
351043,Horror
10226,Horror
356483,Horror
10281,Horror
13025,Horror
9730,Horror
8875,Horror
139038,Horror
10676,Horror
50538,Horror
1698,Horror
254472,Horror
332285,Horror
13569,Horror
9728,Horror
9731,Horror
16205,Horror
8329,Horror
347548,Horror
28165,Horror
270303,Horror
92182,Horror
17994,Horror
13121,Horror
28260,Horror
335866,Horror
13510,Horror
18238,Horror
50698,Horror
115210,Horror
34335,Horror
18616,Horror
12602,Horror
309919,Horror
38358,Horror
9783,Horror
386826,Horror
10894,Horror
43947,Horror
283686,Horror
298584,Horror
49018,Horror
323271,Horror
10972,Horror
11908,Horror
1961,Horror
23963,Horror
104755,Horror
253306,Horror
301325,Horror
347755,Horror
48463,Horror
312791,Horror
280381,Horror
100275,Horror
27588,Horror
9725,Horror
23730,Horror
176,Horror
107315,Horror
157422,Horror
310933,Horror
39895,Horror
55616,Horror
50037,Horror
53502,Horror
202604,Horror
27374,Horror
277685,Horror
11298,Horror
93856,Horror
9003,Horror
10092,Horror
10643,Horror
76487,Horror
171424,Horror
9707,Horror
25983,Horror
34592,Horror
92635,Horror
84178,Horror
101179,Horror
287524,Horror
207769,Horror
323270,Horror
14451,Horror
211557,Horror
74725,Horror
58428,Horror
13429,Horror
9022,Horror
22530,Horror
158752,Horror
2667,Horror
30315,Horror
45649,Horror
139715,Horror
117942,Horror
285743,Horror
15239,Horror
17287,Horror
308467,Horror
23827,Horror
189711,Horror
19204,Horror
18045,Horror
764,Horror
103620,Horror
11980,Horror
250184,Horror
426067,Horror
27420,Horror
80468,Horror
325123,Horror
150211,Horror
35073,Horror
54702,Horror
69270,Horror
5759,Horror
402515,Horror
50497,Horror
299245,Horror
985,Horror
18841,Horror
72086,Horror
33468,Horror
74777,Horror
193603,Horror
20981,Horror
228550,Horror
290391,Horror
220490,Horror
226458,Horror
692,Horror
157185,Horror
36095,Horror
286939,Horror
158852,Mystery
27205,Mystery
4922,Mystery
675,Mystery
13448,Mystery
13183,Mystery
7364,Mystery
2503,Mystery
27576,Mystery
17578,Mystery
591,Mystery
58574,Mystery
70981,Mystery
75612,Mystery
180,Mystery
9268,Mystery
2059,Mystery
9946,Mystery
29193,Mystery
157353,Mystery
2655,Mystery
65754,Mystery
10528,Mystery
10756,Mystery
686,Mystery
291805,Mystery
297,Mystery
9637,Mystery
1949,Mystery
11324,Mystery
13027,Mystery
11618,Mystery
12096,Mystery
8834,Mystery
14462,Mystery
330770,Mystery
11026,Mystery
2026,Mystery
8688,Mystery
6947,Mystery
2675,Mystery
1903,Mystery
9697,Mystery
201088,Mystery
5137,Mystery
3093,Mystery
1844,Mystery
846,Mystery
345,Mystery
11412,Mystery
273248,Mystery
210577,Mystery
2501,Mystery
2275,Mystery
9620,Mystery
7485,Mystery
12201,Mystery
11015,Mystery
11679,Mystery
8413,Mystery
137321,Mystery
123553,Mystery
1813,Mystery
9315,Mystery
8984,Mystery
12117,Mystery
3580,Mystery
9566,Mystery
11456,Mystery
37686,Mystery
10329,Mystery
13811,Mystery
225574,Mystery
2649,Mystery
588,Mystery
9631,Mystery
10782,Mystery
9573,Mystery
241554,Mystery
2252,Mystery
69668,Mystery
11863,Mystery
9548,Mystery
9481,Mystery
593,Mystery
320,Mystery
10684,Mystery
9944,Mystery
10731,Mystery
768,Mystery
5955,Mystery
11439,Mystery
5503,Mystery
37233,Mystery
11560,Mystery
2637,Mystery
745,Mystery
10398,Mystery
4234,Mystery
19912,Mystery
48138,Mystery
1124,Mystery
1586,Mystery
2044,Mystery
9913,Mystery
11831,Mystery
41446,Mystery
8224,Mystery
55779,Mystery
13536,Mystery
30943,Mystery
19898,Mystery
8271,Mystery
622,Mystery
1091,Mystery
10871,Mystery
782,Mystery
152,Mystery
2118,Mystery
13515,Mystery
94348,Mystery
8197,Mystery
8836,Mystery
59965,Mystery
22787,Mystery
9616,Mystery
9311,Mystery
198663,Mystery
10685,Mystery
45612,Mystery
3594,Mystery
182,Mystery
11313,Mystery
807,Mystery
322,Mystery
273481,Mystery
3489,Mystery
11208,Mystery
8054,Mystery
9667,Mystery
2043,Mystery
2832,Mystery
9437,Mystery
186,Mystery
2666,Mystery
28355,Mystery
16617,Mystery
169917,Mystery
9358,Mystery
2057,Mystery
70436,Mystery
2779,Mystery
238615,Mystery
1985,Mystery
11024,Mystery
208763,Mystery
9286,Mystery
11096,Mystery
34813,Mystery
43931,Mystery
15992,Mystery
8338,Mystery
9729,Mystery
152742,Mystery
4233,Mystery
3600,Mystery
10866,Mystery
6973,Mystery
251,Mystery
1642,Mystery
270487,Mystery
204922,Mystery
4566,Mystery
1073,Mystery
49517,Mystery
8968,Mystery
9963,Mystery
21208,Mystery
14359,Mystery
9645,Mystery
617,Mystery
19904,Mystery
6933,Mystery
14043,Mystery
328387,Mystery
61012,Mystery
290751,Mystery
41402,Mystery
171274,Mystery
10740,Mystery
46503,Mystery
43935,Mystery
241257,Mystery
12150,Mystery
4232,Mystery
11377,Mystery
29427,Mystery
5279,Mystery
11904,Mystery
11644,Mystery
37903,Mystery
11468,Mystery
1933,Mystery
3597,Mystery
18615,Mystery
13788,Mystery
10956,Mystery
25166,Mystery
1090,Mystery
68727,Mystery
18777,Mystery
9276,Mystery
11531,Mystery
9424,Mystery
18681,Mystery
8053,Mystery
5236,Mystery
1018,Mystery
6687,Mystery
11190,Mystery
10185,Mystery
319910,Mystery
14435,Mystery
12403,Mystery
18041,Mystery
14033,Mystery
25208,Mystery
28211,Mystery
9504,Mystery
26688,Mystery
3049,Mystery
11601,Mystery
286565,Mystery
10944,Mystery
13079,Mystery
10133,Mystery
22804,Mystery
4657,Mystery
62,Mystery
1970,Mystery
321258,Mystery
44040,Mystery
22824,Mystery
9455,Mystery
328425,Mystery
11507,Mystery
14283,Mystery
134371,Mystery
10388,Mystery
47890,Mystery
252512,Mystery
9613,Mystery
12245,Mystery
293670,Mystery
291081,Mystery
11588,Mystery
13483,Mystery
10885,Mystery
11596,Mystery
1958,Mystery
30141,Mystery
13197,Mystery
44718,Mystery
1956,Mystery
46738,Mystery
11033,Mystery
347764,Mystery
35689,Mystery
837,Mystery
4997,Mystery
979,Mystery
77,Mystery
26748,Mystery
24913,Mystery
16148,Mystery
245916,Mystery
199933,Mystery
141,Mystery
36419,Mystery
34069,Mystery
512,Mystery
2370,Mystery
26268,Mystery
573,Mystery
310131,Mystery
25376,Mystery
20055,Mystery
39303,Mystery
241766,Mystery
13551,Mystery
805,Mystery
82507,Mystery
1685,Mystery
10225,Mystery
5780,Mystery
670,Mystery
260947,Mystery
351043,Mystery
10226,Mystery
10676,Mystery
50538,Mystery
8329,Mystery
69640,Mystery
92182,Mystery
35219,Mystery
3766,Mystery
12602,Mystery
309919,Mystery
26388,Mystery
592,Mystery
25428,Mystery
4174,Mystery
20156,Mystery
10972,Mystery
23963,Mystery
301325,Mystery
223,Mystery
176,Mystery
39939,Mystery
11219,Mystery
202604,Mystery
9707,Mystery
26791,Mystery
25983,Mystery
101179,Mystery
271185,Mystery
343409,Mystery
25212,Mystery
9022,Mystery
206197,Mystery
118612,Mystery
2667,Mystery
181940,Mystery
45649,Mystery
322194,Mystery
98568,Mystery
362765,Mystery
23827,Mystery
43743,Mystery
431,Mystery
1424,Mystery
29917,Mystery
36549,Mystery
86812,Mystery
51130,Mystery
473,Mystery
74777,Mystery
36095,Mystery
676,History
1966,History
616,History
12100,History
2024,History
1495,History
11322,History
205775,History
3131,History
76758,History
855,History
10733,History
2253,History
8665,History
921,History
4464,History
1904,History
76649,History
6538,History
612,History
1439,History
197,History
10590,History
152760,History
978,History
26428,History
300673,History
857,History
72976,History
1852,History
22954,History
9664,History
13922,History
72431,History
1722,History
8818,History
4517,History
16072,History
3683,History
97630,History
8741,History
300671,History
316152,History
10047,History
10533,History
113464,History
10858,History
10935,History
8095,History
79,History
9361,History
820,History
11831,History
1887,History
14392,History
19495,History
256040,History
44865,History
31908,History
365222,History
140823,History
1883,History
2447,History
88794,History
10410,History
4515,History
18320,History
26843,History
192136,History
18254,History
11400,History
76349,History
1874,History
11499,History
14292,History
15927,History
9549,History
61891,History
12783,History
1934,History
5902,History
10523,History
424,History
117,History
11969,History
746,History
4518,History
11165,History
319888,History
60309,History
293646,History
10655,History
38543,History
33157,History
6973,History
11156,History
30596,History
783,History
11661,History
76203,History
273895,History
314365,History
10139,History
2428,History
14582,History
14538,History
280871,History
6968,History
2669,History
17277,History
279,History
9829,History
321697,History
522,History
12246,History
127560,History
43434,History
69848,History
205,History
27759,History
18840,History
45269,History
205596,History
947,History
9026,History
2290,History
253450,History
31668,History
71688,History
10741,History
245700,History
9045,History
44092,History
16005,History
613,History
407887,History
11658,History
11202,History
387,History
14299,History
21345,History
358451,History
30973,History
42345,History
14877,History
96399,History
9289,History
14729,History
184374,History
10705,History
27329,History
8883,History
43418,History
19644,History
1116,History
11620,History
46138,History
3291,History
9555,History
2211,History
28089,History
642,History
13537,History
58882,History
16564,History
9443,History
1955,History
152532,History
24973,History
29996,History
46332,History
38428,History
17139,History
375290,History
5925,History
14902,History
22301,History
874,History
826,History
821,History
28005,History
549,History
281230,History
887,History
12228,History
12602,History
98549,History
159037,History
14048,History
72913,History
5769,History
18712,History
10105,History
9459,History
4107,History
319069,History
1779,History
676,War
1966,War
652,War
616,War
12100,War
2024,War
53182,War
1495,War
22972,War
76758,War
855,War
10733,War
2253,War
853,War
228150,War
5491,War
9567,War
9425,War
197,War
25,War
16869,War
10590,War
57212,War
152760,War
49017,War
10592,War
9703,War
857,War
227306,War
3536,War
1271,War
9664,War
9839,War
13922,War
190859,War
1370,War
72431,War
16072,War
3683,War
8741,War
300671,War
316152,War
10047,War
1368,War
10684,War
113464,War
12412,War
1369,War
193756,War
9361,War
8007,War
11858,War
19495,War
256040,War
409,War
423,War
9093,War
26843,War
11876,War
22267,War
182,War
28,War
4476,War
9665,War
76349,War
5902,War
7445,War
424,War
11165,War
22971,War
10655,War
8988,War
10313,War
256917,War
9075,War
11661,War
256962,War
14582,War
13405,War
62630,War
10364,War
205,War
1417,War
16351,War
744,War
205596,War
11778,War
947,War
12162,War
9104,War
53457,War
2604,War
10368,War
613,War
801,War
1251,War
79777,War
407887,War
14574,War
11658,War
75674,War
11202,War
387,War
41508,War
21345,War
50601,War
907,War
3175,War
9289,War
9952,War
184374,War
18516,War
31174,War
10705,War
27329,War
8883,War
43418,War
1116,War
17044,War
283708,War
25388,War
46738,War
792,War
16564,War
3482,War
29996,War
22649,War
17339,War
11600,War
299552,War
5925,War
770,War
29715,War
826,War
281230,War
43306,War
8885,War
935,War
11426,War
72913,War
43884,War
18712,War
10105,War
3060,War
10198,Music
16858,Music
55301,Music
49948,Music
10197,Music
2976,Music
23398,Music
80585,Music
59981,Music
82695,Music
9837,Music
13576,Music
786,Music
6477,Music
8818,Music
824,Music
224141,Music
2148,Music
64328,Music
4688,Music
9899,Music
1677,Music
209451,Music
11172,Music
10537,Music
14655,Music
12508,Music
6575,Music
85446,Music
24662,Music
2054,Music
1574,Music
18126,Music
3933,Music
10776,Music
12763,Music
239566,Music
254470,Music
69,Music
277216,Music
26320,Music
525,Music
63574,Music
37028,Music
619,Music
6116,Music
21724,Music
1788,Music
24961,Music
6478,Music
19366,Music
42586,Music
11661,Music
9473,Music
8872,Music
1584,Music
13497,Music
3989,Music
20391,Music
243,Music
9716,Music
42618,Music
109417,Music
46435,Music
23367,Music
3902,Music
40932,Music
73191,Music
22479,Music
279,Music
10028,Music
28665,Music
10560,Music
193613,Music
8328,Music
175541,Music
11113,Music
114150,Music
18074,Music
9781,Music
16769,Music
15765,Music
37003,Music
13816,Music
15237,Music
14024,Music
10186,Music
13501,Music
264999,Music
1931,Music
12637,Music
54518,Music
9816,Music
3682,Music
16,Music
9762,Music
10269,Music
17130,Music
101267,Music
14299,Music
11887,Music
86829,Music
13994,Music
304410,Music
17917,Music
12182,Music
88036,Music
9526,Music
164558,Music
24034,Music
14283,Music
256924,Music
66767,Music
27586,Music
12621,Music
1808,Music
67675,Music
25196,Music
16323,Music
14353,Music
15121,Music
1958,Music
198277,Music
30141,Music
24356,Music
535,Music
57825,Music
13649,Music
16620,Music
1725,Music
13370,Music
13403,Music
55567,Music
71,Music
244403,Music
27686,Music
10947,Music
16448,Music
14902,Music
25209,Music
35032,Music
12535,Music
75861,Music
292,Music
29463,Music
34099,Music
872,Music
43546,Music
17820,Music
19933,Music
756,Music
297621,Music
43839,Music
301351,Music
12109,Music
206296,Music
188652,Music
17768,Music
157293,Music
62677,Music
206284,Music
114065,Music
39833,Music
7944,Music
159014,Music
269057,Music
26837,Music
3080,Music
9459,Music
324322,Music
704,Music
23655,Music
30867,Music
285743,Music
3062,Music
464,Music
65203,Music
21525,Music
60463,Music
173224,Music
40920,Music
361398,Music
5723,Music
268917,Music
13963,Music
36970,Documentary
13576,Documentary
11516,Documentary
16290,Documentary
22074,Documentary
37003,Documentary
54518,Documentary
101267,Documentary
12094,Documentary
164558,Documentary
2359,Documentary
67675,Documentary
24977,Documentary
1777,Documentary
57612,Documentary
44260,Documentary
9012,Documentary
78394,Documentary
8847,Documentary
12486,Documentary
8357,Documentary
19153,Documentary
89708,Documentary
370662,Documentary
1667,Documentary
1430,Documentary
292,Documentary
17995,Documentary
43942,Documentary
291,Documentary
72914,Documentary
126509,Documentary
181330,Documentary
13007,Documentary
13518,Documentary
40428,Documentary
11194,Documentary
44639,Documentary
12901,Documentary
14284,Documentary
12228,Documentary
13516,Documentary
159037,Documentary
14048,Documentary
58492,Documentary
127918,Documentary
29595,Documentary
89750,Documentary
102840,Documentary
202604,Documentary
1781,Documentary
7944,Documentary
18570,Documentary
159014,Documentary
13508,Documentary
123678,Documentary
13362,Documentary
39183,Documentary
201132,Documentary
251471,Documentary
40862,Documentary
74510,Documentary
14275,Documentary
2287,Documentary
40658,Documentary
296943,Documentary
9459,Documentary
324322,Documentary
70875,Documentary
211086,Documentary
14358,Documentary
35199,Documentary
14271,Documentary
84401,Documentary
180383,Documentary
84318,Documentary
30867,Documentary
253261,Documentary
1282,Documentary
1435,Documentary
47546,Documentary
15800,Documentary
319069,Documentary
14278,Documentary
79161,Documentary
21525,Documentary
87943,Documentary
73981,Documentary
274758,Documentary
139948,Documentary
287815,Documentary
126141,Documentary
37985,Documentary
253290,Documentary
30979,Documentary
335244,Documentary
178862,Documentary
331745,Documentary
1779,Documentary
80215,Documentary
268917,Documentary
64973,Documentary
9372,Documentary
322745,Documentary
174362,Documentary
250902,Documentary
13963,Documentary
25975,Documentary
14652,Foreign
40880,Foreign
45138,Foreign
58051,Foreign
14608,Foreign
27329,Foreign
15699,Foreign
20360,Foreign
55903,Foreign
38415,Foreign
26665,Foreign
22908,Foreign
63006,Foreign
38428,Foreign
65749,Foreign
66607,Foreign
17139,Foreign
26379,Foreign
47452,Foreign
20468,Foreign
89540,Foreign
7509,Foreign
33106,Foreign
31163,Foreign
20653,Foreign
22600,Foreign
37232,Foreign
44413,Foreign
56666,Foreign
78705,Foreign
40658,Foreign
139948,Foreign
13898,Foreign
67238,Foreign
153397,TV Movie
78814,TV Movie
10947,TV Movie
158150,TV Movie
205321,TV Movie
22488,TV Movie
13187,TV Movie
231617,TV Movie
